Space name,Source Type,Package Name,Package Version,Ecosystem,Vulnerability ID,Severity,Aliases,Cwe_Ids,Severity_score,Group IDs,Experimental Analysis
,lockfile,fiona,1.8.21,PyPI,GHSA-g4m4-9q4c-mfw6,HIGH,,CWE-400,CVSS:4.0/AV:N/AC:L/AT:N/PR:N/UI:P/VC:H/VI:H/VA:H/SC:N/SI:N/SA:N,GHSA-g4m4-9q4c-mfw6,
,lockfile,fiona,1.8.21,PyPI,GHSA-q5fm-55c2-v6j9,CRITICAL,,"CWE-1395,CWE-190",CVSS:4.0/AV:N/AC:L/AT:N/PR:N/UI:N/VC:H/VI:H/VA:H/SC:N/SI:N/SA:N,GHSA-q5fm-55c2-v6j9,
,lockfile,fiona,1.8.22,PyPI,GHSA-g4m4-9q4c-mfw6,HIGH,,CWE-400,CVSS:4.0/AV:N/AC:L/AT:N/PR:N/UI:P/VC:H/VI:H/VA:H/SC:N/SI:N/SA:N,GHSA-g4m4-9q4c-mfw6,
,lockfile,fiona,1.8.22,PyPI,GHSA-q5fm-55c2-v6j9,CRITICAL,,"CWE-1395,CWE-190",CVSS:4.0/AV:N/AC:L/AT:N/PR:N/UI:N/VC:H/VI:H/VA:H/SC:N/SI:N/SA:N,GHSA-q5fm-55c2-v6j9,
,lockfile,fiona,1.9.1,PyPI,GHSA-g4m4-9q4c-mfw6,HIGH,,CWE-400,CVSS:4.0/AV:N/AC:L/AT:N/PR:N/UI:P/VC:H/VI:H/VA:H/SC:N/SI:N/SA:N,GHSA-g4m4-9q4c-mfw6,
,lockfile,fiona,1.9.1,PyPI,GHSA-q5fm-55c2-v6j9,CRITICAL,,"CWE-1395,CWE-190",CVSS:4.0/AV:N/AC:L/AT:N/PR:N/UI:N/VC:H/VI:H/VA:H/SC:N/SI:N/SA:N,GHSA-q5fm-55c2-v6j9,
,lockfile,fiona,1.9.2,PyPI,GHSA-g4m4-9q4c-mfw6,HIGH,,CWE-400,CVSS:4.0/AV:N/AC:L/AT:N/PR:N/UI:P/VC:H/VI:H/VA:H/SC:N/SI:N/SA:N,GHSA-g4m4-9q4c-mfw6,
,lockfile,fiona,1.9.2,PyPI,GHSA-q5fm-55c2-v6j9,CRITICAL,,"CWE-1395,CWE-190",CVSS:4.0/AV:N/AC:L/AT:N/PR:N/UI:N/VC:H/VI:H/VA:H/SC:N/SI:N/SA:N,GHSA-q5fm-55c2-v6j9,
,lockfile,fiona,1.9.4,PyPI,GHSA-g4m4-9q4c-mfw6,HIGH,,CWE-400,CVSS:4.0/AV:N/AC:L/AT:N/PR:N/UI:P/VC:H/VI:H/VA:H/SC:N/SI:N/SA:N,GHSA-g4m4-9q4c-mfw6,
,lockfile,fiona,1.9.4,PyPI,GHSA-q5fm-55c2-v6j9,CRITICAL,,"CWE-1395,CWE-190",CVSS:4.0/AV:N/AC:L/AT:N/PR:N/UI:N/VC:H/VI:H/VA:H/SC:N/SI:N/SA:N,GHSA-q5fm-55c2-v6j9,
,lockfile,invokeai,4.2.5,PyPI,GHSA-227r-w5j2-6243,CRITICAL,CVE-2024-11042,"CWE-20,CWE-22",CVSS:3.0/AV:N/AC:L/PR:N/UI:N/S:U/C:N/I:H/A:H,GHSA-227r-w5j2-6243,
,lockfile,invokeai,4.2.5,PyPI,GHSA-6f6x-f56q-5xgv,HIGH,CVE-2024-10821,CWE-400,CVSS:3.0/AV:N/AC:L/PR:N/UI:N/S:U/C:N/I:N/A:H,GHSA-6f6x-f56q-5xgv,
,lockfile,invokeai,4.2.5,PyPI,GHSA-ffh5-w482-c7m5,HIGH,CVE-2024-11043,CWE-400,CVSS:3.0/AV:N/AC:L/PR:N/UI:N/S:U/C:N/I:N/A:H,GHSA-ffh5-w482-c7m5,
,lockfile,owslib,0.27.2,PyPI,GHSA-8h9c-r582-mggc,HIGH,CVE-2023-27476,CWE-611,CVSS:4.0/AV:N/AC:L/AT:N/PR:N/UI:N/VC:H/VI:N/VA:L/SC:N/SI:N/SA:N,GHSA-8h9c-r582-mggc,
,lockfile,pymysql,1.0.2,PyPI,GHSA-v9hf-5j83-6xpp,CRITICAL,CVE-2024-36039,CWE-89,CVSS:3.1/AV:N/AC:L/PR:N/UI:N/S:U/C:H/I:H/A:H,GHSA-v9hf-5j83-6xpp,
,lockfile,pymysql,1.0.3,PyPI,GHSA-v9hf-5j83-6xpp,CRITICAL,CVE-2024-36039,CWE-89,CVSS:3.1/AV:N/AC:L/PR:N/UI:N/S:U/C:H/I:H/A:H,GHSA-v9hf-5j83-6xpp,
,lockfile,pymysql,1.1.0,PyPI,GHSA-v9hf-5j83-6xpp,CRITICAL,CVE-2024-36039,CWE-89,CVSS:3.1/AV:N/AC:L/PR:N/UI:N/S:U/C:H/I:H/A:H,GHSA-v9hf-5j83-6xpp,
,lockfile,pypdf2,1.26.0,PyPI,GHSA-jrm6-h9cq-8gqw,MODERATE,CVE-2023-36810,CWE-407,CVSS:3.1/AV:L/AC:L/PR:N/UI:N/S:U/C:N/I:N/A:H,GHSA-jrm6-h9cq-8gqw,
,lockfile,pypdf2,1.26.0,PyPI,GHSA-xcjx-m2pj-8g79,MODERATE,"CVE-2022-24859,PYSEC-2022-194",CWE-835,CVSS:4.0/AV:N/AC:L/AT:N/PR:N/UI:A/VC:N/VI:N/VA:H/SC:N/SI:N/SA:N,"PYSEC-2022-194,GHSA-xcjx-m2pj-8g79",
,lockfile,pypdf2,1.26.0,PyPI,PYSEC-2022-194,,"CVE-2022-24859,GHSA-xcjx-m2pj-8g79",,,"PYSEC-2022-194,GHSA-xcjx-m2pj-8g79",
,lockfile,pypdf2,1.27.0,PyPI,GHSA-jrm6-h9cq-8gqw,MODERATE,CVE-2023-36810,CWE-407,CVSS:3.1/AV:L/AC:L/PR:N/UI:N/S:U/C:N/I:N/A:H,GHSA-jrm6-h9cq-8gqw,
,lockfile,pypdf2,1.27.0,PyPI,GHSA-xcjx-m2pj-8g79,MODERATE,"CVE-2022-24859,PYSEC-2022-194",CWE-835,CVSS:4.0/AV:N/AC:L/AT:N/PR:N/UI:A/VC:N/VI:N/VA:H/SC:N/SI:N/SA:N,"PYSEC-2022-194,GHSA-xcjx-m2pj-8g79",
,lockfile,pypdf2,1.27.0,PyPI,PYSEC-2022-194,,"CVE-2022-24859,GHSA-xcjx-m2pj-8g79",,,"PYSEC-2022-194,GHSA-xcjx-m2pj-8g79",
,lockfile,pypdf2,2.10.0,PyPI,GHSA-4vvm-4w3v-6mr8,MODERATE,CVE-2023-36464,CWE-835,CVSS:3.1/AV:L/AC:L/PR:N/UI:N/S:U/C:N/I:N/A:H,GHSA-4vvm-4w3v-6mr8,
,lockfile,pypdf2,2.10.3,PyPI,GHSA-4vvm-4w3v-6mr8,MODERATE,CVE-2023-36464,CWE-835,CVSS:3.1/AV:L/AC:L/PR:N/UI:N/S:U/C:N/I:N/A:H,GHSA-4vvm-4w3v-6mr8,
,lockfile,pypdf2,2.10.5,PyPI,GHSA-4vvm-4w3v-6mr8,MODERATE,CVE-2023-36464,CWE-835,CVSS:3.1/AV:L/AC:L/PR:N/UI:N/S:U/C:N/I:N/A:H,GHSA-4vvm-4w3v-6mr8,
,lockfile,pypdf2,2.10.5,PyPI,GHSA-hm9v-vj3r-r55m,MODERATE,CVE-2023-36807,CWE-835,CVSS:3.1/AV:L/AC:L/PR:N/UI:N/S:U/C:N/I:N/A:H,GHSA-hm9v-vj3r-r55m,
,lockfile,pypdf2,2.10.9,PyPI,GHSA-4vvm-4w3v-6mr8,MODERATE,CVE-2023-36464,CWE-835,CVSS:3.1/AV:L/AC:L/PR:N/UI:N/S:U/C:N/I:N/A:H,GHSA-4vvm-4w3v-6mr8,
,lockfile,pypdf2,2.11.0,PyPI,GHSA-4vvm-4w3v-6mr8,MODERATE,CVE-2023-36464,CWE-835,CVSS:3.1/AV:L/AC:L/PR:N/UI:N/S:U/C:N/I:N/A:H,GHSA-4vvm-4w3v-6mr8,
,lockfile,pypdf2,2.11.1,PyPI,GHSA-4vvm-4w3v-6mr8,MODERATE,CVE-2023-36464,CWE-835,CVSS:3.1/AV:L/AC:L/PR:N/UI:N/S:U/C:N/I:N/A:H,GHSA-4vvm-4w3v-6mr8,
,lockfile,pypdf2,2.2.0,PyPI,GHSA-4vvm-4w3v-6mr8,MODERATE,CVE-2023-36464,CWE-835,CVSS:3.1/AV:L/AC:L/PR:N/UI:N/S:U/C:N/I:N/A:H,GHSA-4vvm-4w3v-6mr8,
,lockfile,pypdf2,2.9.0,PyPI,GHSA-4vvm-4w3v-6mr8,MODERATE,CVE-2023-36464,CWE-835,CVSS:3.1/AV:L/AC:L/PR:N/UI:N/S:U/C:N/I:N/A:H,GHSA-4vvm-4w3v-6mr8,
,lockfile,twisted,18.7.0,PyPI,GHSA-32gv-6cf3-wcmq,CRITICAL,,,,GHSA-32gv-6cf3-wcmq,
,lockfile,twisted,18.7.0,PyPI,GHSA-65rm-h285-5cc5,CRITICAL,"CVE-2019-12855,PYSEC-2019-129",CWE-295,CVSS:4.0/AV:N/AC:L/AT:P/PR:N/UI:N/VC:H/VI:H/VA:N/SC:N/SI:N/SA:N,"PYSEC-2019-129,GHSA-65rm-h285-5cc5",
,lockfile,twisted,18.7.0,PyPI,GHSA-6cc5-2vg4-cc7m,MODERATE,"CVE-2019-12387,PYSEC-2019-128","CWE-74,CWE-93",CVSS:4.0/AV:N/AC:L/AT:N/PR:N/UI:P/VC:N/VI:N/VA:N/SC:L/SI:L/SA:N,"PYSEC-2019-128,GHSA-6cc5-2vg4-cc7m",
,lockfile,twisted,18.7.0,PyPI,GHSA-8r99-h8j2-rw64,MODERATE,,,,GHSA-8r99-h8j2-rw64,
,lockfile,twisted,18.7.0,PyPI,GHSA-92x2-jw7w-xvvx,HIGH,"CVE-2022-21712,PYSEC-2022-27","CWE-200,CWE-346",CVSS:4.0/AV:N/AC:L/AT:N/PR:N/UI:N/VC:H/VI:N/VA:N/SC:N/SI:N/SA:N,"PYSEC-2022-27,GHSA-92x2-jw7w-xvvx",
,lockfile,twisted,18.7.0,PyPI,GHSA-c2jg-hw38-jrqq,CRITICAL,"CVE-2022-24801,PYSEC-2022-195",CWE-444,CVSS:4.0/AV:N/AC:L/AT:P/PR:N/UI:N/VC:H/VI:H/VA:H/SC:N/SI:N/SA:N,"PYSEC-2022-195,GHSA-c2jg-hw38-jrqq",
,lockfile,twisted,18.7.0,PyPI,GHSA-c8m8-j448-xjx7,MODERATE,CVE-2024-41671,CWE-444,CVSS:4.0/AV:N/AC:L/AT:N/PR:N/UI:N/VC:L/VI:L/VA:L/SC:L/SI:L/SA:L,GHSA-c8m8-j448-xjx7,
,lockfile,twisted,18.7.0,PyPI,GHSA-cf56-g6w6-pqq2,MODERATE,"CVE-2024-41810,PYSEC-2024-75",CWE-79,CVSS:4.0/AV:N/AC:L/AT:N/PR:N/UI:P/VC:N/VI:N/VA:N/SC:L/SI:L/SA:N,"PYSEC-2024-75,GHSA-cf56-g6w6-pqq2",
,lockfile,twisted,18.7.0,PyPI,GHSA-h96w-mmrf-2h6v,CRITICAL,"CVE-2020-10108,PYSEC-2020-259","CWE-20,CWE-444",CVSS:4.0/AV:N/AC:L/AT:N/PR:N/UI:N/VC:H/VI:H/VA:H/SC:N/SI:N/SA:N,"PYSEC-2020-259,GHSA-h96w-mmrf-2h6v",
,lockfile,twisted,18.7.0,PyPI,GHSA-p5xh-vx83-mxcj,CRITICAL,"CVE-2020-10109,PYSEC-2020-260",CWE-444,CVSS:4.0/AV:N/AC:L/AT:N/PR:N/UI:N/VC:H/VI:H/VA:H/SC:N/SI:N/SA:N,"PYSEC-2020-260,GHSA-p5xh-vx83-mxcj",
,lockfile,twisted,18.7.0,PyPI,GHSA-vg46-2rrj-3647,MODERATE,CVE-2022-39348,"CWE-79,CWE-80",CVSS:4.0/AV:N/AC:L/AT:N/PR:L/UI:P/VC:N/VI:N/VA:N/SC:L/SI:L/SA:N,GHSA-vg46-2rrj-3647,
,lockfile,twisted,18.7.0,PyPI,GHSA-xc8x-vp79-p3wm,MODERATE,"CVE-2023-46137,PYSEC-2023-224",CWE-444,CVSS:4.0/AV:N/AC:L/AT:N/PR:N/UI:N/VC:N/VI:L/VA:N/SC:N/SI:N/SA:N,"PYSEC-2023-224,GHSA-xc8x-vp79-p3wm",
,lockfile,twisted,18.7.0,PyPI,PYSEC-2019-128,,"CVE-2019-12387,GHSA-6cc5-2vg4-cc7m",,,"PYSEC-2019-128,GHSA-6cc5-2vg4-cc7m",
,lockfile,twisted,18.7.0,PyPI,PYSEC-2019-129,,"CVE-2019-12855,GHSA-65rm-h285-5cc5",,,"PYSEC-2019-129,GHSA-65rm-h285-5cc5",
,lockfile,twisted,18.7.0,PyPI,PYSEC-2020-259,,"CVE-2020-10108,GHSA-h96w-mmrf-2h6v",,,"PYSEC-2020-259,GHSA-h96w-mmrf-2h6v",
,lockfile,twisted,18.7.0,PyPI,PYSEC-2020-260,,"CVE-2020-10109,GHSA-p5xh-vx83-mxcj",,,"PYSEC-2020-260,GHSA-p5xh-vx83-mxcj",
,lockfile,twisted,18.7.0,PyPI,PYSEC-2022-195,,"CVE-2022-24801,GHSA-c2jg-hw38-jrqq",,,"PYSEC-2022-195,GHSA-c2jg-hw38-jrqq",
,lockfile,twisted,18.7.0,PyPI,PYSEC-2022-27,,"CVE-2022-21712,GHSA-92x2-jw7w-xvvx",,,"PYSEC-2022-27,GHSA-92x2-jw7w-xvvx",
,lockfile,twisted,18.7.0,PyPI,PYSEC-2023-224,,"CVE-2023-46137,GHSA-xc8x-vp79-p3wm",,CVSS:3.1/AV:N/AC:L/PR:N/UI:N/S:U/C:N/I:L/A:N,"PYSEC-2023-224,GHSA-xc8x-vp79-p3wm",
,lockfile,twisted,18.7.0,PyPI,PYSEC-2024-75,,"CVE-2024-41810,GHSA-cf56-g6w6-pqq2",,CVSS:3.1/AV:N/AC:L/PR:N/UI:R/S:C/C:L/I:L/A:N,"PYSEC-2024-75,GHSA-cf56-g6w6-pqq2",
,lockfile,twisted,21.7.0,PyPI,GHSA-92x2-jw7w-xvvx,HIGH,"CVE-2022-21712,PYSEC-2022-27","CWE-200,CWE-346",CVSS:4.0/AV:N/AC:L/AT:N/PR:N/UI:N/VC:H/VI:N/VA:N/SC:N/SI:N/SA:N,"PYSEC-2022-27,GHSA-92x2-jw7w-xvvx",
,lockfile,twisted,21.7.0,PyPI,GHSA-c2jg-hw38-jrqq,CRITICAL,"CVE-2022-24801,PYSEC-2022-195",CWE-444,CVSS:4.0/AV:N/AC:L/AT:P/PR:N/UI:N/VC:H/VI:H/VA:H/SC:N/SI:N/SA:N,"PYSEC-2022-195,GHSA-c2jg-hw38-jrqq",
,lockfile,twisted,21.7.0,PyPI,GHSA-c8m8-j448-xjx7,MODERATE,CVE-2024-41671,CWE-444,CVSS:4.0/AV:N/AC:L/AT:N/PR:N/UI:N/VC:L/VI:L/VA:L/SC:L/SI:L/SA:L,GHSA-c8m8-j448-xjx7,
,lockfile,twisted,21.7.0,PyPI,GHSA-cf56-g6w6-pqq2,MODERATE,"CVE-2024-41810,PYSEC-2024-75",CWE-79,CVSS:4.0/AV:N/AC:L/AT:N/PR:N/UI:P/VC:N/VI:N/VA:N/SC:L/SI:L/SA:N,"PYSEC-2024-75,GHSA-cf56-g6w6-pqq2",
,lockfile,twisted,21.7.0,PyPI,GHSA-rv6r-3f5q-9rgx,HIGH,"CVE-2022-21716,PYSEC-2022-160","CWE-120,CWE-770",CVSS:4.0/AV:N/AC:L/AT:N/PR:N/UI:N/VC:N/VI:N/VA:H/SC:N/SI:N/SA:N,"PYSEC-2022-160,GHSA-rv6r-3f5q-9rgx",
,lockfile,twisted,21.7.0,PyPI,GHSA-vg46-2rrj-3647,MODERATE,CVE-2022-39348,"CWE-79,CWE-80",CVSS:4.0/AV:N/AC:L/AT:N/PR:L/UI:P/VC:N/VI:N/VA:N/SC:L/SI:L/SA:N,GHSA-vg46-2rrj-3647,
,lockfile,twisted,21.7.0,PyPI,GHSA-xc8x-vp79-p3wm,MODERATE,"CVE-2023-46137,PYSEC-2023-224",CWE-444,CVSS:4.0/AV:N/AC:L/AT:N/PR:N/UI:N/VC:N/VI:L/VA:N/SC:N/SI:N/SA:N,"PYSEC-2023-224,GHSA-xc8x-vp79-p3wm",
,lockfile,twisted,21.7.0,PyPI,PYSEC-2022-160,,"CVE-2022-21716,GHSA-rv6r-3f5q-9rgx",,,"PYSEC-2022-160,GHSA-rv6r-3f5q-9rgx",
,lockfile,twisted,21.7.0,PyPI,PYSEC-2022-195,,"CVE-2022-24801,GHSA-c2jg-hw38-jrqq",,,"PYSEC-2022-195,GHSA-c2jg-hw38-jrqq",
,lockfile,twisted,21.7.0,PyPI,PYSEC-2022-27,,"CVE-2022-21712,GHSA-92x2-jw7w-xvvx",,,"PYSEC-2022-27,GHSA-92x2-jw7w-xvvx",
,lockfile,twisted,21.7.0,PyPI,PYSEC-2023-224,,"CVE-2023-46137,GHSA-xc8x-vp79-p3wm",,CVSS:3.1/AV:N/AC:L/PR:N/UI:N/S:U/C:N/I:L/A:N,"PYSEC-2023-224,GHSA-xc8x-vp79-p3wm",
,lockfile,twisted,21.7.0,PyPI,PYSEC-2024-75,,"CVE-2024-41810,GHSA-cf56-g6w6-pqq2",,CVSS:3.1/AV:N/AC:L/PR:N/UI:R/S:C/C:L/I:L/A:N,"PYSEC-2024-75,GHSA-cf56-g6w6-pqq2",
,lockfile,twisted,22.1.0,PyPI,GHSA-c2jg-hw38-jrqq,CRITICAL,"CVE-2022-24801,PYSEC-2022-195",CWE-444,CVSS:4.0/AV:N/AC:L/AT:P/PR:N/UI:N/VC:H/VI:H/VA:H/SC:N/SI:N/SA:N,"PYSEC-2022-195,GHSA-c2jg-hw38-jrqq",
,lockfile,twisted,22.1.0,PyPI,GHSA-c8m8-j448-xjx7,MODERATE,CVE-2024-41671,CWE-444,CVSS:4.0/AV:N/AC:L/AT:N/PR:N/UI:N/VC:L/VI:L/VA:L/SC:L/SI:L/SA:L,GHSA-c8m8-j448-xjx7,
,lockfile,twisted,22.1.0,PyPI,GHSA-cf56-g6w6-pqq2,MODERATE,"CVE-2024-41810,PYSEC-2024-75",CWE-79,CVSS:4.0/AV:N/AC:L/AT:N/PR:N/UI:P/VC:N/VI:N/VA:N/SC:L/SI:L/SA:N,"PYSEC-2024-75,GHSA-cf56-g6w6-pqq2",
,lockfile,twisted,22.1.0,PyPI,GHSA-rv6r-3f5q-9rgx,HIGH,"CVE-2022-21716,PYSEC-2022-160","CWE-120,CWE-770",CVSS:4.0/AV:N/AC:L/AT:N/PR:N/UI:N/VC:N/VI:N/VA:H/SC:N/SI:N/SA:N,"PYSEC-2022-160,GHSA-rv6r-3f5q-9rgx",
,lockfile,twisted,22.1.0,PyPI,GHSA-vg46-2rrj-3647,MODERATE,CVE-2022-39348,"CWE-79,CWE-80",CVSS:4.0/AV:N/AC:L/AT:N/PR:L/UI:P/VC:N/VI:N/VA:N/SC:L/SI:L/SA:N,GHSA-vg46-2rrj-3647,
,lockfile,twisted,22.1.0,PyPI,GHSA-xc8x-vp79-p3wm,MODERATE,"CVE-2023-46137,PYSEC-2023-224",CWE-444,CVSS:4.0/AV:N/AC:L/AT:N/PR:N/UI:N/VC:N/VI:L/VA:N/SC:N/SI:N/SA:N,"PYSEC-2023-224,GHSA-xc8x-vp79-p3wm",
,lockfile,twisted,22.1.0,PyPI,PYSEC-2022-160,,"CVE-2022-21716,GHSA-rv6r-3f5q-9rgx",,,"PYSEC-2022-160,GHSA-rv6r-3f5q-9rgx",
,lockfile,twisted,22.1.0,PyPI,PYSEC-2022-195,,"CVE-2022-24801,GHSA-c2jg-hw38-jrqq",,,"PYSEC-2022-195,GHSA-c2jg-hw38-jrqq",
,lockfile,twisted,22.1.0,PyPI,PYSEC-2023-224,,"CVE-2023-46137,GHSA-xc8x-vp79-p3wm",,CVSS:3.1/AV:N/AC:L/PR:N/UI:N/S:U/C:N/I:L/A:N,"PYSEC-2023-224,GHSA-xc8x-vp79-p3wm",
,lockfile,twisted,22.1.0,PyPI,PYSEC-2024-75,,"CVE-2024-41810,GHSA-cf56-g6w6-pqq2",,CVSS:3.1/AV:N/AC:L/PR:N/UI:R/S:C/C:L/I:L/A:N,"PYSEC-2024-75,GHSA-cf56-g6w6-pqq2",
,lockfile,twisted,22.10.0,PyPI,GHSA-c8m8-j448-xjx7,MODERATE,CVE-2024-41671,CWE-444,CVSS:4.0/AV:N/AC:L/AT:N/PR:N/UI:N/VC:L/VI:L/VA:L/SC:L/SI:L/SA:L,GHSA-c8m8-j448-xjx7,
,lockfile,twisted,22.10.0,PyPI,GHSA-cf56-g6w6-pqq2,MODERATE,"CVE-2024-41810,PYSEC-2024-75",CWE-79,CVSS:4.0/AV:N/AC:L/AT:N/PR:N/UI:P/VC:N/VI:N/VA:N/SC:L/SI:L/SA:N,"PYSEC-2024-75,GHSA-cf56-g6w6-pqq2",
,lockfile,twisted,22.10.0,PyPI,GHSA-xc8x-vp79-p3wm,MODERATE,"CVE-2023-46137,PYSEC-2023-224",CWE-444,CVSS:4.0/AV:N/AC:L/AT:N/PR:N/UI:N/VC:N/VI:L/VA:N/SC:N/SI:N/SA:N,"PYSEC-2023-224,GHSA-xc8x-vp79-p3wm",
,lockfile,twisted,22.10.0,PyPI,PYSEC-2023-224,,"CVE-2023-46137,GHSA-xc8x-vp79-p3wm",,CVSS:3.1/AV:N/AC:L/PR:N/UI:N/S:U/C:N/I:L/A:N,"PYSEC-2023-224,GHSA-xc8x-vp79-p3wm",
,lockfile,twisted,22.10.0,PyPI,PYSEC-2024-75,,"CVE-2024-41810,GHSA-cf56-g6w6-pqq2",,CVSS:3.1/AV:N/AC:L/PR:N/UI:R/S:C/C:L/I:L/A:N,"PYSEC-2024-75,GHSA-cf56-g6w6-pqq2",
,lockfile,twisted,22.2.0,PyPI,GHSA-c2jg-hw38-jrqq,CRITICAL,"CVE-2022-24801,PYSEC-2022-195",CWE-444,CVSS:4.0/AV:N/AC:L/AT:P/PR:N/UI:N/VC:H/VI:H/VA:H/SC:N/SI:N/SA:N,"PYSEC-2022-195,GHSA-c2jg-hw38-jrqq",
,lockfile,twisted,22.2.0,PyPI,GHSA-c8m8-j448-xjx7,MODERATE,CVE-2024-41671,CWE-444,CVSS:4.0/AV:N/AC:L/AT:N/PR:N/UI:N/VC:L/VI:L/VA:L/SC:L/SI:L/SA:L,GHSA-c8m8-j448-xjx7,
,lockfile,twisted,22.2.0,PyPI,GHSA-cf56-g6w6-pqq2,MODERATE,"CVE-2024-41810,PYSEC-2024-75",CWE-79,CVSS:4.0/AV:N/AC:L/AT:N/PR:N/UI:P/VC:N/VI:N/VA:N/SC:L/SI:L/SA:N,"PYSEC-2024-75,GHSA-cf56-g6w6-pqq2",
,lockfile,twisted,22.2.0,PyPI,GHSA-vg46-2rrj-3647,MODERATE,CVE-2022-39348,"CWE-79,CWE-80",CVSS:4.0/AV:N/AC:L/AT:N/PR:L/UI:P/VC:N/VI:N/VA:N/SC:L/SI:L/SA:N,GHSA-vg46-2rrj-3647,
,lockfile,twisted,22.2.0,PyPI,GHSA-xc8x-vp79-p3wm,MODERATE,"CVE-2023-46137,PYSEC-2023-224",CWE-444,CVSS:4.0/AV:N/AC:L/AT:N/PR:N/UI:N/VC:N/VI:L/VA:N/SC:N/SI:N/SA:N,"PYSEC-2023-224,GHSA-xc8x-vp79-p3wm",
,lockfile,twisted,22.2.0,PyPI,PYSEC-2022-195,,"CVE-2022-24801,GHSA-c2jg-hw38-jrqq",,,"PYSEC-2022-195,GHSA-c2jg-hw38-jrqq",
,lockfile,twisted,22.2.0,PyPI,PYSEC-2023-224,,"CVE-2023-46137,GHSA-xc8x-vp79-p3wm",,CVSS:3.1/AV:N/AC:L/PR:N/UI:N/S:U/C:N/I:L/A:N,"PYSEC-2023-224,GHSA-xc8x-vp79-p3wm",
,lockfile,twisted,22.2.0,PyPI,PYSEC-2024-75,,"CVE-2024-41810,GHSA-cf56-g6w6-pqq2",,CVSS:3.1/AV:N/AC:L/PR:N/UI:R/S:C/C:L/I:L/A:N,"PYSEC-2024-75,GHSA-cf56-g6w6-pqq2",
,lockfile,werkzeug,0.14.1,PyPI,GHSA-2g68-c3qc-8985,HIGH,"CGA-4f6v-wx38-68gq,CVE-2024-34069",CWE-352,CVSS:3.1/AV:N/AC:H/PR:N/UI:R/S:U/C:H/I:H/A:H,GHSA-2g68-c3qc-8985,
,lockfile,werkzeug,0.14.1,PyPI,GHSA-f9vj-2wh5-fj8j,MODERATE,CVE-2024-49766,CWE-22,CVSS:4.0/AV:N/AC:H/AT:N/PR:N/UI:N/VC:L/VI:N/VA:N/SC:N/SI:N/SA:N,GHSA-f9vj-2wh5-fj8j,
,lockfile,werkzeug,0.14.1,PyPI,GHSA-gq9m-qvpx-68hc,HIGH,"CVE-2019-14806,PYSEC-2019-140",CWE-331,CVSS:4.0/AV:N/AC:L/AT:N/PR:N/UI:N/VC:H/VI:N/VA:N/SC:N/SI:N/SA:N,"PYSEC-2019-140,GHSA-gq9m-qvpx-68hc",
,lockfile,werkzeug,0.14.1,PyPI,GHSA-hrfv-mqp8-q5rw,MODERATE,"CVE-2023-46136,PYSEC-2023-221","CWE-400,CWE-787",CVSS:3.1/AV:A/AC:L/PR:L/UI:N/S:U/C:N/I:N/A:H,"PYSEC-2023-221,GHSA-hrfv-mqp8-q5rw",
,lockfile,werkzeug,0.14.1,PyPI,GHSA-j544-7q9p-6xp8,HIGH,CVE-2019-14322,CWE-22,CVSS:3.1/AV:N/AC:L/PR:N/UI:N/S:U/C:H/I:N/A:N,GHSA-j544-7q9p-6xp8,
,lockfile,werkzeug,0.14.1,PyPI,GHSA-px8h-6qxv-m22q,LOW,"CVE-2023-23934,PYSEC-2023-57",CWE-20,CVSS:3.1/AV:A/AC:H/PR:N/UI:R/S:U/C:N/I:L/A:N,"PYSEC-2023-57,GHSA-px8h-6qxv-m22q",
,lockfile,werkzeug,0.14.1,PyPI,GHSA-q34m-jh98-gwm2,MODERATE,CVE-2024-49767,CWE-400,CVSS:4.0/AV:N/AC:L/AT:N/PR:N/UI:N/VC:N/VI:N/VA:L/SC:N/SI:N/SA:N,GHSA-q34m-jh98-gwm2,
,lockfile,werkzeug,0.14.1,PyPI,GHSA-xg9f-g7g7-2323,HIGH,"CVE-2023-25577,PYSEC-2023-58","CWE-400,CWE-770",CVSS:3.1/AV:N/AC:L/PR:N/UI:N/S:U/C:N/I:N/A:H,"PYSEC-2023-58,GHSA-xg9f-g7g7-2323",
,lockfile,werkzeug,0.14.1,PyPI,PYSEC-2019-140,,"CVE-2019-14806,GHSA-gq9m-qvpx-68hc",,,"PYSEC-2019-140,GHSA-gq9m-qvpx-68hc",
,lockfile,werkzeug,0.14.1,PyPI,PYSEC-2022-203,,CVE-2022-29361,,,PYSEC-2022-203,
,lockfile,werkzeug,0.14.1,PyPI,PYSEC-2023-221,,"CVE-2023-46136,GHSA-hrfv-mqp8-q5rw",,CVSS:3.1/AV:N/AC:L/PR:N/UI:N/S:U/C:N/I:N/A:H,"PYSEC-2023-221,GHSA-hrfv-mqp8-q5rw",
,lockfile,werkzeug,0.14.1,PyPI,PYSEC-2023-57,,"CVE-2023-23934,GHSA-px8h-6qxv-m22q",,,"PYSEC-2023-57,GHSA-px8h-6qxv-m22q",
,lockfile,werkzeug,0.14.1,PyPI,PYSEC-2023-58,,"CVE-2023-25577,GHSA-xg9f-g7g7-2323",,,"PYSEC-2023-58,GHSA-xg9f-g7g7-2323",
,lockfile,werkzeug,0.15.5,PyPI,GHSA-2g68-c3qc-8985,HIGH,"CGA-4f6v-wx38-68gq,CVE-2024-34069",CWE-352,CVSS:3.1/AV:N/AC:H/PR:N/UI:R/S:U/C:H/I:H/A:H,GHSA-2g68-c3qc-8985,
,lockfile,werkzeug,0.15.5,PyPI,GHSA-f9vj-2wh5-fj8j,MODERATE,CVE-2024-49766,CWE-22,CVSS:4.0/AV:N/AC:H/AT:N/PR:N/UI:N/VC:L/VI:N/VA:N/SC:N/SI:N/SA:N,GHSA-f9vj-2wh5-fj8j,
,lockfile,werkzeug,0.15.5,PyPI,GHSA-hrfv-mqp8-q5rw,MODERATE,"CVE-2023-46136,PYSEC-2023-221","CWE-400,CWE-787",CVSS:3.1/AV:A/AC:L/PR:L/UI:N/S:U/C:N/I:N/A:H,"PYSEC-2023-221,GHSA-hrfv-mqp8-q5rw",
,lockfile,werkzeug,0.15.5,PyPI,GHSA-px8h-6qxv-m22q,LOW,"CVE-2023-23934,PYSEC-2023-57",CWE-20,CVSS:3.1/AV:A/AC:H/PR:N/UI:R/S:U/C:N/I:L/A:N,"PYSEC-2023-57,GHSA-px8h-6qxv-m22q",
,lockfile,werkzeug,0.15.5,PyPI,GHSA-q34m-jh98-gwm2,MODERATE,CVE-2024-49767,CWE-400,CVSS:4.0/AV:N/AC:L/AT:N/PR:N/UI:N/VC:N/VI:N/VA:L/SC:N/SI:N/SA:N,GHSA-q34m-jh98-gwm2,
,lockfile,werkzeug,0.15.5,PyPI,GHSA-xg9f-g7g7-2323,HIGH,"CVE-2023-25577,PYSEC-2023-58","CWE-400,CWE-770",CVSS:3.1/AV:N/AC:L/PR:N/UI:N/S:U/C:N/I:N/A:H,"PYSEC-2023-58,GHSA-xg9f-g7g7-2323",
,lockfile,werkzeug,0.15.5,PyPI,PYSEC-2022-203,,CVE-2022-29361,,,PYSEC-2022-203,
,lockfile,werkzeug,0.15.5,PyPI,PYSEC-2023-221,,"CVE-2023-46136,GHSA-hrfv-mqp8-q5rw",,CVSS:3.1/AV:N/AC:L/PR:N/UI:N/S:U/C:N/I:N/A:H,"PYSEC-2023-221,GHSA-hrfv-mqp8-q5rw",
,lockfile,werkzeug,0.15.5,PyPI,PYSEC-2023-57,,"CVE-2023-23934,GHSA-px8h-6qxv-m22q",,,"PYSEC-2023-57,GHSA-px8h-6qxv-m22q",
,lockfile,werkzeug,0.15.5,PyPI,PYSEC-2023-58,,"CVE-2023-25577,GHSA-xg9f-g7g7-2323",,,"PYSEC-2023-58,GHSA-xg9f-g7g7-2323",
,lockfile,werkzeug,0.15.6,PyPI,GHSA-2g68-c3qc-8985,HIGH,"CGA-4f6v-wx38-68gq,CVE-2024-34069",CWE-352,CVSS:3.1/AV:N/AC:H/PR:N/UI:R/S:U/C:H/I:H/A:H,GHSA-2g68-c3qc-8985,
,lockfile,werkzeug,0.15.6,PyPI,GHSA-f9vj-2wh5-fj8j,MODERATE,CVE-2024-49766,CWE-22,CVSS:4.0/AV:N/AC:H/AT:N/PR:N/UI:N/VC:L/VI:N/VA:N/SC:N/SI:N/SA:N,GHSA-f9vj-2wh5-fj8j,
,lockfile,werkzeug,0.15.6,PyPI,GHSA-hrfv-mqp8-q5rw,MODERATE,"CVE-2023-46136,PYSEC-2023-221","CWE-400,CWE-787",CVSS:3.1/AV:A/AC:L/PR:L/UI:N/S:U/C:N/I:N/A:H,"PYSEC-2023-221,GHSA-hrfv-mqp8-q5rw",
,lockfile,werkzeug,0.15.6,PyPI,GHSA-px8h-6qxv-m22q,LOW,"CVE-2023-23934,PYSEC-2023-57",CWE-20,CVSS:3.1/AV:A/AC:H/PR:N/UI:R/S:U/C:N/I:L/A:N,"PYSEC-2023-57,GHSA-px8h-6qxv-m22q",
,lockfile,werkzeug,0.15.6,PyPI,GHSA-q34m-jh98-gwm2,MODERATE,CVE-2024-49767,CWE-400,CVSS:4.0/AV:N/AC:L/AT:N/PR:N/UI:N/VC:N/VI:N/VA:L/SC:N/SI:N/SA:N,GHSA-q34m-jh98-gwm2,
,lockfile,werkzeug,0.15.6,PyPI,GHSA-xg9f-g7g7-2323,HIGH,"CVE-2023-25577,PYSEC-2023-58","CWE-400,CWE-770",CVSS:3.1/AV:N/AC:L/PR:N/UI:N/S:U/C:N/I:N/A:H,"PYSEC-2023-58,GHSA-xg9f-g7g7-2323",
,lockfile,werkzeug,0.15.6,PyPI,PYSEC-2022-203,,CVE-2022-29361,,,PYSEC-2022-203,
,lockfile,werkzeug,0.15.6,PyPI,PYSEC-2023-221,,"CVE-2023-46136,GHSA-hrfv-mqp8-q5rw",,CVSS:3.1/AV:N/AC:L/PR:N/UI:N/S:U/C:N/I:N/A:H,"PYSEC-2023-221,GHSA-hrfv-mqp8-q5rw",
,lockfile,werkzeug,0.15.6,PyPI,PYSEC-2023-57,,"CVE-2023-23934,GHSA-px8h-6qxv-m22q",,,"PYSEC-2023-57,GHSA-px8h-6qxv-m22q",
,lockfile,werkzeug,0.15.6,PyPI,PYSEC-2023-58,,"CVE-2023-25577,GHSA-xg9f-g7g7-2323",,,"PYSEC-2023-58,GHSA-xg9f-g7g7-2323",
,lockfile,werkzeug,0.16.0,PyPI,GHSA-2g68-c3qc-8985,HIGH,"CGA-4f6v-wx38-68gq,CVE-2024-34069",CWE-352,CVSS:3.1/AV:N/AC:H/PR:N/UI:R/S:U/C:H/I:H/A:H,GHSA-2g68-c3qc-8985,
,lockfile,werkzeug,0.16.0,PyPI,GHSA-f9vj-2wh5-fj8j,MODERATE,CVE-2024-49766,CWE-22,CVSS:4.0/AV:N/AC:H/AT:N/PR:N/UI:N/VC:L/VI:N/VA:N/SC:N/SI:N/SA:N,GHSA-f9vj-2wh5-fj8j,
,lockfile,werkzeug,0.16.0,PyPI,GHSA-hrfv-mqp8-q5rw,MODERATE,"CVE-2023-46136,PYSEC-2023-221","CWE-400,CWE-787",CVSS:3.1/AV:A/AC:L/PR:L/UI:N/S:U/C:N/I:N/A:H,"PYSEC-2023-221,GHSA-hrfv-mqp8-q5rw",
,lockfile,werkzeug,0.16.0,PyPI,GHSA-px8h-6qxv-m22q,LOW,"CVE-2023-23934,PYSEC-2023-57",CWE-20,CVSS:3.1/AV:A/AC:H/PR:N/UI:R/S:U/C:N/I:L/A:N,"PYSEC-2023-57,GHSA-px8h-6qxv-m22q",
,lockfile,werkzeug,0.16.0,PyPI,GHSA-q34m-jh98-gwm2,MODERATE,CVE-2024-49767,CWE-400,CVSS:4.0/AV:N/AC:L/AT:N/PR:N/UI:N/VC:N/VI:N/VA:L/SC:N/SI:N/SA:N,GHSA-q34m-jh98-gwm2,
,lockfile,werkzeug,0.16.0,PyPI,GHSA-xg9f-g7g7-2323,HIGH,"CVE-2023-25577,PYSEC-2023-58","CWE-400,CWE-770",CVSS:3.1/AV:N/AC:L/PR:N/UI:N/S:U/C:N/I:N/A:H,"PYSEC-2023-58,GHSA-xg9f-g7g7-2323",
,lockfile,werkzeug,0.16.0,PyPI,PYSEC-2022-203,,CVE-2022-29361,,,PYSEC-2022-203,
,lockfile,werkzeug,0.16.0,PyPI,PYSEC-2023-221,,"CVE-2023-46136,GHSA-hrfv-mqp8-q5rw",,CVSS:3.1/AV:N/AC:L/PR:N/UI:N/S:U/C:N/I:N/A:H,"PYSEC-2023-221,GHSA-hrfv-mqp8-q5rw",
,lockfile,werkzeug,0.16.0,PyPI,PYSEC-2023-57,,"CVE-2023-23934,GHSA-px8h-6qxv-m22q",,,"PYSEC-2023-57,GHSA-px8h-6qxv-m22q",
,lockfile,werkzeug,0.16.0,PyPI,PYSEC-2023-58,,"CVE-2023-25577,GHSA-xg9f-g7g7-2323",,,"PYSEC-2023-58,GHSA-xg9f-g7g7-2323",
,lockfile,werkzeug,0.16.1,PyPI,GHSA-2g68-c3qc-8985,HIGH,"CGA-4f6v-wx38-68gq,CVE-2024-34069",CWE-352,CVSS:3.1/AV:N/AC:H/PR:N/UI:R/S:U/C:H/I:H/A:H,GHSA-2g68-c3qc-8985,
,lockfile,werkzeug,0.16.1,PyPI,GHSA-f9vj-2wh5-fj8j,MODERATE,CVE-2024-49766,CWE-22,CVSS:4.0/AV:N/AC:H/AT:N/PR:N/UI:N/VC:L/VI:N/VA:N/SC:N/SI:N/SA:N,GHSA-f9vj-2wh5-fj8j,
,lockfile,werkzeug,0.16.1,PyPI,GHSA-hrfv-mqp8-q5rw,MODERATE,"CVE-2023-46136,PYSEC-2023-221","CWE-400,CWE-787",CVSS:3.1/AV:A/AC:L/PR:L/UI:N/S:U/C:N/I:N/A:H,"PYSEC-2023-221,GHSA-hrfv-mqp8-q5rw",
,lockfile,werkzeug,0.16.1,PyPI,GHSA-px8h-6qxv-m22q,LOW,"CVE-2023-23934,PYSEC-2023-57",CWE-20,CVSS:3.1/AV:A/AC:H/PR:N/UI:R/S:U/C:N/I:L/A:N,"PYSEC-2023-57,GHSA-px8h-6qxv-m22q",
,lockfile,werkzeug,0.16.1,PyPI,GHSA-q34m-jh98-gwm2,MODERATE,CVE-2024-49767,CWE-400,CVSS:4.0/AV:N/AC:L/AT:N/PR:N/UI:N/VC:N/VI:N/VA:L/SC:N/SI:N/SA:N,GHSA-q34m-jh98-gwm2,
,lockfile,werkzeug,0.16.1,PyPI,GHSA-xg9f-g7g7-2323,HIGH,"CVE-2023-25577,PYSEC-2023-58","CWE-400,CWE-770",CVSS:3.1/AV:N/AC:L/PR:N/UI:N/S:U/C:N/I:N/A:H,"PYSEC-2023-58,GHSA-xg9f-g7g7-2323",
,lockfile,werkzeug,0.16.1,PyPI,PYSEC-2022-203,,CVE-2022-29361,,,PYSEC-2022-203,
,lockfile,werkzeug,0.16.1,PyPI,PYSEC-2023-221,,"CVE-2023-46136,GHSA-hrfv-mqp8-q5rw",,CVSS:3.1/AV:N/AC:L/PR:N/UI:N/S:U/C:N/I:N/A:H,"PYSEC-2023-221,GHSA-hrfv-mqp8-q5rw",
,lockfile,werkzeug,0.16.1,PyPI,PYSEC-2023-57,,"CVE-2023-23934,GHSA-px8h-6qxv-m22q",,,"PYSEC-2023-57,GHSA-px8h-6qxv-m22q",
,lockfile,werkzeug,0.16.1,PyPI,PYSEC-2023-58,,"CVE-2023-25577,GHSA-xg9f-g7g7-2323",,,"PYSEC-2023-58,GHSA-xg9f-g7g7-2323",
,lockfile,werkzeug,1.0.1,PyPI,GHSA-2g68-c3qc-8985,HIGH,"CGA-4f6v-wx38-68gq,CVE-2024-34069",CWE-352,CVSS:3.1/AV:N/AC:H/PR:N/UI:R/S:U/C:H/I:H/A:H,GHSA-2g68-c3qc-8985,
,lockfile,werkzeug,1.0.1,PyPI,GHSA-f9vj-2wh5-fj8j,MODERATE,CVE-2024-49766,CWE-22,CVSS:4.0/AV:N/AC:H/AT:N/PR:N/UI:N/VC:L/VI:N/VA:N/SC:N/SI:N/SA:N,GHSA-f9vj-2wh5-fj8j,
,lockfile,werkzeug,1.0.1,PyPI,GHSA-hrfv-mqp8-q5rw,MODERATE,"CVE-2023-46136,PYSEC-2023-221","CWE-400,CWE-787",CVSS:3.1/AV:A/AC:L/PR:L/UI:N/S:U/C:N/I:N/A:H,"PYSEC-2023-221,GHSA-hrfv-mqp8-q5rw",
,lockfile,werkzeug,1.0.1,PyPI,GHSA-px8h-6qxv-m22q,LOW,"CVE-2023-23934,PYSEC-2023-57",CWE-20,CVSS:3.1/AV:A/AC:H/PR:N/UI:R/S:U/C:N/I:L/A:N,"PYSEC-2023-57,GHSA-px8h-6qxv-m22q",
,lockfile,werkzeug,1.0.1,PyPI,GHSA-q34m-jh98-gwm2,MODERATE,CVE-2024-49767,CWE-400,CVSS:4.0/AV:N/AC:L/AT:N/PR:N/UI:N/VC:N/VI:N/VA:L/SC:N/SI:N/SA:N,GHSA-q34m-jh98-gwm2,
,lockfile,werkzeug,1.0.1,PyPI,GHSA-xg9f-g7g7-2323,HIGH,"CVE-2023-25577,PYSEC-2023-58","CWE-400,CWE-770",CVSS:3.1/AV:N/AC:L/PR:N/UI:N/S:U/C:N/I:N/A:H,"PYSEC-2023-58,GHSA-xg9f-g7g7-2323",
,lockfile,werkzeug,1.0.1,PyPI,PYSEC-2022-203,,CVE-2022-29361,,,PYSEC-2022-203,
,lockfile,werkzeug,1.0.1,PyPI,PYSEC-2023-221,,"CVE-2023-46136,GHSA-hrfv-mqp8-q5rw",,CVSS:3.1/AV:N/AC:L/PR:N/UI:N/S:U/C:N/I:N/A:H,"PYSEC-2023-221,GHSA-hrfv-mqp8-q5rw",
,lockfile,werkzeug,1.0.1,PyPI,PYSEC-2023-57,,"CVE-2023-23934,GHSA-px8h-6qxv-m22q",,,"PYSEC-2023-57,GHSA-px8h-6qxv-m22q",
,lockfile,werkzeug,1.0.1,PyPI,PYSEC-2023-58,,"CVE-2023-25577,GHSA-xg9f-g7g7-2323",,,"PYSEC-2023-58,GHSA-xg9f-g7g7-2323",
,lockfile,werkzeug,2.0.0,PyPI,GHSA-2g68-c3qc-8985,HIGH,"CGA-4f6v-wx38-68gq,CVE-2024-34069",CWE-352,CVSS:3.1/AV:N/AC:H/PR:N/UI:R/S:U/C:H/I:H/A:H,GHSA-2g68-c3qc-8985,
,lockfile,werkzeug,2.0.0,PyPI,GHSA-f9vj-2wh5-fj8j,MODERATE,CVE-2024-49766,CWE-22,CVSS:4.0/AV:N/AC:H/AT:N/PR:N/UI:N/VC:L/VI:N/VA:N/SC:N/SI:N/SA:N,GHSA-f9vj-2wh5-fj8j,
,lockfile,werkzeug,2.0.0,PyPI,GHSA-hrfv-mqp8-q5rw,MODERATE,"CVE-2023-46136,PYSEC-2023-221","CWE-400,CWE-787",CVSS:3.1/AV:A/AC:L/PR:L/UI:N/S:U/C:N/I:N/A:H,"PYSEC-2023-221,GHSA-hrfv-mqp8-q5rw",
,lockfile,werkzeug,2.0.0,PyPI,GHSA-px8h-6qxv-m22q,LOW,"CVE-2023-23934,PYSEC-2023-57",CWE-20,CVSS:3.1/AV:A/AC:H/PR:N/UI:R/S:U/C:N/I:L/A:N,"PYSEC-2023-57,GHSA-px8h-6qxv-m22q",
,lockfile,werkzeug,2.0.0,PyPI,GHSA-q34m-jh98-gwm2,MODERATE,CVE-2024-49767,CWE-400,CVSS:4.0/AV:N/AC:L/AT:N/PR:N/UI:N/VC:N/VI:N/VA:L/SC:N/SI:N/SA:N,GHSA-q34m-jh98-gwm2,
,lockfile,werkzeug,2.0.0,PyPI,GHSA-xg9f-g7g7-2323,HIGH,"CVE-2023-25577,PYSEC-2023-58","CWE-400,CWE-770",CVSS:3.1/AV:N/AC:L/PR:N/UI:N/S:U/C:N/I:N/A:H,"PYSEC-2023-58,GHSA-xg9f-g7g7-2323",
,lockfile,werkzeug,2.0.0,PyPI,PYSEC-2022-203,,CVE-2022-29361,,,PYSEC-2022-203,
,lockfile,werkzeug,2.0.0,PyPI,PYSEC-2023-221,,"CVE-2023-46136,GHSA-hrfv-mqp8-q5rw",,CVSS:3.1/AV:N/AC:L/PR:N/UI:N/S:U/C:N/I:N/A:H,"PYSEC-2023-221,GHSA-hrfv-mqp8-q5rw",
,lockfile,werkzeug,2.0.0,PyPI,PYSEC-2023-57,,"CVE-2023-23934,GHSA-px8h-6qxv-m22q",,,"PYSEC-2023-57,GHSA-px8h-6qxv-m22q",
,lockfile,werkzeug,2.0.0,PyPI,PYSEC-2023-58,,"CVE-2023-25577,GHSA-xg9f-g7g7-2323",,,"PYSEC-2023-58,GHSA-xg9f-g7g7-2323",
,lockfile,werkzeug,2.0.1,PyPI,GHSA-2g68-c3qc-8985,HIGH,"CGA-4f6v-wx38-68gq,CVE-2024-34069",CWE-352,CVSS:3.1/AV:N/AC:H/PR:N/UI:R/S:U/C:H/I:H/A:H,GHSA-2g68-c3qc-8985,
,lockfile,werkzeug,2.0.1,PyPI,GHSA-f9vj-2wh5-fj8j,MODERATE,CVE-2024-49766,CWE-22,CVSS:4.0/AV:N/AC:H/AT:N/PR:N/UI:N/VC:L/VI:N/VA:N/SC:N/SI:N/SA:N,GHSA-f9vj-2wh5-fj8j,
,lockfile,werkzeug,2.0.1,PyPI,GHSA-hrfv-mqp8-q5rw,MODERATE,"CVE-2023-46136,PYSEC-2023-221","CWE-400,CWE-787",CVSS:3.1/AV:A/AC:L/PR:L/UI:N/S:U/C:N/I:N/A:H,"PYSEC-2023-221,GHSA-hrfv-mqp8-q5rw",
,lockfile,werkzeug,2.0.1,PyPI,GHSA-px8h-6qxv-m22q,LOW,"CVE-2023-23934,PYSEC-2023-57",CWE-20,CVSS:3.1/AV:A/AC:H/PR:N/UI:R/S:U/C:N/I:L/A:N,"PYSEC-2023-57,GHSA-px8h-6qxv-m22q",
,lockfile,werkzeug,2.0.1,PyPI,GHSA-q34m-jh98-gwm2,MODERATE,CVE-2024-49767,CWE-400,CVSS:4.0/AV:N/AC:L/AT:N/PR:N/UI:N/VC:N/VI:N/VA:L/SC:N/SI:N/SA:N,GHSA-q34m-jh98-gwm2,
,lockfile,werkzeug,2.0.1,PyPI,GHSA-xg9f-g7g7-2323,HIGH,"CVE-2023-25577,PYSEC-2023-58","CWE-400,CWE-770",CVSS:3.1/AV:N/AC:L/PR:N/UI:N/S:U/C:N/I:N/A:H,"PYSEC-2023-58,GHSA-xg9f-g7g7-2323",
,lockfile,werkzeug,2.0.1,PyPI,PYSEC-2022-203,,CVE-2022-29361,,,PYSEC-2022-203,
,lockfile,werkzeug,2.0.1,PyPI,PYSEC-2023-221,,"CVE-2023-46136,GHSA-hrfv-mqp8-q5rw",,CVSS:3.1/AV:N/AC:L/PR:N/UI:N/S:U/C:N/I:N/A:H,"PYSEC-2023-221,GHSA-hrfv-mqp8-q5rw",
,lockfile,werkzeug,2.0.1,PyPI,PYSEC-2023-57,,"CVE-2023-23934,GHSA-px8h-6qxv-m22q",,,"PYSEC-2023-57,GHSA-px8h-6qxv-m22q",
,lockfile,werkzeug,2.0.1,PyPI,PYSEC-2023-58,,"CVE-2023-25577,GHSA-xg9f-g7g7-2323",,,"PYSEC-2023-58,GHSA-xg9f-g7g7-2323",
,lockfile,werkzeug,2.0.2,PyPI,GHSA-2g68-c3qc-8985,HIGH,"CGA-4f6v-wx38-68gq,CVE-2024-34069",CWE-352,CVSS:3.1/AV:N/AC:H/PR:N/UI:R/S:U/C:H/I:H/A:H,GHSA-2g68-c3qc-8985,
,lockfile,werkzeug,2.0.2,PyPI,GHSA-f9vj-2wh5-fj8j,MODERATE,CVE-2024-49766,CWE-22,CVSS:4.0/AV:N/AC:H/AT:N/PR:N/UI:N/VC:L/VI:N/VA:N/SC:N/SI:N/SA:N,GHSA-f9vj-2wh5-fj8j,
,lockfile,werkzeug,2.0.2,PyPI,GHSA-hrfv-mqp8-q5rw,MODERATE,"CVE-2023-46136,PYSEC-2023-221","CWE-400,CWE-787",CVSS:3.1/AV:A/AC:L/PR:L/UI:N/S:U/C:N/I:N/A:H,"PYSEC-2023-221,GHSA-hrfv-mqp8-q5rw",
,lockfile,werkzeug,2.0.2,PyPI,GHSA-px8h-6qxv-m22q,LOW,"CVE-2023-23934,PYSEC-2023-57",CWE-20,CVSS:3.1/AV:A/AC:H/PR:N/UI:R/S:U/C:N/I:L/A:N,"PYSEC-2023-57,GHSA-px8h-6qxv-m22q",
,lockfile,werkzeug,2.0.2,PyPI,GHSA-q34m-jh98-gwm2,MODERATE,CVE-2024-49767,CWE-400,CVSS:4.0/AV:N/AC:L/AT:N/PR:N/UI:N/VC:N/VI:N/VA:L/SC:N/SI:N/SA:N,GHSA-q34m-jh98-gwm2,
,lockfile,werkzeug,2.0.2,PyPI,GHSA-xg9f-g7g7-2323,HIGH,"CVE-2023-25577,PYSEC-2023-58","CWE-400,CWE-770",CVSS:3.1/AV:N/AC:L/PR:N/UI:N/S:U/C:N/I:N/A:H,"PYSEC-2023-58,GHSA-xg9f-g7g7-2323",
,lockfile,werkzeug,2.0.2,PyPI,PYSEC-2022-203,,CVE-2022-29361,,,PYSEC-2022-203,
,lockfile,werkzeug,2.0.2,PyPI,PYSEC-2023-221,,"CVE-2023-46136,GHSA-hrfv-mqp8-q5rw",,CVSS:3.1/AV:N/AC:L/PR:N/UI:N/S:U/C:N/I:N/A:H,"PYSEC-2023-221,GHSA-hrfv-mqp8-q5rw",
,lockfile,werkzeug,2.0.2,PyPI,PYSEC-2023-57,,"CVE-2023-23934,GHSA-px8h-6qxv-m22q",,,"PYSEC-2023-57,GHSA-px8h-6qxv-m22q",
,lockfile,werkzeug,2.0.2,PyPI,PYSEC-2023-58,,"CVE-2023-25577,GHSA-xg9f-g7g7-2323",,,"PYSEC-2023-58,GHSA-xg9f-g7g7-2323",
,lockfile,werkzeug,2.0.3,PyPI,GHSA-2g68-c3qc-8985,HIGH,"CGA-4f6v-wx38-68gq,CVE-2024-34069",CWE-352,CVSS:3.1/AV:N/AC:H/PR:N/UI:R/S:U/C:H/I:H/A:H,GHSA-2g68-c3qc-8985,
,lockfile,werkzeug,2.0.3,PyPI,GHSA-f9vj-2wh5-fj8j,MODERATE,CVE-2024-49766,CWE-22,CVSS:4.0/AV:N/AC:H/AT:N/PR:N/UI:N/VC:L/VI:N/VA:N/SC:N/SI:N/SA:N,GHSA-f9vj-2wh5-fj8j,
,lockfile,werkzeug,2.0.3,PyPI,GHSA-hrfv-mqp8-q5rw,MODERATE,"CVE-2023-46136,PYSEC-2023-221","CWE-400,CWE-787",CVSS:3.1/AV:A/AC:L/PR:L/UI:N/S:U/C:N/I:N/A:H,"PYSEC-2023-221,GHSA-hrfv-mqp8-q5rw",
,lockfile,werkzeug,2.0.3,PyPI,GHSA-px8h-6qxv-m22q,LOW,"CVE-2023-23934,PYSEC-2023-57",CWE-20,CVSS:3.1/AV:A/AC:H/PR:N/UI:R/S:U/C:N/I:L/A:N,"PYSEC-2023-57,GHSA-px8h-6qxv-m22q",
,lockfile,werkzeug,2.0.3,PyPI,GHSA-q34m-jh98-gwm2,MODERATE,CVE-2024-49767,CWE-400,CVSS:4.0/AV:N/AC:L/AT:N/PR:N/UI:N/VC:N/VI:N/VA:L/SC:N/SI:N/SA:N,GHSA-q34m-jh98-gwm2,
,lockfile,werkzeug,2.0.3,PyPI,GHSA-xg9f-g7g7-2323,HIGH,"CVE-2023-25577,PYSEC-2023-58","CWE-400,CWE-770",CVSS:3.1/AV:N/AC:L/PR:N/UI:N/S:U/C:N/I:N/A:H,"PYSEC-2023-58,GHSA-xg9f-g7g7-2323",
,lockfile,werkzeug,2.0.3,PyPI,PYSEC-2022-203,,CVE-2022-29361,,,PYSEC-2022-203,
,lockfile,werkzeug,2.0.3,PyPI,PYSEC-2023-221,,"CVE-2023-46136,GHSA-hrfv-mqp8-q5rw",,CVSS:3.1/AV:N/AC:L/PR:N/UI:N/S:U/C:N/I:N/A:H,"PYSEC-2023-221,GHSA-hrfv-mqp8-q5rw",
,lockfile,werkzeug,2.0.3,PyPI,PYSEC-2023-57,,"CVE-2023-23934,GHSA-px8h-6qxv-m22q",,,"PYSEC-2023-57,GHSA-px8h-6qxv-m22q",
,lockfile,werkzeug,2.0.3,PyPI,PYSEC-2023-58,,"CVE-2023-25577,GHSA-xg9f-g7g7-2323",,,"PYSEC-2023-58,GHSA-xg9f-g7g7-2323",
,lockfile,werkzeug,2.1.0,PyPI,GHSA-2g68-c3qc-8985,HIGH,"CGA-4f6v-wx38-68gq,CVE-2024-34069",CWE-352,CVSS:3.1/AV:N/AC:H/PR:N/UI:R/S:U/C:H/I:H/A:H,GHSA-2g68-c3qc-8985,
,lockfile,werkzeug,2.1.0,PyPI,GHSA-f9vj-2wh5-fj8j,MODERATE,CVE-2024-49766,CWE-22,CVSS:4.0/AV:N/AC:H/AT:N/PR:N/UI:N/VC:L/VI:N/VA:N/SC:N/SI:N/SA:N,GHSA-f9vj-2wh5-fj8j,
,lockfile,werkzeug,2.1.0,PyPI,GHSA-hrfv-mqp8-q5rw,MODERATE,"CVE-2023-46136,PYSEC-2023-221","CWE-400,CWE-787",CVSS:3.1/AV:A/AC:L/PR:L/UI:N/S:U/C:N/I:N/A:H,"PYSEC-2023-221,GHSA-hrfv-mqp8-q5rw",
,lockfile,werkzeug,2.1.0,PyPI,GHSA-px8h-6qxv-m22q,LOW,"CVE-2023-23934,PYSEC-2023-57",CWE-20,CVSS:3.1/AV:A/AC:H/PR:N/UI:R/S:U/C:N/I:L/A:N,"PYSEC-2023-57,GHSA-px8h-6qxv-m22q",
,lockfile,werkzeug,2.1.0,PyPI,GHSA-q34m-jh98-gwm2,MODERATE,CVE-2024-49767,CWE-400,CVSS:4.0/AV:N/AC:L/AT:N/PR:N/UI:N/VC:N/VI:N/VA:L/SC:N/SI:N/SA:N,GHSA-q34m-jh98-gwm2,
,lockfile,werkzeug,2.1.0,PyPI,GHSA-xg9f-g7g7-2323,HIGH,"CVE-2023-25577,PYSEC-2023-58","CWE-400,CWE-770",CVSS:3.1/AV:N/AC:L/PR:N/UI:N/S:U/C:N/I:N/A:H,"PYSEC-2023-58,GHSA-xg9f-g7g7-2323",
,lockfile,werkzeug,2.1.0,PyPI,PYSEC-2022-203,,CVE-2022-29361,,,PYSEC-2022-203,
,lockfile,werkzeug,2.1.0,PyPI,PYSEC-2023-221,,"CVE-2023-46136,GHSA-hrfv-mqp8-q5rw",,CVSS:3.1/AV:N/AC:L/PR:N/UI:N/S:U/C:N/I:N/A:H,"PYSEC-2023-221,GHSA-hrfv-mqp8-q5rw",
,lockfile,werkzeug,2.1.0,PyPI,PYSEC-2023-57,,"CVE-2023-23934,GHSA-px8h-6qxv-m22q",,,"PYSEC-2023-57,GHSA-px8h-6qxv-m22q",
,lockfile,werkzeug,2.1.0,PyPI,PYSEC-2023-58,,"CVE-2023-25577,GHSA-xg9f-g7g7-2323",,,"PYSEC-2023-58,GHSA-xg9f-g7g7-2323",
,lockfile,werkzeug,2.1.1,PyPI,GHSA-2g68-c3qc-8985,HIGH,"CGA-4f6v-wx38-68gq,CVE-2024-34069",CWE-352,CVSS:3.1/AV:N/AC:H/PR:N/UI:R/S:U/C:H/I:H/A:H,GHSA-2g68-c3qc-8985,
,lockfile,werkzeug,2.1.1,PyPI,GHSA-f9vj-2wh5-fj8j,MODERATE,CVE-2024-49766,CWE-22,CVSS:4.0/AV:N/AC:H/AT:N/PR:N/UI:N/VC:L/VI:N/VA:N/SC:N/SI:N/SA:N,GHSA-f9vj-2wh5-fj8j,
,lockfile,werkzeug,2.1.1,PyPI,GHSA-hrfv-mqp8-q5rw,MODERATE,"CVE-2023-46136,PYSEC-2023-221","CWE-400,CWE-787",CVSS:3.1/AV:A/AC:L/PR:L/UI:N/S:U/C:N/I:N/A:H,"PYSEC-2023-221,GHSA-hrfv-mqp8-q5rw",
,lockfile,werkzeug,2.1.1,PyPI,GHSA-px8h-6qxv-m22q,LOW,"CVE-2023-23934,PYSEC-2023-57",CWE-20,CVSS:3.1/AV:A/AC:H/PR:N/UI:R/S:U/C:N/I:L/A:N,"PYSEC-2023-57,GHSA-px8h-6qxv-m22q",
,lockfile,werkzeug,2.1.1,PyPI,GHSA-q34m-jh98-gwm2,MODERATE,CVE-2024-49767,CWE-400,CVSS:4.0/AV:N/AC:L/AT:N/PR:N/UI:N/VC:N/VI:N/VA:L/SC:N/SI:N/SA:N,GHSA-q34m-jh98-gwm2,
,lockfile,werkzeug,2.1.1,PyPI,GHSA-xg9f-g7g7-2323,HIGH,"CVE-2023-25577,PYSEC-2023-58","CWE-400,CWE-770",CVSS:3.1/AV:N/AC:L/PR:N/UI:N/S:U/C:N/I:N/A:H,"PYSEC-2023-58,GHSA-xg9f-g7g7-2323",
,lockfile,werkzeug,2.1.1,PyPI,PYSEC-2023-221,,"CVE-2023-46136,GHSA-hrfv-mqp8-q5rw",,CVSS:3.1/AV:N/AC:L/PR:N/UI:N/S:U/C:N/I:N/A:H,"PYSEC-2023-221,GHSA-hrfv-mqp8-q5rw",
,lockfile,werkzeug,2.1.1,PyPI,PYSEC-2023-57,,"CVE-2023-23934,GHSA-px8h-6qxv-m22q",,,"PYSEC-2023-57,GHSA-px8h-6qxv-m22q",
,lockfile,werkzeug,2.1.1,PyPI,PYSEC-2023-58,,"CVE-2023-25577,GHSA-xg9f-g7g7-2323",,,"PYSEC-2023-58,GHSA-xg9f-g7g7-2323",
,lockfile,werkzeug,2.1.2,PyPI,GHSA-2g68-c3qc-8985,HIGH,"CGA-4f6v-wx38-68gq,CVE-2024-34069",CWE-352,CVSS:3.1/AV:N/AC:H/PR:N/UI:R/S:U/C:H/I:H/A:H,GHSA-2g68-c3qc-8985,
,lockfile,werkzeug,2.1.2,PyPI,GHSA-f9vj-2wh5-fj8j,MODERATE,CVE-2024-49766,CWE-22,CVSS:4.0/AV:N/AC:H/AT:N/PR:N/UI:N/VC:L/VI:N/VA:N/SC:N/SI:N/SA:N,GHSA-f9vj-2wh5-fj8j,
,lockfile,werkzeug,2.1.2,PyPI,GHSA-hrfv-mqp8-q5rw,MODERATE,"CVE-2023-46136,PYSEC-2023-221","CWE-400,CWE-787",CVSS:3.1/AV:A/AC:L/PR:L/UI:N/S:U/C:N/I:N/A:H,"PYSEC-2023-221,GHSA-hrfv-mqp8-q5rw",
,lockfile,werkzeug,2.1.2,PyPI,GHSA-px8h-6qxv-m22q,LOW,"CVE-2023-23934,PYSEC-2023-57",CWE-20,CVSS:3.1/AV:A/AC:H/PR:N/UI:R/S:U/C:N/I:L/A:N,"PYSEC-2023-57,GHSA-px8h-6qxv-m22q",
,lockfile,werkzeug,2.1.2,PyPI,GHSA-q34m-jh98-gwm2,MODERATE,CVE-2024-49767,CWE-400,CVSS:4.0/AV:N/AC:L/AT:N/PR:N/UI:N/VC:N/VI:N/VA:L/SC:N/SI:N/SA:N,GHSA-q34m-jh98-gwm2,
,lockfile,werkzeug,2.1.2,PyPI,GHSA-xg9f-g7g7-2323,HIGH,"CVE-2023-25577,PYSEC-2023-58","CWE-400,CWE-770",CVSS:3.1/AV:N/AC:L/PR:N/UI:N/S:U/C:N/I:N/A:H,"PYSEC-2023-58,GHSA-xg9f-g7g7-2323",
,lockfile,werkzeug,2.1.2,PyPI,PYSEC-2023-221,,"CVE-2023-46136,GHSA-hrfv-mqp8-q5rw",,CVSS:3.1/AV:N/AC:L/PR:N/UI:N/S:U/C:N/I:N/A:H,"PYSEC-2023-221,GHSA-hrfv-mqp8-q5rw",
,lockfile,werkzeug,2.1.2,PyPI,PYSEC-2023-57,,"CVE-2023-23934,GHSA-px8h-6qxv-m22q",,,"PYSEC-2023-57,GHSA-px8h-6qxv-m22q",
,lockfile,werkzeug,2.1.2,PyPI,PYSEC-2023-58,,"CVE-2023-25577,GHSA-xg9f-g7g7-2323",,,"PYSEC-2023-58,GHSA-xg9f-g7g7-2323",
,lockfile,werkzeug,2.2.0,PyPI,GHSA-2g68-c3qc-8985,HIGH,"CGA-4f6v-wx38-68gq,CVE-2024-34069",CWE-352,CVSS:3.1/AV:N/AC:H/PR:N/UI:R/S:U/C:H/I:H/A:H,GHSA-2g68-c3qc-8985,
,lockfile,werkzeug,2.2.0,PyPI,GHSA-f9vj-2wh5-fj8j,MODERATE,CVE-2024-49766,CWE-22,CVSS:4.0/AV:N/AC:H/AT:N/PR:N/UI:N/VC:L/VI:N/VA:N/SC:N/SI:N/SA:N,GHSA-f9vj-2wh5-fj8j,
,lockfile,werkzeug,2.2.0,PyPI,GHSA-hrfv-mqp8-q5rw,MODERATE,"CVE-2023-46136,PYSEC-2023-221","CWE-400,CWE-787",CVSS:3.1/AV:A/AC:L/PR:L/UI:N/S:U/C:N/I:N/A:H,"PYSEC-2023-221,GHSA-hrfv-mqp8-q5rw",
,lockfile,werkzeug,2.2.0,PyPI,GHSA-px8h-6qxv-m22q,LOW,"CVE-2023-23934,PYSEC-2023-57",CWE-20,CVSS:3.1/AV:A/AC:H/PR:N/UI:R/S:U/C:N/I:L/A:N,"PYSEC-2023-57,GHSA-px8h-6qxv-m22q",
,lockfile,werkzeug,2.2.0,PyPI,GHSA-q34m-jh98-gwm2,MODERATE,CVE-2024-49767,CWE-400,CVSS:4.0/AV:N/AC:L/AT:N/PR:N/UI:N/VC:N/VI:N/VA:L/SC:N/SI:N/SA:N,GHSA-q34m-jh98-gwm2,
,lockfile,werkzeug,2.2.0,PyPI,GHSA-xg9f-g7g7-2323,HIGH,"CVE-2023-25577,PYSEC-2023-58","CWE-400,CWE-770",CVSS:3.1/AV:N/AC:L/PR:N/UI:N/S:U/C:N/I:N/A:H,"PYSEC-2023-58,GHSA-xg9f-g7g7-2323",
,lockfile,werkzeug,2.2.0,PyPI,PYSEC-2023-221,,"CVE-2023-46136,GHSA-hrfv-mqp8-q5rw",,CVSS:3.1/AV:N/AC:L/PR:N/UI:N/S:U/C:N/I:N/A:H,"PYSEC-2023-221,GHSA-hrfv-mqp8-q5rw",
,lockfile,werkzeug,2.2.0,PyPI,PYSEC-2023-57,,"CVE-2023-23934,GHSA-px8h-6qxv-m22q",,,"PYSEC-2023-57,GHSA-px8h-6qxv-m22q",
,lockfile,werkzeug,2.2.0,PyPI,PYSEC-2023-58,,"CVE-2023-25577,GHSA-xg9f-g7g7-2323",,,"PYSEC-2023-58,GHSA-xg9f-g7g7-2323",
,lockfile,werkzeug,2.2.1,PyPI,GHSA-2g68-c3qc-8985,HIGH,"CGA-4f6v-wx38-68gq,CVE-2024-34069",CWE-352,CVSS:3.1/AV:N/AC:H/PR:N/UI:R/S:U/C:H/I:H/A:H,GHSA-2g68-c3qc-8985,
,lockfile,werkzeug,2.2.1,PyPI,GHSA-f9vj-2wh5-fj8j,MODERATE,CVE-2024-49766,CWE-22,CVSS:4.0/AV:N/AC:H/AT:N/PR:N/UI:N/VC:L/VI:N/VA:N/SC:N/SI:N/SA:N,GHSA-f9vj-2wh5-fj8j,
,lockfile,werkzeug,2.2.1,PyPI,GHSA-hrfv-mqp8-q5rw,MODERATE,"CVE-2023-46136,PYSEC-2023-221","CWE-400,CWE-787",CVSS:3.1/AV:A/AC:L/PR:L/UI:N/S:U/C:N/I:N/A:H,"PYSEC-2023-221,GHSA-hrfv-mqp8-q5rw",
,lockfile,werkzeug,2.2.1,PyPI,GHSA-px8h-6qxv-m22q,LOW,"CVE-2023-23934,PYSEC-2023-57",CWE-20,CVSS:3.1/AV:A/AC:H/PR:N/UI:R/S:U/C:N/I:L/A:N,"PYSEC-2023-57,GHSA-px8h-6qxv-m22q",
,lockfile,werkzeug,2.2.1,PyPI,GHSA-q34m-jh98-gwm2,MODERATE,CVE-2024-49767,CWE-400,CVSS:4.0/AV:N/AC:L/AT:N/PR:N/UI:N/VC:N/VI:N/VA:L/SC:N/SI:N/SA:N,GHSA-q34m-jh98-gwm2,
,lockfile,werkzeug,2.2.1,PyPI,GHSA-xg9f-g7g7-2323,HIGH,"CVE-2023-25577,PYSEC-2023-58","CWE-400,CWE-770",CVSS:3.1/AV:N/AC:L/PR:N/UI:N/S:U/C:N/I:N/A:H,"PYSEC-2023-58,GHSA-xg9f-g7g7-2323",
,lockfile,werkzeug,2.2.1,PyPI,PYSEC-2023-221,,"CVE-2023-46136,GHSA-hrfv-mqp8-q5rw",,CVSS:3.1/AV:N/AC:L/PR:N/UI:N/S:U/C:N/I:N/A:H,"PYSEC-2023-221,GHSA-hrfv-mqp8-q5rw",
,lockfile,werkzeug,2.2.1,PyPI,PYSEC-2023-57,,"CVE-2023-23934,GHSA-px8h-6qxv-m22q",,,"PYSEC-2023-57,GHSA-px8h-6qxv-m22q",
,lockfile,werkzeug,2.2.1,PyPI,PYSEC-2023-58,,"CVE-2023-25577,GHSA-xg9f-g7g7-2323",,,"PYSEC-2023-58,GHSA-xg9f-g7g7-2323",
,lockfile,werkzeug,2.2.2,PyPI,GHSA-2g68-c3qc-8985,HIGH,"CGA-4f6v-wx38-68gq,CVE-2024-34069",CWE-352,CVSS:3.1/AV:N/AC:H/PR:N/UI:R/S:U/C:H/I:H/A:H,GHSA-2g68-c3qc-8985,
,lockfile,werkzeug,2.2.2,PyPI,GHSA-f9vj-2wh5-fj8j,MODERATE,CVE-2024-49766,CWE-22,CVSS:4.0/AV:N/AC:H/AT:N/PR:N/UI:N/VC:L/VI:N/VA:N/SC:N/SI:N/SA:N,GHSA-f9vj-2wh5-fj8j,
,lockfile,werkzeug,2.2.2,PyPI,GHSA-hrfv-mqp8-q5rw,MODERATE,"CVE-2023-46136,PYSEC-2023-221","CWE-400,CWE-787",CVSS:3.1/AV:A/AC:L/PR:L/UI:N/S:U/C:N/I:N/A:H,"PYSEC-2023-221,GHSA-hrfv-mqp8-q5rw",
,lockfile,werkzeug,2.2.2,PyPI,GHSA-px8h-6qxv-m22q,LOW,"CVE-2023-23934,PYSEC-2023-57",CWE-20,CVSS:3.1/AV:A/AC:H/PR:N/UI:R/S:U/C:N/I:L/A:N,"PYSEC-2023-57,GHSA-px8h-6qxv-m22q",
,lockfile,werkzeug,2.2.2,PyPI,GHSA-q34m-jh98-gwm2,MODERATE,CVE-2024-49767,CWE-400,CVSS:4.0/AV:N/AC:L/AT:N/PR:N/UI:N/VC:N/VI:N/VA:L/SC:N/SI:N/SA:N,GHSA-q34m-jh98-gwm2,
,lockfile,werkzeug,2.2.2,PyPI,GHSA-xg9f-g7g7-2323,HIGH,"CVE-2023-25577,PYSEC-2023-58","CWE-400,CWE-770",CVSS:3.1/AV:N/AC:L/PR:N/UI:N/S:U/C:N/I:N/A:H,"PYSEC-2023-58,GHSA-xg9f-g7g7-2323",
,lockfile,werkzeug,2.2.2,PyPI,PYSEC-2023-221,,"CVE-2023-46136,GHSA-hrfv-mqp8-q5rw",,CVSS:3.1/AV:N/AC:L/PR:N/UI:N/S:U/C:N/I:N/A:H,"PYSEC-2023-221,GHSA-hrfv-mqp8-q5rw",
,lockfile,werkzeug,2.2.2,PyPI,PYSEC-2023-57,,"CVE-2023-23934,GHSA-px8h-6qxv-m22q",,,"PYSEC-2023-57,GHSA-px8h-6qxv-m22q",
,lockfile,werkzeug,2.2.2,PyPI,PYSEC-2023-58,,"CVE-2023-25577,GHSA-xg9f-g7g7-2323",,,"PYSEC-2023-58,GHSA-xg9f-g7g7-2323",
,lockfile,werkzeug,2.2.3,PyPI,GHSA-2g68-c3qc-8985,HIGH,"CGA-4f6v-wx38-68gq,CVE-2024-34069",CWE-352,CVSS:3.1/AV:N/AC:H/PR:N/UI:R/S:U/C:H/I:H/A:H,GHSA-2g68-c3qc-8985,
,lockfile,werkzeug,2.2.3,PyPI,GHSA-f9vj-2wh5-fj8j,MODERATE,CVE-2024-49766,CWE-22,CVSS:4.0/AV:N/AC:H/AT:N/PR:N/UI:N/VC:L/VI:N/VA:N/SC:N/SI:N/SA:N,GHSA-f9vj-2wh5-fj8j,
,lockfile,werkzeug,2.2.3,PyPI,GHSA-hrfv-mqp8-q5rw,MODERATE,"CVE-2023-46136,PYSEC-2023-221","CWE-400,CWE-787",CVSS:3.1/AV:A/AC:L/PR:L/UI:N/S:U/C:N/I:N/A:H,"PYSEC-2023-221,GHSA-hrfv-mqp8-q5rw",
,lockfile,werkzeug,2.2.3,PyPI,GHSA-q34m-jh98-gwm2,MODERATE,CVE-2024-49767,CWE-400,CVSS:4.0/AV:N/AC:L/AT:N/PR:N/UI:N/VC:N/VI:N/VA:L/SC:N/SI:N/SA:N,GHSA-q34m-jh98-gwm2,
,lockfile,werkzeug,2.2.3,PyPI,PYSEC-2023-221,,"CVE-2023-46136,GHSA-hrfv-mqp8-q5rw",,CVSS:3.1/AV:N/AC:L/PR:N/UI:N/S:U/C:N/I:N/A:H,"PYSEC-2023-221,GHSA-hrfv-mqp8-q5rw",
,lockfile,werkzeug,2.3.0,PyPI,GHSA-2g68-c3qc-8985,HIGH,"CGA-4f6v-wx38-68gq,CVE-2024-34069",CWE-352,CVSS:3.1/AV:N/AC:H/PR:N/UI:R/S:U/C:H/I:H/A:H,GHSA-2g68-c3qc-8985,
,lockfile,werkzeug,2.3.0,PyPI,GHSA-f9vj-2wh5-fj8j,MODERATE,CVE-2024-49766,CWE-22,CVSS:4.0/AV:N/AC:H/AT:N/PR:N/UI:N/VC:L/VI:N/VA:N/SC:N/SI:N/SA:N,GHSA-f9vj-2wh5-fj8j,
,lockfile,werkzeug,2.3.0,PyPI,GHSA-hrfv-mqp8-q5rw,MODERATE,"CVE-2023-46136,PYSEC-2023-221","CWE-400,CWE-787",CVSS:3.1/AV:A/AC:L/PR:L/UI:N/S:U/C:N/I:N/A:H,"PYSEC-2023-221,GHSA-hrfv-mqp8-q5rw",
,lockfile,werkzeug,2.3.0,PyPI,GHSA-q34m-jh98-gwm2,MODERATE,CVE-2024-49767,CWE-400,CVSS:4.0/AV:N/AC:L/AT:N/PR:N/UI:N/VC:N/VI:N/VA:L/SC:N/SI:N/SA:N,GHSA-q34m-jh98-gwm2,
,lockfile,werkzeug,2.3.0,PyPI,PYSEC-2023-221,,"CVE-2023-46136,GHSA-hrfv-mqp8-q5rw",,CVSS:3.1/AV:N/AC:L/PR:N/UI:N/S:U/C:N/I:N/A:H,"PYSEC-2023-221,GHSA-hrfv-mqp8-q5rw",
,lockfile,werkzeug,2.3.1,PyPI,GHSA-2g68-c3qc-8985,HIGH,"CGA-4f6v-wx38-68gq,CVE-2024-34069",CWE-352,CVSS:3.1/AV:N/AC:H/PR:N/UI:R/S:U/C:H/I:H/A:H,GHSA-2g68-c3qc-8985,
,lockfile,werkzeug,2.3.1,PyPI,GHSA-f9vj-2wh5-fj8j,MODERATE,CVE-2024-49766,CWE-22,CVSS:4.0/AV:N/AC:H/AT:N/PR:N/UI:N/VC:L/VI:N/VA:N/SC:N/SI:N/SA:N,GHSA-f9vj-2wh5-fj8j,
,lockfile,werkzeug,2.3.1,PyPI,GHSA-hrfv-mqp8-q5rw,MODERATE,"CVE-2023-46136,PYSEC-2023-221","CWE-400,CWE-787",CVSS:3.1/AV:A/AC:L/PR:L/UI:N/S:U/C:N/I:N/A:H,"PYSEC-2023-221,GHSA-hrfv-mqp8-q5rw",
,lockfile,werkzeug,2.3.1,PyPI,GHSA-q34m-jh98-gwm2,MODERATE,CVE-2024-49767,CWE-400,CVSS:4.0/AV:N/AC:L/AT:N/PR:N/UI:N/VC:N/VI:N/VA:L/SC:N/SI:N/SA:N,GHSA-q34m-jh98-gwm2,
,lockfile,werkzeug,2.3.1,PyPI,PYSEC-2023-221,,"CVE-2023-46136,GHSA-hrfv-mqp8-q5rw",,CVSS:3.1/AV:N/AC:L/PR:N/UI:N/S:U/C:N/I:N/A:H,"PYSEC-2023-221,GHSA-hrfv-mqp8-q5rw",
,lockfile,werkzeug,2.3.2,PyPI,GHSA-2g68-c3qc-8985,HIGH,"CGA-4f6v-wx38-68gq,CVE-2024-34069",CWE-352,CVSS:3.1/AV:N/AC:H/PR:N/UI:R/S:U/C:H/I:H/A:H,GHSA-2g68-c3qc-8985,
,lockfile,werkzeug,2.3.2,PyPI,GHSA-f9vj-2wh5-fj8j,MODERATE,CVE-2024-49766,CWE-22,CVSS:4.0/AV:N/AC:H/AT:N/PR:N/UI:N/VC:L/VI:N/VA:N/SC:N/SI:N/SA:N,GHSA-f9vj-2wh5-fj8j,
,lockfile,werkzeug,2.3.2,PyPI,GHSA-hrfv-mqp8-q5rw,MODERATE,"CVE-2023-46136,PYSEC-2023-221","CWE-400,CWE-787",CVSS:3.1/AV:A/AC:L/PR:L/UI:N/S:U/C:N/I:N/A:H,"PYSEC-2023-221,GHSA-hrfv-mqp8-q5rw",
,lockfile,werkzeug,2.3.2,PyPI,GHSA-q34m-jh98-gwm2,MODERATE,CVE-2024-49767,CWE-400,CVSS:4.0/AV:N/AC:L/AT:N/PR:N/UI:N/VC:N/VI:N/VA:L/SC:N/SI:N/SA:N,GHSA-q34m-jh98-gwm2,
,lockfile,werkzeug,2.3.2,PyPI,PYSEC-2023-221,,"CVE-2023-46136,GHSA-hrfv-mqp8-q5rw",,CVSS:3.1/AV:N/AC:L/PR:N/UI:N/S:U/C:N/I:N/A:H,"PYSEC-2023-221,GHSA-hrfv-mqp8-q5rw",
,lockfile,werkzeug,2.3.3,PyPI,GHSA-2g68-c3qc-8985,HIGH,"CGA-4f6v-wx38-68gq,CVE-2024-34069",CWE-352,CVSS:3.1/AV:N/AC:H/PR:N/UI:R/S:U/C:H/I:H/A:H,GHSA-2g68-c3qc-8985,
,lockfile,werkzeug,2.3.3,PyPI,GHSA-f9vj-2wh5-fj8j,MODERATE,CVE-2024-49766,CWE-22,CVSS:4.0/AV:N/AC:H/AT:N/PR:N/UI:N/VC:L/VI:N/VA:N/SC:N/SI:N/SA:N,GHSA-f9vj-2wh5-fj8j,
,lockfile,werkzeug,2.3.3,PyPI,GHSA-hrfv-mqp8-q5rw,MODERATE,"CVE-2023-46136,PYSEC-2023-221","CWE-400,CWE-787",CVSS:3.1/AV:A/AC:L/PR:L/UI:N/S:U/C:N/I:N/A:H,"PYSEC-2023-221,GHSA-hrfv-mqp8-q5rw",
,lockfile,werkzeug,2.3.3,PyPI,GHSA-q34m-jh98-gwm2,MODERATE,CVE-2024-49767,CWE-400,CVSS:4.0/AV:N/AC:L/AT:N/PR:N/UI:N/VC:N/VI:N/VA:L/SC:N/SI:N/SA:N,GHSA-q34m-jh98-gwm2,
,lockfile,werkzeug,2.3.3,PyPI,PYSEC-2023-221,,"CVE-2023-46136,GHSA-hrfv-mqp8-q5rw",,CVSS:3.1/AV:N/AC:L/PR:N/UI:N/S:U/C:N/I:N/A:H,"PYSEC-2023-221,GHSA-hrfv-mqp8-q5rw",
,lockfile,werkzeug,2.3.4,PyPI,GHSA-2g68-c3qc-8985,HIGH,"CGA-4f6v-wx38-68gq,CVE-2024-34069",CWE-352,CVSS:3.1/AV:N/AC:H/PR:N/UI:R/S:U/C:H/I:H/A:H,GHSA-2g68-c3qc-8985,
,lockfile,werkzeug,2.3.4,PyPI,GHSA-f9vj-2wh5-fj8j,MODERATE,CVE-2024-49766,CWE-22,CVSS:4.0/AV:N/AC:H/AT:N/PR:N/UI:N/VC:L/VI:N/VA:N/SC:N/SI:N/SA:N,GHSA-f9vj-2wh5-fj8j,
,lockfile,werkzeug,2.3.4,PyPI,GHSA-hrfv-mqp8-q5rw,MODERATE,"CVE-2023-46136,PYSEC-2023-221","CWE-400,CWE-787",CVSS:3.1/AV:A/AC:L/PR:L/UI:N/S:U/C:N/I:N/A:H,"PYSEC-2023-221,GHSA-hrfv-mqp8-q5rw",
,lockfile,werkzeug,2.3.4,PyPI,GHSA-q34m-jh98-gwm2,MODERATE,CVE-2024-49767,CWE-400,CVSS:4.0/AV:N/AC:L/AT:N/PR:N/UI:N/VC:N/VI:N/VA:L/SC:N/SI:N/SA:N,GHSA-q34m-jh98-gwm2,
,lockfile,werkzeug,2.3.4,PyPI,PYSEC-2023-221,,"CVE-2023-46136,GHSA-hrfv-mqp8-q5rw",,CVSS:3.1/AV:N/AC:L/PR:N/UI:N/S:U/C:N/I:N/A:H,"PYSEC-2023-221,GHSA-hrfv-mqp8-q5rw",
,lockfile,werkzeug,2.3.5,PyPI,GHSA-2g68-c3qc-8985,HIGH,"CGA-4f6v-wx38-68gq,CVE-2024-34069",CWE-352,CVSS:3.1/AV:N/AC:H/PR:N/UI:R/S:U/C:H/I:H/A:H,GHSA-2g68-c3qc-8985,
,lockfile,werkzeug,2.3.5,PyPI,GHSA-f9vj-2wh5-fj8j,MODERATE,CVE-2024-49766,CWE-22,CVSS:4.0/AV:N/AC:H/AT:N/PR:N/UI:N/VC:L/VI:N/VA:N/SC:N/SI:N/SA:N,GHSA-f9vj-2wh5-fj8j,
,lockfile,werkzeug,2.3.5,PyPI,GHSA-hrfv-mqp8-q5rw,MODERATE,"CVE-2023-46136,PYSEC-2023-221","CWE-400,CWE-787",CVSS:3.1/AV:A/AC:L/PR:L/UI:N/S:U/C:N/I:N/A:H,"PYSEC-2023-221,GHSA-hrfv-mqp8-q5rw",
,lockfile,werkzeug,2.3.5,PyPI,GHSA-q34m-jh98-gwm2,MODERATE,CVE-2024-49767,CWE-400,CVSS:4.0/AV:N/AC:L/AT:N/PR:N/UI:N/VC:N/VI:N/VA:L/SC:N/SI:N/SA:N,GHSA-q34m-jh98-gwm2,
,lockfile,werkzeug,2.3.5,PyPI,PYSEC-2023-221,,"CVE-2023-46136,GHSA-hrfv-mqp8-q5rw",,CVSS:3.1/AV:N/AC:L/PR:N/UI:N/S:U/C:N/I:N/A:H,"PYSEC-2023-221,GHSA-hrfv-mqp8-q5rw",
,lockfile,werkzeug,2.3.6,PyPI,GHSA-2g68-c3qc-8985,HIGH,"CGA-4f6v-wx38-68gq,CVE-2024-34069",CWE-352,CVSS:3.1/AV:N/AC:H/PR:N/UI:R/S:U/C:H/I:H/A:H,GHSA-2g68-c3qc-8985,
,lockfile,werkzeug,2.3.6,PyPI,GHSA-f9vj-2wh5-fj8j,MODERATE,CVE-2024-49766,CWE-22,CVSS:4.0/AV:N/AC:H/AT:N/PR:N/UI:N/VC:L/VI:N/VA:N/SC:N/SI:N/SA:N,GHSA-f9vj-2wh5-fj8j,
,lockfile,werkzeug,2.3.6,PyPI,GHSA-hrfv-mqp8-q5rw,MODERATE,"CVE-2023-46136,PYSEC-2023-221","CWE-400,CWE-787",CVSS:3.1/AV:A/AC:L/PR:L/UI:N/S:U/C:N/I:N/A:H,"PYSEC-2023-221,GHSA-hrfv-mqp8-q5rw",
,lockfile,werkzeug,2.3.6,PyPI,GHSA-q34m-jh98-gwm2,MODERATE,CVE-2024-49767,CWE-400,CVSS:4.0/AV:N/AC:L/AT:N/PR:N/UI:N/VC:N/VI:N/VA:L/SC:N/SI:N/SA:N,GHSA-q34m-jh98-gwm2,
,lockfile,werkzeug,2.3.6,PyPI,PYSEC-2023-221,,"CVE-2023-46136,GHSA-hrfv-mqp8-q5rw",,CVSS:3.1/AV:N/AC:L/PR:N/UI:N/S:U/C:N/I:N/A:H,"PYSEC-2023-221,GHSA-hrfv-mqp8-q5rw",
,lockfile,apache-airflow-providers-common-sql,1.14.0,PyPI,GHSA-5r62-mjf5-xwhj,HIGH,CVE-2025-30473,CWE-89,CVSS:3.1/AV:N/AC:L/PR:L/UI:N/S:U/C:H/I:H/A:H,GHSA-5r62-mjf5-xwhj,
,lockfile,apache-airflow-providers-common-sql,1.15.0,PyPI,GHSA-5r62-mjf5-xwhj,HIGH,CVE-2025-30473,CWE-89,CVSS:3.1/AV:N/AC:L/PR:L/UI:N/S:U/C:H/I:H/A:H,GHSA-5r62-mjf5-xwhj,
,lockfile,apache-airflow-providers-common-sql,1.16.0,PyPI,GHSA-5r62-mjf5-xwhj,HIGH,CVE-2025-30473,CWE-89,CVSS:3.1/AV:N/AC:L/PR:L/UI:N/S:U/C:H/I:H/A:H,GHSA-5r62-mjf5-xwhj,
,lockfile,apache-airflow-providers-common-sql,1.23.0,PyPI,GHSA-5r62-mjf5-xwhj,HIGH,CVE-2025-30473,CWE-89,CVSS:3.1/AV:N/AC:L/PR:L/UI:N/S:U/C:H/I:H/A:H,GHSA-5r62-mjf5-xwhj,
,lockfile,apache-airflow-providers-common-sql,1.24.0,PyPI,GHSA-5r62-mjf5-xwhj,HIGH,CVE-2025-30473,CWE-89,CVSS:3.1/AV:N/AC:L/PR:L/UI:N/S:U/C:H/I:H/A:H,GHSA-5r62-mjf5-xwhj,
,lockfile,apache-airflow-providers-common-sql,1.7.0,PyPI,GHSA-5r62-mjf5-xwhj,HIGH,CVE-2025-30473,CWE-89,CVSS:3.1/AV:N/AC:L/PR:L/UI:N/S:U/C:H/I:H/A:H,GHSA-5r62-mjf5-xwhj,
,lockfile,asyncssh,2.13.2,PyPI,GHSA-c35q-ffpf-5qpm,HIGH,"CVE-2023-46446,PYSEC-2023-239","CWE-345,CWE-349,CWE-354,CWE-359,CWE-639",CVSS:3.1/AV:N/AC:L/PR:L/UI:N/S:U/C:H/I:H/A:N,"PYSEC-2023-239,GHSA-c35q-ffpf-5qpm",
,lockfile,asyncssh,2.13.2,PyPI,GHSA-cfc2-wr2v-gxm5,MODERATE,"CVE-2023-46445,PYSEC-2023-237","CWE-345,CWE-349,CWE-354",CVSS:3.1/AV:N/AC:L/PR:N/UI:N/S:U/C:N/I:L/A:N,"PYSEC-2023-237,GHSA-cfc2-wr2v-gxm5",
,lockfile,asyncssh,2.13.2,PyPI,GHSA-hfmc-7525-mj55,MODERATE,,CWE-345,CVSS:3.1/AV:N/AC:H/PR:N/UI:N/S:U/C:N/I:H/A:N,GHSA-hfmc-7525-mj55,
,lockfile,asyncssh,2.13.2,PyPI,PYSEC-2023-237,,"CVE-2023-46445,GHSA-cfc2-wr2v-gxm5",,CVSS:3.1/AV:N/AC:H/PR:N/UI:N/S:U/C:N/I:H/A:N,"PYSEC-2023-237,GHSA-cfc2-wr2v-gxm5",
,lockfile,asyncssh,2.13.2,PyPI,PYSEC-2023-239,,"CVE-2023-46446,GHSA-c35q-ffpf-5qpm",,CVSS:3.1/AV:N/AC:H/PR:L/UI:N/S:U/C:H/I:H/A:N,"PYSEC-2023-239,GHSA-c35q-ffpf-5qpm",
,lockfile,asyncssh,2.14.0,PyPI,GHSA-c35q-ffpf-5qpm,HIGH,"CVE-2023-46446,PYSEC-2023-239","CWE-345,CWE-349,CWE-354,CWE-359,CWE-639",CVSS:3.1/AV:N/AC:L/PR:L/UI:N/S:U/C:H/I:H/A:N,"PYSEC-2023-239,GHSA-c35q-ffpf-5qpm",
,lockfile,asyncssh,2.14.0,PyPI,GHSA-cfc2-wr2v-gxm5,MODERATE,"CVE-2023-46445,PYSEC-2023-237","CWE-345,CWE-349,CWE-354",CVSS:3.1/AV:N/AC:L/PR:N/UI:N/S:U/C:N/I:L/A:N,"PYSEC-2023-237,GHSA-cfc2-wr2v-gxm5",
,lockfile,asyncssh,2.14.0,PyPI,GHSA-hfmc-7525-mj55,MODERATE,,CWE-345,CVSS:3.1/AV:N/AC:H/PR:N/UI:N/S:U/C:N/I:H/A:N,GHSA-hfmc-7525-mj55,
,lockfile,asyncssh,2.14.0,PyPI,PYSEC-2023-237,,"CVE-2023-46445,GHSA-cfc2-wr2v-gxm5",,CVSS:3.1/AV:N/AC:H/PR:N/UI:N/S:U/C:N/I:H/A:N,"PYSEC-2023-237,GHSA-cfc2-wr2v-gxm5",
,lockfile,asyncssh,2.14.0,PyPI,PYSEC-2023-239,,"CVE-2023-46446,GHSA-c35q-ffpf-5qpm",,CVSS:3.1/AV:N/AC:H/PR:L/UI:N/S:U/C:H/I:H/A:N,"PYSEC-2023-239,GHSA-c35q-ffpf-5qpm",
,lockfile,asyncssh,2.14.1,PyPI,GHSA-hfmc-7525-mj55,MODERATE,,CWE-345,CVSS:3.1/AV:N/AC:H/PR:N/UI:N/S:U/C:N/I:H/A:N,GHSA-hfmc-7525-mj55,
,lockfile,bleach,1.5.0,PyPI,GHSA-m6xf-fq7q-8743,MODERATE,"CVE-2020-6816,PYSEC-2020-28",CWE-79,CVSS:4.0/AV:N/AC:L/AT:N/PR:N/UI:P/VC:N/VI:N/VA:N/SC:L/SI:L/SA:N,"PYSEC-2020-28,GHSA-m6xf-fq7q-8743",
,lockfile,bleach,1.5.0,PyPI,GHSA-q65m-pv3f-wr5r,MODERATE,"CVE-2020-6802,PYSEC-2020-27",CWE-79,CVSS:4.0/AV:N/AC:L/AT:N/PR:N/UI:P/VC:N/VI:N/VA:N/SC:L/SI:L/SA:N,"PYSEC-2020-27,GHSA-q65m-pv3f-wr5r",
,lockfile,bleach,1.5.0,PyPI,GHSA-vqhp-cxgc-6wmm,HIGH,"CVE-2020-6817,PYSEC-2020-340,SNYK-PYTHON-BLEACH-561754","CWE-1333,CWE-400",CVSS:4.0/AV:N/AC:L/AT:N/PR:N/UI:N/VC:N/VI:N/VA:H/SC:N/SI:N/SA:N,"PYSEC-2020-340,GHSA-vqhp-cxgc-6wmm",
,lockfile,bleach,1.5.0,PyPI,GHSA-vv2x-vrpj-qqpq,MODERATE,"CVE-2021-23980,PYSEC-2021-865",CWE-79,CVSS:4.0/AV:N/AC:L/AT:N/PR:N/UI:N/VC:N/VI:N/VA:N/SC:L/SI:L/SA:N,"PYSEC-2021-865,GHSA-vv2x-vrpj-qqpq",
,lockfile,bleach,1.5.0,PyPI,PYSEC-2020-27,,"CVE-2020-6802,GHSA-q65m-pv3f-wr5r",,,"PYSEC-2020-27,GHSA-q65m-pv3f-wr5r",
,lockfile,bleach,1.5.0,PyPI,PYSEC-2020-28,,"CVE-2020-6816,GHSA-m6xf-fq7q-8743",,,"PYSEC-2020-28,GHSA-m6xf-fq7q-8743",
,lockfile,bleach,1.5.0,PyPI,PYSEC-2020-340,,"CVE-2020-6817,GHSA-vqhp-cxgc-6wmm,SNYK-PYTHON-BLEACH-561754",,,"PYSEC-2020-340,GHSA-vqhp-cxgc-6wmm",
,lockfile,bleach,1.5.0,PyPI,PYSEC-2021-865,,"CVE-2021-23980,GHSA-vv2x-vrpj-qqpq",,,"PYSEC-2021-865,GHSA-vv2x-vrpj-qqpq",
,lockfile,bleach,3.1.5,PyPI,GHSA-vv2x-vrpj-qqpq,MODERATE,"CVE-2021-23980,PYSEC-2021-865",CWE-79,CVSS:4.0/AV:N/AC:L/AT:N/PR:N/UI:N/VC:N/VI:N/VA:N/SC:L/SI:L/SA:N,"PYSEC-2021-865,GHSA-vv2x-vrpj-qqpq",
,lockfile,bleach,3.1.5,PyPI,PYSEC-2021-865,,"CVE-2021-23980,GHSA-vv2x-vrpj-qqpq",,,"PYSEC-2021-865,GHSA-vv2x-vrpj-qqpq",
,lockfile,bleach,3.2.1,PyPI,GHSA-vv2x-vrpj-qqpq,MODERATE,"CVE-2021-23980,PYSEC-2021-865",CWE-79,CVSS:4.0/AV:N/AC:L/AT:N/PR:N/UI:N/VC:N/VI:N/VA:N/SC:L/SI:L/SA:N,"PYSEC-2021-865,GHSA-vv2x-vrpj-qqpq",
,lockfile,bleach,3.2.1,PyPI,PYSEC-2021-865,,"CVE-2021-23980,GHSA-vv2x-vrpj-qqpq",,,"PYSEC-2021-865,GHSA-vv2x-vrpj-qqpq",
,lockfile,cleanlab,2.5.0,PyPI,GHSA-8cm9-rrgc-4pcj,HIGH,CVE-2024-45857,CWE-502,CVSS:4.0/AV:N/AC:L/AT:N/PR:L/UI:P/VC:H/VI:H/VA:H/SC:N/SI:N/SA:N,GHSA-8cm9-rrgc-4pcj,
,lockfile,cleanlab,2.6.4,PyPI,GHSA-8cm9-rrgc-4pcj,HIGH,CVE-2024-45857,CWE-502,CVSS:4.0/AV:N/AC:L/AT:N/PR:L/UI:P/VC:H/VI:H/VA:H/SC:N/SI:N/SA:N,GHSA-8cm9-rrgc-4pcj,
,lockfile,cleanlab,2.6.6,PyPI,GHSA-8cm9-rrgc-4pcj,HIGH,CVE-2024-45857,CWE-502,CVSS:4.0/AV:N/AC:L/AT:N/PR:L/UI:P/VC:H/VI:H/VA:H/SC:N/SI:N/SA:N,GHSA-8cm9-rrgc-4pcj,
,lockfile,clearml,1.1.6,PyPI,GHSA-cpcw-9h9m-wqw9,HIGH,CVE-2024-24590,CWE-502,CVSS:3.1/AV:N/AC:L/PR:N/UI:R/S:U/C:H/I:H/A:H,GHSA-cpcw-9h9m-wqw9,
,lockfile,clearml,1.1.6,PyPI,GHSA-gvqv-h7hh-6fcc,MODERATE,CVE-2024-24595,"CWE-312,CWE-522",CVSS:3.1/AV:L/AC:L/PR:H/UI:N/S:U/C:H/I:H/A:N,GHSA-gvqv-h7hh-6fcc,
,lockfile,clearml,1.1.6,PyPI,GHSA-m95h-p4gg-wfw3,HIGH,CVE-2024-24591,CWE-22,CVSS:3.1/AV:N/AC:L/PR:N/UI:R/S:U/C:H/I:H/A:H,GHSA-m95h-p4gg-wfw3,
,lockfile,clearml,1.13.2,PyPI,GHSA-cpcw-9h9m-wqw9,HIGH,CVE-2024-24590,CWE-502,CVSS:3.1/AV:N/AC:L/PR:N/UI:R/S:U/C:H/I:H/A:H,GHSA-cpcw-9h9m-wqw9,
,lockfile,clearml,1.13.2,PyPI,GHSA-gvqv-h7hh-6fcc,MODERATE,CVE-2024-24595,"CWE-312,CWE-522",CVSS:3.1/AV:L/AC:L/PR:H/UI:N/S:U/C:H/I:H/A:N,GHSA-gvqv-h7hh-6fcc,
,lockfile,clearml,1.13.2,PyPI,GHSA-m95h-p4gg-wfw3,HIGH,CVE-2024-24591,CWE-22,CVSS:3.1/AV:N/AC:L/PR:N/UI:R/S:U/C:H/I:H/A:H,GHSA-m95h-p4gg-wfw3,
,lockfile,clearml,1.9.1,PyPI,GHSA-cpcw-9h9m-wqw9,HIGH,CVE-2024-24590,CWE-502,CVSS:3.1/AV:N/AC:L/PR:N/UI:R/S:U/C:H/I:H/A:H,GHSA-cpcw-9h9m-wqw9,
,lockfile,clearml,1.9.1,PyPI,GHSA-gvqv-h7hh-6fcc,MODERATE,CVE-2024-24595,"CWE-312,CWE-522",CVSS:3.1/AV:L/AC:L/PR:H/UI:N/S:U/C:H/I:H/A:N,GHSA-gvqv-h7hh-6fcc,
,lockfile,clearml,1.9.1,PyPI,GHSA-m95h-p4gg-wfw3,HIGH,CVE-2024-24591,CWE-22,CVSS:3.1/AV:N/AC:L/PR:N/UI:R/S:U/C:H/I:H/A:H,GHSA-m95h-p4gg-wfw3,
,lockfile,ecdsa,0.18.0,PyPI,GHSA-wj6h-64fc-37mp,HIGH,CVE-2024-23342,"CWE-203,CWE-208,CWE-385",CVSS:3.1/AV:N/AC:H/PR:N/UI:N/S:U/C:H/I:H/A:N,GHSA-wj6h-64fc-37mp,
,lockfile,feast,0.33.1,PyPI,GHSA-wxpc-2674-rxvw,HIGH,CVE-2024-11602,CWE-346,CVSS:3.0/AV:N/AC:L/PR:N/UI:R/S:C/C:H/I:N/A:N,GHSA-wxpc-2674-rxvw,
,lockfile,fiona,1.9.5,PyPI,GHSA-g4m4-9q4c-mfw6,HIGH,,CWE-400,CVSS:4.0/AV:N/AC:L/AT:N/PR:N/UI:P/VC:H/VI:H/VA:H/SC:N/SI:N/SA:N,GHSA-g4m4-9q4c-mfw6,
,lockfile,fiona,1.9.5,PyPI,GHSA-q5fm-55c2-v6j9,CRITICAL,,"CWE-1395,CWE-190",CVSS:4.0/AV:N/AC:L/AT:N/PR:N/UI:N/VC:H/VI:H/VA:H/SC:N/SI:N/SA:N,GHSA-q5fm-55c2-v6j9,
,lockfile,fiona,1.9.6,PyPI,GHSA-g4m4-9q4c-mfw6,HIGH,,CWE-400,CVSS:4.0/AV:N/AC:L/AT:N/PR:N/UI:P/VC:H/VI:H/VA:H/SC:N/SI:N/SA:N,GHSA-g4m4-9q4c-mfw6,
,lockfile,fiona,1.9.6,PyPI,GHSA-q5fm-55c2-v6j9,CRITICAL,,"CWE-1395,CWE-190",CVSS:4.0/AV:N/AC:L/AT:N/PR:N/UI:N/VC:H/VI:H/VA:H/SC:N/SI:N/SA:N,GHSA-q5fm-55c2-v6j9,
,lockfile,h11,0.11.0,PyPI,GHSA-vqfr-h8mv-ghfj,CRITICAL,CVE-2025-43859,CWE-444,CVSS:3.1/AV:N/AC:L/PR:N/UI:N/S:U/C:H/I:H/A:N,GHSA-vqfr-h8mv-ghfj,
,lockfile,h11,0.12.0,PyPI,GHSA-vqfr-h8mv-ghfj,CRITICAL,CVE-2025-43859,CWE-444,CVSS:3.1/AV:N/AC:L/PR:N/UI:N/S:U/C:H/I:H/A:N,GHSA-vqfr-h8mv-ghfj,
,lockfile,h11,0.13.0,PyPI,GHSA-vqfr-h8mv-ghfj,CRITICAL,CVE-2025-43859,CWE-444,CVSS:3.1/AV:N/AC:L/PR:N/UI:N/S:U/C:H/I:H/A:N,GHSA-vqfr-h8mv-ghfj,
,lockfile,h11,0.14.0,PyPI,GHSA-vqfr-h8mv-ghfj,CRITICAL,CVE-2025-43859,CWE-444,CVSS:3.1/AV:N/AC:L/PR:N/UI:N/S:U/C:H/I:H/A:N,GHSA-vqfr-h8mv-ghfj,
,lockfile,h11,0.9.0,PyPI,GHSA-vqfr-h8mv-ghfj,CRITICAL,CVE-2025-43859,CWE-444,CVSS:3.1/AV:N/AC:L/PR:N/UI:N/S:U/C:H/I:H/A:N,GHSA-vqfr-h8mv-ghfj,
,lockfile,h2o,3.40.0.4,PyPI,GHSA-47f6-5p7h-5f3h,HIGH,CVE-2024-6854,CWE-36,CVSS:3.0/AV:N/AC:L/PR:L/UI:N/S:U/C:N/I:L/A:H,GHSA-47f6-5p7h-5f3h,
,lockfile,h2o,3.40.0.4,PyPI,GHSA-58m3-rcvp-f9ww,HIGH,CVE-2024-5979,CWE-400,CVSS:3.0/AV:N/AC:L/PR:N/UI:N/S:U/C:N/I:N/A:H,GHSA-58m3-rcvp-f9ww,
,lockfile,h2o,3.40.0.4,PyPI,GHSA-5c8j-g96x-cj78,HIGH,CVE-2024-8062,CWE-1088,CVSS:3.0/AV:N/AC:L/PR:N/UI:N/S:U/C:N/I:N/A:H,GHSA-5c8j-g96x-cj78,
,lockfile,h2o,3.40.0.4,PyPI,GHSA-6w62-3jvj-mfj6,HIGH,CVE-2024-7765,CWE-409,CVSS:3.0/AV:N/AC:L/PR:N/UI:N/S:U/C:N/I:N/A:H,GHSA-6w62-3jvj-mfj6,
,lockfile,h2o,3.40.0.4,PyPI,GHSA-7qq7-pvm9-x8rf,HIGH,CVE-2024-10550,CWE-1333,CVSS:3.0/AV:N/AC:L/PR:N/UI:N/S:U/C:N/I:N/A:H,GHSA-7qq7-pvm9-x8rf,
,lockfile,h2o,3.40.0.4,PyPI,GHSA-g48v-3p35-88jr,HIGH,CVE-2024-8616,CWE-73,CVSS:3.0/AV:N/AC:L/PR:N/UI:N/S:U/C:N/I:L/A:H,GHSA-g48v-3p35-88jr,
,lockfile,h2o,3.40.0.4,PyPI,GHSA-gqrq-j6pm-98c2,CRITICAL,CVE-2023-6569,"CWE-610,CWE-73",CVSS:3.0/AV:N/AC:L/PR:N/UI:N/S:C/C:N/I:L/A:H,GHSA-gqrq-j6pm-98c2,
,lockfile,h2o,3.40.0.4,PyPI,GHSA-h7xg-cmpp-48hf,CRITICAL,CVE-2024-10553,CWE-502,CVSS:3.0/AV:N/AC:L/PR:N/UI:N/S:U/C:H/I:H/A:H,GHSA-h7xg-cmpp-48hf,
,lockfile,h2o,3.40.0.4,PyPI,GHSA-m37h-8r48-2cxj,MODERATE,CVE-2024-6863,CWE-749,CVSS:3.0/AV:N/AC:L/PR:N/UI:N/S:U/C:N/I:L/A:L,GHSA-m37h-8r48-2cxj,
,lockfile,h2o,3.40.0.4,PyPI,GHSA-p2vc-m5fv-9w9m,HIGH,CVE-2024-7768,CWE-400,CVSS:3.0/AV:N/AC:L/PR:N/UI:N/S:U/C:N/I:N/A:H,GHSA-p2vc-m5fv-9w9m,
,lockfile,h2o,3.40.0.4,PyPI,GHSA-wjpv-64v2-2qpq,HIGH,CVE-2024-10572,CWE-400,CVSS:3.0/AV:N/AC:L/PR:N/UI:N/S:U/C:N/I:N/A:H,GHSA-wjpv-64v2-2qpq,
,lockfile,h2o,3.40.0.4,PyPI,GHSA-wwr9-4gmr-xvq9,HIGH,CVE-2024-10549,CWE-400,CVSS:3.0/AV:N/AC:L/PR:N/UI:N/S:U/C:N/I:N/A:H,GHSA-wwr9-4gmr-xvq9,
,lockfile,h2o,3.40.0.4,PyPI,GHSA-x234-r5fg-x52m,MODERATE,CVE-2024-5550,CWE-200,CVSS:3.0/AV:N/AC:L/PR:N/UI:N/S:U/C:L/I:N/A:N,GHSA-x234-r5fg-x52m,
,lockfile,h2o,3.42.0.2,PyPI,GHSA-47f6-5p7h-5f3h,HIGH,CVE-2024-6854,CWE-36,CVSS:3.0/AV:N/AC:L/PR:L/UI:N/S:U/C:N/I:L/A:H,GHSA-47f6-5p7h-5f3h,
,lockfile,h2o,3.42.0.2,PyPI,GHSA-58m3-rcvp-f9ww,HIGH,CVE-2024-5979,CWE-400,CVSS:3.0/AV:N/AC:L/PR:N/UI:N/S:U/C:N/I:N/A:H,GHSA-58m3-rcvp-f9ww,
,lockfile,h2o,3.42.0.2,PyPI,GHSA-5c8j-g96x-cj78,HIGH,CVE-2024-8062,CWE-1088,CVSS:3.0/AV:N/AC:L/PR:N/UI:N/S:U/C:N/I:N/A:H,GHSA-5c8j-g96x-cj78,
,lockfile,h2o,3.42.0.2,PyPI,GHSA-6w62-3jvj-mfj6,HIGH,CVE-2024-7765,CWE-409,CVSS:3.0/AV:N/AC:L/PR:N/UI:N/S:U/C:N/I:N/A:H,GHSA-6w62-3jvj-mfj6,
,lockfile,h2o,3.42.0.2,PyPI,GHSA-7qq7-pvm9-x8rf,HIGH,CVE-2024-10550,CWE-1333,CVSS:3.0/AV:N/AC:L/PR:N/UI:N/S:U/C:N/I:N/A:H,GHSA-7qq7-pvm9-x8rf,
,lockfile,h2o,3.42.0.2,PyPI,GHSA-g48v-3p35-88jr,HIGH,CVE-2024-8616,CWE-73,CVSS:3.0/AV:N/AC:L/PR:N/UI:N/S:U/C:N/I:L/A:H,GHSA-g48v-3p35-88jr,
,lockfile,h2o,3.42.0.2,PyPI,GHSA-gqrq-j6pm-98c2,CRITICAL,CVE-2023-6569,"CWE-610,CWE-73",CVSS:3.0/AV:N/AC:L/PR:N/UI:N/S:C/C:N/I:L/A:H,GHSA-gqrq-j6pm-98c2,
,lockfile,h2o,3.42.0.2,PyPI,GHSA-h7xg-cmpp-48hf,CRITICAL,CVE-2024-10553,CWE-502,CVSS:3.0/AV:N/AC:L/PR:N/UI:N/S:U/C:H/I:H/A:H,GHSA-h7xg-cmpp-48hf,
,lockfile,h2o,3.42.0.2,PyPI,GHSA-m37h-8r48-2cxj,MODERATE,CVE-2024-6863,CWE-749,CVSS:3.0/AV:N/AC:L/PR:N/UI:N/S:U/C:N/I:L/A:L,GHSA-m37h-8r48-2cxj,
,lockfile,h2o,3.42.0.2,PyPI,GHSA-p2vc-m5fv-9w9m,HIGH,CVE-2024-7768,CWE-400,CVSS:3.0/AV:N/AC:L/PR:N/UI:N/S:U/C:N/I:N/A:H,GHSA-p2vc-m5fv-9w9m,
,lockfile,h2o,3.42.0.2,PyPI,GHSA-wjpv-64v2-2qpq,HIGH,CVE-2024-10572,CWE-400,CVSS:3.0/AV:N/AC:L/PR:N/UI:N/S:U/C:N/I:N/A:H,GHSA-wjpv-64v2-2qpq,
,lockfile,h2o,3.42.0.2,PyPI,GHSA-wwr9-4gmr-xvq9,HIGH,CVE-2024-10549,CWE-400,CVSS:3.0/AV:N/AC:L/PR:N/UI:N/S:U/C:N/I:N/A:H,GHSA-wwr9-4gmr-xvq9,
,lockfile,h2o,3.46.0.4,PyPI,GHSA-h7xg-cmpp-48hf,CRITICAL,CVE-2024-10553,CWE-502,CVSS:3.0/AV:N/AC:L/PR:N/UI:N/S:U/C:H/I:H/A:H,GHSA-h7xg-cmpp-48hf,
,lockfile,h2o,3.46.0.4,PyPI,GHSA-p2vc-m5fv-9w9m,HIGH,CVE-2024-7768,CWE-400,CVSS:3.0/AV:N/AC:L/PR:N/UI:N/S:U/C:N/I:N/A:H,GHSA-p2vc-m5fv-9w9m,
,lockfile,h2o,3.46.0.5,PyPI,GHSA-h7xg-cmpp-48hf,CRITICAL,CVE-2024-10553,CWE-502,CVSS:3.0/AV:N/AC:L/PR:N/UI:N/S:U/C:H/I:H/A:H,GHSA-h7xg-cmpp-48hf,
,lockfile,h2o,3.46.0.5,PyPI,GHSA-p2vc-m5fv-9w9m,HIGH,CVE-2024-7768,CWE-400,CVSS:3.0/AV:N/AC:L/PR:N/UI:N/S:U/C:N/I:N/A:H,GHSA-p2vc-m5fv-9w9m,
,lockfile,h2o,3.46.0.6,PyPI,GHSA-p2vc-m5fv-9w9m,HIGH,CVE-2024-7768,CWE-400,CVSS:3.0/AV:N/AC:L/PR:N/UI:N/S:U/C:N/I:N/A:H,GHSA-p2vc-m5fv-9w9m,
,lockfile,html5lib,0.9999999,PyPI,GHSA-8f6m-gfq9-g33v,MODERATE,"CVE-2016-9910,PYSEC-2017-15",CWE-79,CVSS:4.0/AV:N/AC:L/AT:N/PR:N/UI:P/VC:N/VI:N/VA:N/SC:L/SI:L/SA:N,"PYSEC-2017-15,GHSA-8f6m-gfq9-g33v",
,lockfile,html5lib,0.9999999,PyPI,GHSA-v9v9-xffq-rwr4,MODERATE,"CVE-2016-9909,PYSEC-2017-14",CWE-79,CVSS:4.0/AV:N/AC:L/AT:N/PR:N/UI:P/VC:N/VI:N/VA:N/SC:L/SI:L/SA:N,"PYSEC-2017-14,GHSA-v9v9-xffq-rwr4",
,lockfile,html5lib,0.9999999,PyPI,PYSEC-2017-14,,"CVE-2016-9909,GHSA-v9v9-xffq-rwr4",,,"PYSEC-2017-14,GHSA-v9v9-xffq-rwr4",
,lockfile,html5lib,0.9999999,PyPI,PYSEC-2017-15,,"CVE-2016-9910,GHSA-8f6m-gfq9-g33v",,,"PYSEC-2017-15,GHSA-8f6m-gfq9-g33v",
,lockfile,jupyter-server-proxy,3.2.0,PyPI,GHSA-fvcq-4x64-hqxr,CRITICAL,"CVE-2024-35225,PYSEC-2024-236","CWE-116,CWE-79",CVSS:3.1/AV:N/AC:L/PR:N/UI:R/S:C/C:H/I:H/A:H,"PYSEC-2024-236,GHSA-fvcq-4x64-hqxr",
,lockfile,jupyter-server-proxy,3.2.0,PyPI,GHSA-gcv9-6737-pjqw,MODERATE,"CVE-2022-21697,PYSEC-2022-16",CWE-918,CVSS:4.0/AV:N/AC:L/AT:N/PR:L/UI:A/VC:H/VI:L/VA:N/SC:N/SI:N/SA:N,"PYSEC-2022-16,GHSA-gcv9-6737-pjqw",
,lockfile,jupyter-server-proxy,3.2.0,PyPI,GHSA-w3vc-fx9p-wp4v,CRITICAL,"CVE-2024-28179,PYSEC-2024-234",CWE-306,CVSS:3.1/AV:N/AC:H/PR:N/UI:N/S:C/C:H/I:H/A:H,"PYSEC-2024-234,GHSA-w3vc-fx9p-wp4v",
,lockfile,jupyter-server-proxy,3.2.0,PyPI,PYSEC-2022-16,,"CVE-2022-21697,GHSA-gcv9-6737-pjqw",,,"PYSEC-2022-16,GHSA-gcv9-6737-pjqw",
,lockfile,jupyter-server-proxy,3.2.0,PyPI,PYSEC-2024-234,,"CVE-2024-28179,GHSA-w3vc-fx9p-wp4v",,CVSS:3.1/AV:N/AC:L/PR:N/UI:N/S:U/C:H/I:H/A:H,"PYSEC-2024-234,GHSA-w3vc-fx9p-wp4v",
,lockfile,jupyter-server-proxy,3.2.0,PyPI,PYSEC-2024-236,,"CVE-2024-35225,GHSA-fvcq-4x64-hqxr",,CVSS:3.1/AV:N/AC:L/PR:N/UI:R/S:C/C:L/I:L/A:N,"PYSEC-2024-236,GHSA-fvcq-4x64-hqxr",
,lockfile,jupyter-server-proxy,3.2.1,PyPI,GHSA-fvcq-4x64-hqxr,CRITICAL,"CVE-2024-35225,PYSEC-2024-236","CWE-116,CWE-79",CVSS:3.1/AV:N/AC:L/PR:N/UI:R/S:C/C:H/I:H/A:H,"PYSEC-2024-236,GHSA-fvcq-4x64-hqxr",
,lockfile,jupyter-server-proxy,3.2.1,PyPI,GHSA-w3vc-fx9p-wp4v,CRITICAL,"CVE-2024-28179,PYSEC-2024-234",CWE-306,CVSS:3.1/AV:N/AC:H/PR:N/UI:N/S:C/C:H/I:H/A:H,"PYSEC-2024-234,GHSA-w3vc-fx9p-wp4v",
,lockfile,jupyter-server-proxy,3.2.1,PyPI,PYSEC-2024-234,,"CVE-2024-28179,GHSA-w3vc-fx9p-wp4v",,CVSS:3.1/AV:N/AC:L/PR:N/UI:N/S:U/C:H/I:H/A:H,"PYSEC-2024-234,GHSA-w3vc-fx9p-wp4v",
,lockfile,jupyter-server-proxy,3.2.1,PyPI,PYSEC-2024-236,,"CVE-2024-35225,GHSA-fvcq-4x64-hqxr",,CVSS:3.1/AV:N/AC:L/PR:N/UI:R/S:C/C:L/I:L/A:N,"PYSEC-2024-236,GHSA-fvcq-4x64-hqxr",
,lockfile,jupyter-server-proxy,4.0.0,PyPI,GHSA-fvcq-4x64-hqxr,CRITICAL,"CVE-2024-35225,PYSEC-2024-236","CWE-116,CWE-79",CVSS:3.1/AV:N/AC:L/PR:N/UI:R/S:C/C:H/I:H/A:H,GHSA-fvcq-4x64-hqxr,
,lockfile,jupyter-server-proxy,4.0.0,PyPI,GHSA-w3vc-fx9p-wp4v,CRITICAL,"CVE-2024-28179,PYSEC-2024-234",CWE-306,CVSS:3.1/AV:N/AC:H/PR:N/UI:N/S:C/C:H/I:H/A:H,"PYSEC-2024-234,GHSA-w3vc-fx9p-wp4v",
,lockfile,jupyter-server-proxy,4.0.0,PyPI,PYSEC-2024-234,,"CVE-2024-28179,GHSA-w3vc-fx9p-wp4v",,CVSS:3.1/AV:N/AC:L/PR:N/UI:N/S:U/C:H/I:H/A:H,"PYSEC-2024-234,GHSA-w3vc-fx9p-wp4v",
,lockfile,jupyter-server-proxy,4.1.0,PyPI,GHSA-fvcq-4x64-hqxr,CRITICAL,"CVE-2024-35225,PYSEC-2024-236","CWE-116,CWE-79",CVSS:3.1/AV:N/AC:L/PR:N/UI:R/S:C/C:H/I:H/A:H,GHSA-fvcq-4x64-hqxr,
,lockfile,jupyter-server-proxy,4.1.0,PyPI,GHSA-w3vc-fx9p-wp4v,CRITICAL,"CVE-2024-28179,PYSEC-2024-234",CWE-306,CVSS:3.1/AV:N/AC:H/PR:N/UI:N/S:C/C:H/I:H/A:H,"PYSEC-2024-234,GHSA-w3vc-fx9p-wp4v",
,lockfile,jupyter-server-proxy,4.1.0,PyPI,PYSEC-2024-234,,"CVE-2024-28179,GHSA-w3vc-fx9p-wp4v",,CVSS:3.1/AV:N/AC:L/PR:N/UI:N/S:U/C:H/I:H/A:H,"PYSEC-2024-234,GHSA-w3vc-fx9p-wp4v",
,lockfile,jupyter-server-proxy,4.1.2,PyPI,GHSA-fvcq-4x64-hqxr,CRITICAL,"CVE-2024-35225,PYSEC-2024-236","CWE-116,CWE-79",CVSS:3.1/AV:N/AC:L/PR:N/UI:R/S:C/C:H/I:H/A:H,"PYSEC-2024-236,GHSA-fvcq-4x64-hqxr",
,lockfile,jupyter-server-proxy,4.1.2,PyPI,PYSEC-2024-236,,"CVE-2024-35225,GHSA-fvcq-4x64-hqxr",,CVSS:3.1/AV:N/AC:L/PR:N/UI:R/S:C/C:L/I:L/A:N,"PYSEC-2024-236,GHSA-fvcq-4x64-hqxr",
,lockfile,langroid,0.1.200,PyPI,GHSA-22c2-9gwg-mj59,HIGH,CVE-2025-46725,CWE-94,CVSS:4.0/AV:N/AC:L/AT:N/PR:N/UI:N/VC:H/VI:H/VA:H/SC:N/SI:N/SA:N/E:U,GHSA-22c2-9gwg-mj59,
,lockfile,langroid,0.1.200,PyPI,GHSA-jqq5-wc57-f8hj,CRITICAL,CVE-2025-46724,CWE-94,CVSS:3.1/AV:N/AC:L/PR:N/UI:N/S:U/C:H/I:H/A:H,GHSA-jqq5-wc57-f8hj,
,lockfile,langroid,0.1.200,PyPI,GHSA-pw95-88fg-3j6f,HIGH,CVE-2025-46726,CWE-611,CVSS:4.0/AV:N/AC:L/AT:N/PR:N/UI:N/VC:H/VI:N/VA:H/SC:N/SI:N/SA:N/E:P,GHSA-pw95-88fg-3j6f,
,lockfile,langroid,0.1.262,PyPI,GHSA-22c2-9gwg-mj59,HIGH,CVE-2025-46725,CWE-94,CVSS:4.0/AV:N/AC:L/AT:N/PR:N/UI:N/VC:H/VI:H/VA:H/SC:N/SI:N/SA:N/E:U,GHSA-22c2-9gwg-mj59,
,lockfile,langroid,0.1.262,PyPI,GHSA-jqq5-wc57-f8hj,CRITICAL,CVE-2025-46724,CWE-94,CVSS:3.1/AV:N/AC:L/PR:N/UI:N/S:U/C:H/I:H/A:H,GHSA-jqq5-wc57-f8hj,
,lockfile,langroid,0.1.262,PyPI,GHSA-pw95-88fg-3j6f,HIGH,CVE-2025-46726,CWE-611,CVSS:4.0/AV:N/AC:L/AT:N/PR:N/UI:N/VC:H/VI:N/VA:H/SC:N/SI:N/SA:N/E:P,GHSA-pw95-88fg-3j6f,
,lockfile,langroid,0.13.0,PyPI,GHSA-22c2-9gwg-mj59,HIGH,CVE-2025-46725,CWE-94,CVSS:4.0/AV:N/AC:L/AT:N/PR:N/UI:N/VC:H/VI:H/VA:H/SC:N/SI:N/SA:N/E:U,GHSA-22c2-9gwg-mj59,
,lockfile,langroid,0.13.0,PyPI,GHSA-jqq5-wc57-f8hj,CRITICAL,CVE-2025-46724,CWE-94,CVSS:3.1/AV:N/AC:L/PR:N/UI:N/S:U/C:H/I:H/A:H,GHSA-jqq5-wc57-f8hj,
,lockfile,langroid,0.13.0,PyPI,GHSA-pw95-88fg-3j6f,HIGH,CVE-2025-46726,CWE-611,CVSS:4.0/AV:N/AC:L/AT:N/PR:N/UI:N/VC:H/VI:N/VA:H/SC:N/SI:N/SA:N/E:P,GHSA-pw95-88fg-3j6f,
,lockfile,loguru,0.3.2,PyPI,GHSA-39ph-wr67-j4xq,MODERATE,"CVE-2022-0338,PYSEC-2022-14","CWE-269,CWE-532",CVSS:4.0/AV:N/AC:L/AT:N/PR:L/UI:N/VC:L/VI:N/VA:N/SC:N/SI:N/SA:N,"PYSEC-2022-14,GHSA-39ph-wr67-j4xq",
,lockfile,loguru,0.3.2,PyPI,PYSEC-2022-14,,"CVE-2022-0338,GHSA-39ph-wr67-j4xq",,,"PYSEC-2022-14,GHSA-39ph-wr67-j4xq",
,lockfile,loguru,0.5.1,PyPI,GHSA-39ph-wr67-j4xq,MODERATE,"CVE-2022-0338,PYSEC-2022-14","CWE-269,CWE-532",CVSS:4.0/AV:N/AC:L/AT:N/PR:L/UI:N/VC:L/VI:N/VA:N/SC:N/SI:N/SA:N,"PYSEC-2022-14,GHSA-39ph-wr67-j4xq",
,lockfile,loguru,0.5.1,PyPI,PYSEC-2022-14,,"CVE-2022-0338,GHSA-39ph-wr67-j4xq",,,"PYSEC-2022-14,GHSA-39ph-wr67-j4xq",
,lockfile,lxml-html-clean,0.1.0,PyPI,GHSA-5jfw-gq64-q45f,HIGH,"CVE-2024-52595,PYSEC-2024-160","CWE-184,CWE-79,CWE-83",CVSS:3.1/AV:N/AC:H/PR:N/UI:N/S:U/C:H/I:L/A:H,"PYSEC-2024-160,GHSA-5jfw-gq64-q45f",
,lockfile,lxml-html-clean,0.1.0,PyPI,PYSEC-2024-160,,"CVE-2024-52595,GHSA-5jfw-gq64-q45f",,CVSS:3.1/AV:N/AC:L/PR:N/UI:R/S:C/C:L/I:L/A:N,"PYSEC-2024-160,GHSA-5jfw-gq64-q45f",
,lockfile,lxml-html-clean,0.1.1,PyPI,GHSA-5jfw-gq64-q45f,HIGH,"CVE-2024-52595,PYSEC-2024-160","CWE-184,CWE-79,CWE-83",CVSS:3.1/AV:N/AC:H/PR:N/UI:N/S:U/C:H/I:L/A:H,"PYSEC-2024-160,GHSA-5jfw-gq64-q45f",
,lockfile,lxml-html-clean,0.1.1,PyPI,PYSEC-2024-160,,"CVE-2024-52595,GHSA-5jfw-gq64-q45f",,CVSS:3.1/AV:N/AC:L/PR:N/UI:R/S:C/C:L/I:L/A:N,"PYSEC-2024-160,GHSA-5jfw-gq64-q45f",
,lockfile,lxml-html-clean,0.2.0,PyPI,GHSA-5jfw-gq64-q45f,HIGH,"CVE-2024-52595,PYSEC-2024-160","CWE-184,CWE-79,CWE-83",CVSS:3.1/AV:N/AC:H/PR:N/UI:N/S:U/C:H/I:L/A:H,"PYSEC-2024-160,GHSA-5jfw-gq64-q45f",
,lockfile,lxml-html-clean,0.2.0,PyPI,PYSEC-2024-160,,"CVE-2024-52595,GHSA-5jfw-gq64-q45f",,CVSS:3.1/AV:N/AC:L/PR:N/UI:R/S:C/C:L/I:L/A:N,"PYSEC-2024-160,GHSA-5jfw-gq64-q45f",
,lockfile,lxml-html-clean,0.2.1,PyPI,GHSA-5jfw-gq64-q45f,HIGH,"CVE-2024-52595,PYSEC-2024-160","CWE-184,CWE-79,CWE-83",CVSS:3.1/AV:N/AC:H/PR:N/UI:N/S:U/C:H/I:L/A:H,"PYSEC-2024-160,GHSA-5jfw-gq64-q45f",
,lockfile,lxml-html-clean,0.2.1,PyPI,PYSEC-2024-160,,"CVE-2024-52595,GHSA-5jfw-gq64-q45f",,CVSS:3.1/AV:N/AC:L/PR:N/UI:R/S:C/C:L/I:L/A:N,"PYSEC-2024-160,GHSA-5jfw-gq64-q45f",
,lockfile,lxml-html-clean,0.2.2,PyPI,GHSA-5jfw-gq64-q45f,HIGH,"CVE-2024-52595,PYSEC-2024-160","CWE-184,CWE-79,CWE-83",CVSS:3.1/AV:N/AC:H/PR:N/UI:N/S:U/C:H/I:L/A:H,"PYSEC-2024-160,GHSA-5jfw-gq64-q45f",
,lockfile,lxml-html-clean,0.2.2,PyPI,PYSEC-2024-160,,"CVE-2024-52595,GHSA-5jfw-gq64-q45f",,CVSS:3.1/AV:N/AC:L/PR:N/UI:R/S:C/C:L/I:L/A:N,"PYSEC-2024-160,GHSA-5jfw-gq64-q45f",
,lockfile,lxml-html-clean,0.3.1,PyPI,GHSA-5jfw-gq64-q45f,HIGH,"CVE-2024-52595,PYSEC-2024-160","CWE-184,CWE-79,CWE-83",CVSS:3.1/AV:N/AC:H/PR:N/UI:N/S:U/C:H/I:L/A:H,"PYSEC-2024-160,GHSA-5jfw-gq64-q45f",
,lockfile,lxml-html-clean,0.3.1,PyPI,PYSEC-2024-160,,"CVE-2024-52595,GHSA-5jfw-gq64-q45f",,CVSS:3.1/AV:N/AC:L/PR:N/UI:R/S:C/C:L/I:L/A:N,"PYSEC-2024-160,GHSA-5jfw-gq64-q45f",
,lockfile,pandas,0.25.3,PyPI,PYSEC-2020-73,,CVE-2020-13091,,,PYSEC-2020-73,
,lockfile,pandas,1.0.3,PyPI,PYSEC-2020-73,,CVE-2020-13091,,,PYSEC-2020-73,
,lockfile,pillow,10.2.0,PyPI,GHSA-44wm-f244-xhp3,HIGH,"BIT-pillow-2024-28219,CVE-2024-28219","CWE-120,CWE-676,CWE-680",CVSS:4.0/AV:N/AC:L/AT:P/PR:L/UI:A/VC:H/VI:H/VA:H/SC:N/SI:N/SA:N,GHSA-44wm-f244-xhp3,
,lockfile,pillow,9.4.0,PyPI,GHSA-3f63-hfp8-52jq,CRITICAL,"BIT-pillow-2023-50447,CVE-2023-50447","CWE-94,CWE-95",CVSS:4.0/AV:N/AC:L/AT:N/PR:N/UI:N/VC:H/VI:H/VA:H/SC:N/SI:N/SA:N,GHSA-3f63-hfp8-52jq,
,lockfile,pillow,9.4.0,PyPI,GHSA-44wm-f244-xhp3,HIGH,"BIT-pillow-2024-28219,CVE-2024-28219","CWE-120,CWE-676,CWE-680",CVSS:4.0/AV:N/AC:L/AT:P/PR:L/UI:A/VC:H/VI:H/VA:H/SC:N/SI:N/SA:N,GHSA-44wm-f244-xhp3,
,lockfile,pillow,9.4.0,PyPI,GHSA-56pw-mpj4-fxww,HIGH,,,,GHSA-56pw-mpj4-fxww,
,lockfile,pillow,9.4.0,PyPI,GHSA-8ghj-p4vj-mr35,HIGH,"BIT-pillow-2023-44271,CVE-2023-44271,PYSEC-2023-227","CWE-400,CWE-770",CVSS:4.0/AV:N/AC:L/AT:N/PR:N/UI:N/VC:N/VI:N/VA:H/SC:N/SI:N/SA:N,"PYSEC-2023-227,GHSA-8ghj-p4vj-mr35",
,lockfile,pillow,9.4.0,PyPI,GHSA-j7hp-h8jx-5ppr,HIGH,"A-299477569,ASB-A-299477569,CVE-2023-4863,CVE-2023-5129,RUSTSEC-2023-0060,RUSTSEC-2023-0061",CWE-787,CVSS:3.1/AV:N/AC:L/PR:N/UI:R/S:U/C:H/I:H/A:H,GHSA-j7hp-h8jx-5ppr,
,lockfile,pillow,9.4.0,PyPI,PYSEC-2023-175,,,,,PYSEC-2023-175,
,lockfile,pillow,9.4.0,PyPI,PYSEC-2023-227,,"BIT-pillow-2023-44271,CVE-2023-44271,GHSA-8ghj-p4vj-mr35",,,"PYSEC-2023-227,GHSA-8ghj-p4vj-mr35",
,lockfile,psutil,5.4.8,PyPI,GHSA-qfc5-mcwq-26q8,HIGH,"CVE-2019-18874,PYSEC-2019-41",CWE-415,CVSS:4.0/AV:N/AC:L/AT:N/PR:N/UI:N/VC:N/VI:N/VA:H/SC:N/SI:N/SA:N,"PYSEC-2019-41,GHSA-qfc5-mcwq-26q8",
,lockfile,psutil,5.4.8,PyPI,PYSEC-2019-41,,"CVE-2019-18874,GHSA-qfc5-mcwq-26q8",,,"PYSEC-2019-41,GHSA-qfc5-mcwq-26q8",
,lockfile,pycares,4.1.2,PyPI,GHSA-c58j-88f5-h53f,MODERATE,,CWE-79,CVSS:3.1/AV:N/AC:H/PR:N/UI:N/S:U/C:L/I:L/A:L,GHSA-c58j-88f5-h53f,
,lockfile,pycryptodomex,3.14.0,PyPI,GHSA-j225-cvw7-qrx7,HIGH,"CVE-2023-52323,PYSEC-2024-3",CWE-203,CVSS:4.0/AV:N/AC:L/AT:N/PR:L/UI:N/VC:H/VI:N/VA:N/SC:N/SI:N/SA:N,"PYSEC-2024-3,GHSA-j225-cvw7-qrx7",
,lockfile,pycryptodomex,3.14.0,PyPI,PYSEC-2024-3,,"CVE-2023-52323,GHSA-j225-cvw7-qrx7",,CVSS:3.1/AV:N/AC:H/PR:N/UI:N/S:U/C:H/I:N/A:N,"PYSEC-2024-3,GHSA-j225-cvw7-qrx7",
,lockfile,pycryptodomex,3.15.0,PyPI,GHSA-j225-cvw7-qrx7,HIGH,"CVE-2023-52323,PYSEC-2024-3",CWE-203,CVSS:4.0/AV:N/AC:L/AT:N/PR:L/UI:N/VC:H/VI:N/VA:N/SC:N/SI:N/SA:N,"PYSEC-2024-3,GHSA-j225-cvw7-qrx7",
,lockfile,pycryptodomex,3.15.0,PyPI,PYSEC-2024-3,,"CVE-2023-52323,GHSA-j225-cvw7-qrx7",,CVSS:3.1/AV:N/AC:H/PR:N/UI:N/S:U/C:H/I:N/A:N,"PYSEC-2024-3,GHSA-j225-cvw7-qrx7",
,lockfile,pycryptodomex,3.17,PyPI,GHSA-j225-cvw7-qrx7,HIGH,"CVE-2023-52323,PYSEC-2024-3",CWE-203,CVSS:4.0/AV:N/AC:L/AT:N/PR:L/UI:N/VC:H/VI:N/VA:N/SC:N/SI:N/SA:N,"PYSEC-2024-3,GHSA-j225-cvw7-qrx7",
,lockfile,pycryptodomex,3.17,PyPI,PYSEC-2024-3,,"CVE-2023-52323,GHSA-j225-cvw7-qrx7",,CVSS:3.1/AV:N/AC:H/PR:N/UI:N/S:U/C:H/I:N/A:N,"PYSEC-2024-3,GHSA-j225-cvw7-qrx7",
,lockfile,pycryptodomex,3.18.0,PyPI,GHSA-j225-cvw7-qrx7,HIGH,"CVE-2023-52323,PYSEC-2024-3",CWE-203,CVSS:4.0/AV:N/AC:L/AT:N/PR:L/UI:N/VC:H/VI:N/VA:N/SC:N/SI:N/SA:N,"PYSEC-2024-3,GHSA-j225-cvw7-qrx7",
,lockfile,pycryptodomex,3.18.0,PyPI,PYSEC-2024-3,,"CVE-2023-52323,GHSA-j225-cvw7-qrx7",,CVSS:3.1/AV:N/AC:H/PR:N/UI:N/S:U/C:H/I:N/A:N,"PYSEC-2024-3,GHSA-j225-cvw7-qrx7",
,lockfile,pycryptodomex,3.19.0,PyPI,GHSA-j225-cvw7-qrx7,HIGH,"CVE-2023-52323,PYSEC-2024-3",CWE-203,CVSS:4.0/AV:N/AC:L/AT:N/PR:L/UI:N/VC:H/VI:N/VA:N/SC:N/SI:N/SA:N,"PYSEC-2024-3,GHSA-j225-cvw7-qrx7",
,lockfile,pycryptodomex,3.19.0,PyPI,PYSEC-2024-3,,"CVE-2023-52323,GHSA-j225-cvw7-qrx7",,CVSS:3.1/AV:N/AC:H/PR:N/UI:N/S:U/C:H/I:N/A:N,"PYSEC-2024-3,GHSA-j225-cvw7-qrx7",
,lockfile,pycryptodomex,3.9.7,PyPI,GHSA-j225-cvw7-qrx7,HIGH,"CVE-2023-52323,PYSEC-2024-3",CWE-203,CVSS:4.0/AV:N/AC:L/AT:N/PR:L/UI:N/VC:H/VI:N/VA:N/SC:N/SI:N/SA:N,"PYSEC-2024-3,GHSA-j225-cvw7-qrx7",
,lockfile,pycryptodomex,3.9.7,PyPI,PYSEC-2024-3,,"CVE-2023-52323,GHSA-j225-cvw7-qrx7",,CVSS:3.1/AV:N/AC:H/PR:N/UI:N/S:U/C:H/I:N/A:N,"PYSEC-2024-3,GHSA-j225-cvw7-qrx7",
,lockfile,pycryptodomex,3.9.9,PyPI,GHSA-j225-cvw7-qrx7,HIGH,"CVE-2023-52323,PYSEC-2024-3",CWE-203,CVSS:4.0/AV:N/AC:L/AT:N/PR:L/UI:N/VC:H/VI:N/VA:N/SC:N/SI:N/SA:N,"PYSEC-2024-3,GHSA-j225-cvw7-qrx7",
,lockfile,pycryptodomex,3.9.9,PyPI,PYSEC-2024-3,,"CVE-2023-52323,GHSA-j225-cvw7-qrx7",,CVSS:3.1/AV:N/AC:H/PR:N/UI:N/S:U/C:H/I:N/A:N,"PYSEC-2024-3,GHSA-j225-cvw7-qrx7",
,lockfile,pyspark,3.1.2,PyPI,GHSA-329j-jfvr-rhr6,CRITICAL,"BIT-spark-2023-22946,CVE-2023-22946,PYSEC-2023-44",CWE-269,CVSS:3.1/AV:N/AC:L/PR:L/UI:N/S:C/C:H/I:H/A:H,"PYSEC-2023-44,GHSA-329j-jfvr-rhr6",
,lockfile,pyspark,3.1.2,PyPI,GHSA-43xg-8wmj-cw8h,MODERATE,"BIT-spark-2022-31777,CVE-2022-31777,PYSEC-2022-42976",CWE-74,CVSS:3.1/AV:N/AC:L/PR:L/UI:R/S:C/C:L/I:L/A:N,"PYSEC-2022-42976,GHSA-43xg-8wmj-cw8h",
,lockfile,pyspark,3.1.2,PyPI,GHSA-4x9r-j582-cgr8,HIGH,"BIT-spark-2022-33891,CVE-2022-33891,PYSEC-2022-236",CWE-78,CVSS:4.0/AV:N/AC:L/AT:N/PR:L/UI:N/VC:H/VI:H/VA:H/SC:L/SI:L/SA:N,"PYSEC-2022-236,GHSA-4x9r-j582-cgr8",
,lockfile,pyspark,3.1.2,PyPI,GHSA-59hw-j9g6-mfg3,HIGH,"BIT-spark-2023-32007,CVE-2023-32007,PYSEC-2023-72",CWE-77,CVSS:4.0/AV:N/AC:L/AT:N/PR:L/UI:N/VC:H/VI:H/VA:H/SC:L/SI:L/SA:N,"PYSEC-2023-72,GHSA-59hw-j9g6-mfg3",
,lockfile,pyspark,3.1.2,PyPI,GHSA-9rr6-jpg7-9jg6,HIGH,"BIT-spark-2021-38296,CVE-2021-38296,PYSEC-2022-186",CWE-294,CVSS:4.0/AV:N/AC:L/AT:N/PR:N/UI:N/VC:H/VI:N/VA:N/SC:N/SI:N/SA:N,"PYSEC-2022-186,GHSA-9rr6-jpg7-9jg6",
,lockfile,pyspark,3.1.2,PyPI,PYSEC-2022-186,,"BIT-spark-2021-38296,CVE-2021-38296,GHSA-9rr6-jpg7-9jg6",,,"PYSEC-2022-186,GHSA-9rr6-jpg7-9jg6",
,lockfile,pyspark,3.1.2,PyPI,PYSEC-2022-236,,"BIT-spark-2022-33891,CVE-2022-33891,GHSA-4x9r-j582-cgr8",,,"PYSEC-2022-236,GHSA-4x9r-j582-cgr8",
,lockfile,pyspark,3.1.2,PyPI,PYSEC-2022-42976,,"BIT-spark-2022-31777,CVE-2022-31777,GHSA-43xg-8wmj-cw8h",,,"PYSEC-2022-42976,GHSA-43xg-8wmj-cw8h",
,lockfile,pyspark,3.1.2,PyPI,PYSEC-2023-44,,"BIT-spark-2023-22946,CVE-2023-22946,GHSA-329j-jfvr-rhr6",,,"PYSEC-2023-44,GHSA-329j-jfvr-rhr6",
,lockfile,pyspark,3.1.2,PyPI,PYSEC-2023-72,,"BIT-spark-2023-32007,CVE-2023-32007,GHSA-59hw-j9g6-mfg3",,,"PYSEC-2023-72,GHSA-59hw-j9g6-mfg3",
,lockfile,pyspark,3.2.0,PyPI,GHSA-329j-jfvr-rhr6,CRITICAL,"BIT-spark-2023-22946,CVE-2023-22946,PYSEC-2023-44",CWE-269,CVSS:3.1/AV:N/AC:L/PR:L/UI:N/S:C/C:H/I:H/A:H,"PYSEC-2023-44,GHSA-329j-jfvr-rhr6",
,lockfile,pyspark,3.2.0,PyPI,GHSA-43xg-8wmj-cw8h,MODERATE,"BIT-spark-2022-31777,CVE-2022-31777,PYSEC-2022-42976",CWE-74,CVSS:3.1/AV:N/AC:L/PR:L/UI:R/S:C/C:L/I:L/A:N,"PYSEC-2022-42976,GHSA-43xg-8wmj-cw8h",
,lockfile,pyspark,3.2.0,PyPI,GHSA-4x9r-j582-cgr8,HIGH,"BIT-spark-2022-33891,CVE-2022-33891,PYSEC-2022-236",CWE-78,CVSS:4.0/AV:N/AC:L/AT:N/PR:L/UI:N/VC:H/VI:H/VA:H/SC:L/SI:L/SA:N,"PYSEC-2022-236,GHSA-4x9r-j582-cgr8",
,lockfile,pyspark,3.2.0,PyPI,GHSA-59hw-j9g6-mfg3,HIGH,"BIT-spark-2023-32007,CVE-2023-32007,PYSEC-2023-72",CWE-77,CVSS:4.0/AV:N/AC:L/AT:N/PR:L/UI:N/VC:H/VI:H/VA:H/SC:L/SI:L/SA:N,GHSA-59hw-j9g6-mfg3,
,lockfile,pyspark,3.2.0,PyPI,PYSEC-2022-236,,"BIT-spark-2022-33891,CVE-2022-33891,GHSA-4x9r-j582-cgr8",,,"PYSEC-2022-236,GHSA-4x9r-j582-cgr8",
,lockfile,pyspark,3.2.0,PyPI,PYSEC-2022-42976,,"BIT-spark-2022-31777,CVE-2022-31777,GHSA-43xg-8wmj-cw8h",,,"PYSEC-2022-42976,GHSA-43xg-8wmj-cw8h",
,lockfile,pyspark,3.2.0,PyPI,PYSEC-2023-44,,"BIT-spark-2023-22946,CVE-2023-22946,GHSA-329j-jfvr-rhr6",,,"PYSEC-2023-44,GHSA-329j-jfvr-rhr6",
,lockfile,pyspark,3.3.0,PyPI,GHSA-329j-jfvr-rhr6,CRITICAL,"BIT-spark-2023-22946,CVE-2023-22946,PYSEC-2023-44",CWE-269,CVSS:3.1/AV:N/AC:L/PR:L/UI:N/S:C/C:H/I:H/A:H,"PYSEC-2023-44,GHSA-329j-jfvr-rhr6",
,lockfile,pyspark,3.3.0,PyPI,GHSA-43xg-8wmj-cw8h,MODERATE,"BIT-spark-2022-31777,CVE-2022-31777,PYSEC-2022-42976",CWE-74,CVSS:3.1/AV:N/AC:L/PR:L/UI:R/S:C/C:L/I:L/A:N,GHSA-43xg-8wmj-cw8h,
,lockfile,pyspark,3.3.0,PyPI,PYSEC-2023-44,,"BIT-spark-2023-22946,CVE-2023-22946,GHSA-329j-jfvr-rhr6",,,"PYSEC-2023-44,GHSA-329j-jfvr-rhr6",
,lockfile,pyspark,3.3.1,PyPI,GHSA-329j-jfvr-rhr6,CRITICAL,"BIT-spark-2023-22946,CVE-2023-22946,PYSEC-2023-44",CWE-269,CVSS:3.1/AV:N/AC:L/PR:L/UI:N/S:C/C:H/I:H/A:H,"PYSEC-2023-44,GHSA-329j-jfvr-rhr6",
,lockfile,pyspark,3.3.1,PyPI,PYSEC-2023-44,,"BIT-spark-2023-22946,CVE-2023-22946,GHSA-329j-jfvr-rhr6",,,"PYSEC-2023-44,GHSA-329j-jfvr-rhr6",
,lockfile,pyspark,3.3.2,PyPI,PYSEC-2023-44,,"BIT-spark-2023-22946,CVE-2023-22946,GHSA-329j-jfvr-rhr6",,,PYSEC-2023-44,
,lockfile,qiskit-terra,0.24.0,PyPI,GHSA-6m2c-76ff-6vrf,CRITICAL,CVE-2025-2000,CWE-502,CVSS:3.1/AV:N/AC:L/PR:N/UI:N/S:U/C:H/I:H/A:H,GHSA-6m2c-76ff-6vrf,
,lockfile,qiskit-terra,0.24.1,PyPI,GHSA-6m2c-76ff-6vrf,CRITICAL,CVE-2025-2000,CWE-502,CVSS:3.1/AV:N/AC:L/PR:N/UI:N/S:U/C:H/I:H/A:H,GHSA-6m2c-76ff-6vrf,
,lockfile,qiskit-terra,0.25.0,PyPI,GHSA-6m2c-76ff-6vrf,CRITICAL,CVE-2025-2000,CWE-502,CVSS:3.1/AV:N/AC:L/PR:N/UI:N/S:U/C:H/I:H/A:H,GHSA-6m2c-76ff-6vrf,
,lockfile,qiskit-terra,0.45.0,PyPI,GHSA-6m2c-76ff-6vrf,CRITICAL,CVE-2025-2000,CWE-502,CVSS:3.1/AV:N/AC:L/PR:N/UI:N/S:U/C:H/I:H/A:H,GHSA-6m2c-76ff-6vrf,
,lockfile,qiskit-terra,0.45.0,PyPI,GHSA-fpmr-m242-xm7x,HIGH,CVE-2025-1403,CWE-502,CVSS:3.1/AV:N/AC:L/PR:N/UI:N/S:C/C:N/I:N/A:H,GHSA-fpmr-m242-xm7x,
,lockfile,quart,0.18.3,PyPI,GHSA-q34m-jh98-gwm2,MODERATE,CVE-2024-49767,CWE-400,CVSS:4.0/AV:N/AC:L/AT:N/PR:N/UI:N/VC:N/VI:N/VA:L/SC:N/SI:N/SA:N,GHSA-q34m-jh98-gwm2,
,lockfile,quart,0.18.4,PyPI,GHSA-q34m-jh98-gwm2,MODERATE,CVE-2024-49767,CWE-400,CVSS:4.0/AV:N/AC:L/AT:N/PR:N/UI:N/VC:N/VI:N/VA:L/SC:N/SI:N/SA:N,GHSA-q34m-jh98-gwm2,
,lockfile,quart,0.19.3,PyPI,GHSA-q34m-jh98-gwm2,MODERATE,CVE-2024-49767,CWE-400,CVSS:4.0/AV:N/AC:L/AT:N/PR:N/UI:N/VC:N/VI:N/VA:L/SC:N/SI:N/SA:N,GHSA-q34m-jh98-gwm2,
,lockfile,quart,0.19.4,PyPI,GHSA-q34m-jh98-gwm2,MODERATE,CVE-2024-49767,CWE-400,CVSS:4.0/AV:N/AC:L/AT:N/PR:N/UI:N/VC:N/VI:N/VA:L/SC:N/SI:N/SA:N,GHSA-q34m-jh98-gwm2,
,lockfile,quart,0.19.6,PyPI,GHSA-q34m-jh98-gwm2,MODERATE,CVE-2024-49767,CWE-400,CVSS:4.0/AV:N/AC:L/AT:N/PR:N/UI:N/VC:N/VI:N/VA:L/SC:N/SI:N/SA:N,GHSA-q34m-jh98-gwm2,
,lockfile,quart,0.19.8,PyPI,GHSA-q34m-jh98-gwm2,MODERATE,CVE-2024-49767,CWE-400,CVSS:4.0/AV:N/AC:L/AT:N/PR:N/UI:N/VC:N/VI:N/VA:L/SC:N/SI:N/SA:N,GHSA-q34m-jh98-gwm2,
,lockfile,quart,0.19.9,PyPI,GHSA-q34m-jh98-gwm2,MODERATE,CVE-2024-49767,CWE-400,CVSS:4.0/AV:N/AC:L/AT:N/PR:N/UI:N/VC:N/VI:N/VA:L/SC:N/SI:N/SA:N,GHSA-q34m-jh98-gwm2,
,lockfile,rsa,3.4.2,PyPI,GHSA-537h-rv9q-vvph,HIGH,"CVE-2020-13757,PYSEC-2020-99",CWE-327,CVSS:3.1/AV:N/AC:L/PR:N/UI:N/S:U/C:H/I:N/A:N,"PYSEC-2020-99,GHSA-537h-rv9q-vvph",
,lockfile,rsa,3.4.2,PyPI,GHSA-xrx6-fmxq-rjj2,HIGH,"CVE-2020-25658,PYSEC-2020-100","CWE-327,CWE-385",CVSS:4.0/AV:N/AC:L/AT:P/PR:N/UI:N/VC:H/VI:N/VA:N/SC:N/SI:N/SA:N,"PYSEC-2020-100,GHSA-xrx6-fmxq-rjj2",
,lockfile,rsa,3.4.2,PyPI,PYSEC-2020-100,,"CVE-2020-25658,GHSA-xrx6-fmxq-rjj2",,,"PYSEC-2020-100,GHSA-xrx6-fmxq-rjj2",
,lockfile,rsa,3.4.2,PyPI,PYSEC-2020-99,,"CVE-2020-13757,GHSA-537h-rv9q-vvph",,,"PYSEC-2020-99,GHSA-537h-rv9q-vvph",
,lockfile,rsa,4.0,PyPI,GHSA-537h-rv9q-vvph,HIGH,"CVE-2020-13757,PYSEC-2020-99",CWE-327,CVSS:3.1/AV:N/AC:L/PR:N/UI:N/S:U/C:H/I:N/A:N,"PYSEC-2020-99,GHSA-537h-rv9q-vvph",
,lockfile,rsa,4.0,PyPI,GHSA-xrx6-fmxq-rjj2,HIGH,"CVE-2020-25658,PYSEC-2020-100","CWE-327,CWE-385",CVSS:4.0/AV:N/AC:L/AT:P/PR:N/UI:N/VC:H/VI:N/VA:N/SC:N/SI:N/SA:N,"PYSEC-2020-100,GHSA-xrx6-fmxq-rjj2",
,lockfile,rsa,4.0,PyPI,PYSEC-2020-100,,"CVE-2020-25658,GHSA-xrx6-fmxq-rjj2",,,"PYSEC-2020-100,GHSA-xrx6-fmxq-rjj2",
,lockfile,rsa,4.0,PyPI,PYSEC-2020-99,,"CVE-2020-13757,GHSA-537h-rv9q-vvph",,,"PYSEC-2020-99,GHSA-537h-rv9q-vvph",
,lockfile,rsa,4.2,PyPI,GHSA-xrx6-fmxq-rjj2,HIGH,"CVE-2020-25658,PYSEC-2020-100","CWE-327,CWE-385",CVSS:4.0/AV:N/AC:L/AT:P/PR:N/UI:N/VC:H/VI:N/VA:N/SC:N/SI:N/SA:N,"PYSEC-2020-100,GHSA-xrx6-fmxq-rjj2",
,lockfile,rsa,4.2,PyPI,PYSEC-2020-100,,"CVE-2020-25658,GHSA-xrx6-fmxq-rjj2",,,"PYSEC-2020-100,GHSA-xrx6-fmxq-rjj2",
,lockfile,rsa,4.5,PyPI,GHSA-xrx6-fmxq-rjj2,HIGH,"CVE-2020-25658,PYSEC-2020-100","CWE-327,CWE-385",CVSS:4.0/AV:N/AC:L/AT:P/PR:N/UI:N/VC:H/VI:N/VA:N/SC:N/SI:N/SA:N,"PYSEC-2020-100,GHSA-xrx6-fmxq-rjj2",
,lockfile,rsa,4.5,PyPI,PYSEC-2020-100,,"CVE-2020-25658,GHSA-xrx6-fmxq-rjj2",,,"PYSEC-2020-100,GHSA-xrx6-fmxq-rjj2",
,lockfile,rsa,4.6,PyPI,GHSA-xrx6-fmxq-rjj2,HIGH,"CVE-2020-25658,PYSEC-2020-100","CWE-327,CWE-385",CVSS:4.0/AV:N/AC:L/AT:P/PR:N/UI:N/VC:H/VI:N/VA:N/SC:N/SI:N/SA:N,"PYSEC-2020-100,GHSA-xrx6-fmxq-rjj2",
,lockfile,rsa,4.6,PyPI,PYSEC-2020-100,,"CVE-2020-25658,GHSA-xrx6-fmxq-rjj2",,,"PYSEC-2020-100,GHSA-xrx6-fmxq-rjj2",
,lockfile,sagemaker,2.171.0,PyPI,GHSA-32g6-mg92-ghm2,MODERATE,CVE-2025-0508,CWE-440,CVSS:3.0/AV:N/AC:H/PR:N/UI:N/S:U/C:N/I:H/A:N,GHSA-32g6-mg92-ghm2,
,lockfile,sagemaker,2.171.0,PyPI,GHSA-7pc3-pr3q-58vg,HIGH,CVE-2024-34073,CWE-78,CVSS:3.1/AV:L/AC:L/PR:N/UI:R/S:U/C:H/I:H/A:H,GHSA-7pc3-pr3q-58vg,
,lockfile,sagemaker,2.171.0,PyPI,GHSA-wjvx-jhpj-r54r,HIGH,CVE-2024-34072,CWE-502,CVSS:3.1/AV:L/AC:L/PR:N/UI:R/S:U/C:H/I:H/A:H,GHSA-wjvx-jhpj-r54r,
,lockfile,sagemaker,2.192.1,PyPI,GHSA-32g6-mg92-ghm2,MODERATE,CVE-2025-0508,CWE-440,CVSS:3.0/AV:N/AC:H/PR:N/UI:N/S:U/C:N/I:H/A:N,GHSA-32g6-mg92-ghm2,
,lockfile,sagemaker,2.192.1,PyPI,GHSA-7pc3-pr3q-58vg,HIGH,CVE-2024-34073,CWE-78,CVSS:3.1/AV:L/AC:L/PR:N/UI:R/S:U/C:H/I:H/A:H,GHSA-7pc3-pr3q-58vg,
,lockfile,sagemaker,2.192.1,PyPI,GHSA-wjvx-jhpj-r54r,HIGH,CVE-2024-34072,CWE-502,CVSS:3.1/AV:L/AC:L/PR:N/UI:R/S:U/C:H/I:H/A:H,GHSA-wjvx-jhpj-r54r,
,lockfile,sagemaker,2.210.0,PyPI,GHSA-32g6-mg92-ghm2,MODERATE,CVE-2025-0508,CWE-440,CVSS:3.0/AV:N/AC:H/PR:N/UI:N/S:U/C:N/I:H/A:N,GHSA-32g6-mg92-ghm2,
,lockfile,sagemaker,2.210.0,PyPI,GHSA-7pc3-pr3q-58vg,HIGH,CVE-2024-34073,CWE-78,CVSS:3.1/AV:L/AC:L/PR:N/UI:R/S:U/C:H/I:H/A:H,GHSA-7pc3-pr3q-58vg,
,lockfile,sagemaker,2.210.0,PyPI,GHSA-wjvx-jhpj-r54r,HIGH,CVE-2024-34072,CWE-502,CVSS:3.1/AV:L/AC:L/PR:N/UI:R/S:U/C:H/I:H/A:H,GHSA-wjvx-jhpj-r54r,
,lockfile,sagemaker,2.212.0,PyPI,GHSA-32g6-mg92-ghm2,MODERATE,CVE-2025-0508,CWE-440,CVSS:3.0/AV:N/AC:H/PR:N/UI:N/S:U/C:N/I:H/A:N,GHSA-32g6-mg92-ghm2,
,lockfile,sagemaker,2.212.0,PyPI,GHSA-7pc3-pr3q-58vg,HIGH,CVE-2024-34073,CWE-78,CVSS:3.1/AV:L/AC:L/PR:N/UI:R/S:U/C:H/I:H/A:H,GHSA-7pc3-pr3q-58vg,
,lockfile,sagemaker,2.212.0,PyPI,GHSA-wjvx-jhpj-r54r,HIGH,CVE-2024-34072,CWE-502,CVSS:3.1/AV:L/AC:L/PR:N/UI:R/S:U/C:H/I:H/A:H,GHSA-wjvx-jhpj-r54r,
,lockfile,sagemaker,2.222.0,PyPI,GHSA-32g6-mg92-ghm2,MODERATE,CVE-2025-0508,CWE-440,CVSS:3.0/AV:N/AC:H/PR:N/UI:N/S:U/C:N/I:H/A:N,GHSA-32g6-mg92-ghm2,
,lockfile,sagemaker,2.225.0,PyPI,GHSA-32g6-mg92-ghm2,MODERATE,CVE-2025-0508,CWE-440,CVSS:3.0/AV:N/AC:H/PR:N/UI:N/S:U/C:N/I:H/A:N,GHSA-32g6-mg92-ghm2,
,lockfile,sagemaker,2.230.0,PyPI,GHSA-32g6-mg92-ghm2,MODERATE,CVE-2025-0508,CWE-440,CVSS:3.0/AV:N/AC:H/PR:N/UI:N/S:U/C:N/I:H/A:N,GHSA-32g6-mg92-ghm2,
,lockfile,sagemaker,2.231.0,PyPI,GHSA-32g6-mg92-ghm2,MODERATE,CVE-2025-0508,CWE-440,CVSS:3.0/AV:N/AC:H/PR:N/UI:N/S:U/C:N/I:H/A:N,GHSA-32g6-mg92-ghm2,
,lockfile,sagemaker,2.232.1,PyPI,GHSA-32g6-mg92-ghm2,MODERATE,CVE-2025-0508,CWE-440,CVSS:3.0/AV:N/AC:H/PR:N/UI:N/S:U/C:N/I:H/A:N,GHSA-32g6-mg92-ghm2,
,lockfile,sagemaker,2.232.2,PyPI,GHSA-32g6-mg92-ghm2,MODERATE,CVE-2025-0508,CWE-440,CVSS:3.0/AV:N/AC:H/PR:N/UI:N/S:U/C:N/I:H/A:N,GHSA-32g6-mg92-ghm2,
,lockfile,sagemaker,2.237.1,PyPI,GHSA-32g6-mg92-ghm2,MODERATE,CVE-2025-0508,CWE-440,CVSS:3.0/AV:N/AC:H/PR:N/UI:N/S:U/C:N/I:H/A:N,GHSA-32g6-mg92-ghm2,
,lockfile,snowflake-connector-python,2.7.9,PyPI,GHSA-2vpq-fh52-j3wv,HIGH,"CVE-2025-24793,PYSEC-2025-26",CWE-89,CVSS:3.1/AV:L/AC:H/PR:L/UI:N/S:U/C:H/I:H/A:H,"PYSEC-2025-26,GHSA-2vpq-fh52-j3wv",
,lockfile,snowflake-connector-python,2.7.9,PyPI,GHSA-4r6j-fwcx-94cf,MODERATE,CVE-2022-42965,CWE-1333,CVSS:3.1/AV:N/AC:H/PR:N/UI:N/S:U/C:N/I:N/A:H,GHSA-4r6j-fwcx-94cf,
,lockfile,snowflake-connector-python,2.7.9,PyPI,GHSA-5vvg-pvhp-hv2m,MODERATE,"CVE-2024-49750,PYSEC-2024-191",CWE-532,CVSS:3.1/AV:L/AC:L/PR:L/UI:N/S:U/C:H/I:N/A:N,"PYSEC-2024-191,GHSA-5vvg-pvhp-hv2m",
,lockfile,snowflake-connector-python,2.7.9,PyPI,GHSA-5w5m-pfw9-c8fp,HIGH,"CVE-2023-34233,PYSEC-2023-88",CWE-77,CVSS:4.0/AV:N/AC:L/AT:N/PR:L/UI:P/VC:H/VI:H/VA:N/SC:N/SI:N/SA:N,"PYSEC-2023-88,GHSA-5w5m-pfw9-c8fp",
,lockfile,snowflake-connector-python,2.7.9,PyPI,GHSA-r2x6-cjg7-8r43,MODERATE,"CVE-2025-24795,PYSEC-2025-28",CWE-276,CVSS:3.1/AV:L/AC:L/PR:L/UI:N/S:U/C:L/I:L/A:N,"PYSEC-2025-28,GHSA-r2x6-cjg7-8r43",
,lockfile,snowflake-connector-python,2.7.9,PyPI,PYSEC-2023-88,,"CVE-2023-34233,GHSA-5w5m-pfw9-c8fp",,,"PYSEC-2023-88,GHSA-5w5m-pfw9-c8fp",
,lockfile,snowflake-connector-python,2.7.9,PyPI,PYSEC-2024-191,,"CVE-2024-49750,GHSA-5vvg-pvhp-hv2m",,CVSS:3.1/AV:L/AC:L/PR:L/UI:N/S:U/C:H/I:N/A:N,"PYSEC-2024-191,GHSA-5vvg-pvhp-hv2m",
,lockfile,snowflake-connector-python,2.7.9,PyPI,PYSEC-2025-26,,"CVE-2025-24793,GHSA-2vpq-fh52-j3wv",,,"PYSEC-2025-26,GHSA-2vpq-fh52-j3wv",
,lockfile,snowflake-connector-python,2.7.9,PyPI,PYSEC-2025-28,,"CVE-2025-24795,GHSA-r2x6-cjg7-8r43",,,"PYSEC-2025-28,GHSA-r2x6-cjg7-8r43",
,lockfile,snowflake-connector-python,2.9.0,PyPI,GHSA-2vpq-fh52-j3wv,HIGH,"CVE-2025-24793,PYSEC-2025-26",CWE-89,CVSS:3.1/AV:L/AC:H/PR:L/UI:N/S:U/C:H/I:H/A:H,"PYSEC-2025-26,GHSA-2vpq-fh52-j3wv",
,lockfile,snowflake-connector-python,2.9.0,PyPI,GHSA-5vvg-pvhp-hv2m,MODERATE,"CVE-2024-49750,PYSEC-2024-191",CWE-532,CVSS:3.1/AV:L/AC:L/PR:L/UI:N/S:U/C:H/I:N/A:N,"PYSEC-2024-191,GHSA-5vvg-pvhp-hv2m",
,lockfile,snowflake-connector-python,2.9.0,PyPI,GHSA-5w5m-pfw9-c8fp,HIGH,"CVE-2023-34233,PYSEC-2023-88",CWE-77,CVSS:4.0/AV:N/AC:L/AT:N/PR:L/UI:P/VC:H/VI:H/VA:N/SC:N/SI:N/SA:N,"PYSEC-2023-88,GHSA-5w5m-pfw9-c8fp",
,lockfile,snowflake-connector-python,2.9.0,PyPI,GHSA-m4f6-vcj4-w5mx,MODERATE,"CVE-2025-24794,PYSEC-2025-27",CWE-502,CVSS:3.1/AV:L/AC:L/PR:H/UI:N/S:U/C:H/I:H/A:H,"PYSEC-2025-27,GHSA-m4f6-vcj4-w5mx",
,lockfile,snowflake-connector-python,2.9.0,PyPI,GHSA-r2x6-cjg7-8r43,MODERATE,"CVE-2025-24795,PYSEC-2025-28",CWE-276,CVSS:3.1/AV:L/AC:L/PR:L/UI:N/S:U/C:L/I:L/A:N,"PYSEC-2025-28,GHSA-r2x6-cjg7-8r43",
,lockfile,snowflake-connector-python,2.9.0,PyPI,PYSEC-2023-88,,"CVE-2023-34233,GHSA-5w5m-pfw9-c8fp",,,"PYSEC-2023-88,GHSA-5w5m-pfw9-c8fp",
,lockfile,snowflake-connector-python,2.9.0,PyPI,PYSEC-2024-191,,"CVE-2024-49750,GHSA-5vvg-pvhp-hv2m",,CVSS:3.1/AV:L/AC:L/PR:L/UI:N/S:U/C:H/I:N/A:N,"PYSEC-2024-191,GHSA-5vvg-pvhp-hv2m",
,lockfile,snowflake-connector-python,2.9.0,PyPI,PYSEC-2025-26,,"CVE-2025-24793,GHSA-2vpq-fh52-j3wv",,,"PYSEC-2025-26,GHSA-2vpq-fh52-j3wv",
,lockfile,snowflake-connector-python,2.9.0,PyPI,PYSEC-2025-27,,"CVE-2025-24794,GHSA-m4f6-vcj4-w5mx",,,"PYSEC-2025-27,GHSA-m4f6-vcj4-w5mx",
,lockfile,snowflake-connector-python,2.9.0,PyPI,PYSEC-2025-28,,"CVE-2025-24795,GHSA-r2x6-cjg7-8r43",,,"PYSEC-2025-28,GHSA-r2x6-cjg7-8r43",
,lockfile,snowflake-connector-python,3.0.3,PyPI,GHSA-2vpq-fh52-j3wv,HIGH,"CVE-2025-24793,PYSEC-2025-26",CWE-89,CVSS:3.1/AV:L/AC:H/PR:L/UI:N/S:U/C:H/I:H/A:H,"PYSEC-2025-26,GHSA-2vpq-fh52-j3wv",
,lockfile,snowflake-connector-python,3.0.3,PyPI,GHSA-5vvg-pvhp-hv2m,MODERATE,"CVE-2024-49750,PYSEC-2024-191",CWE-532,CVSS:3.1/AV:L/AC:L/PR:L/UI:N/S:U/C:H/I:N/A:N,"PYSEC-2024-191,GHSA-5vvg-pvhp-hv2m",
,lockfile,snowflake-connector-python,3.0.3,PyPI,GHSA-m4f6-vcj4-w5mx,MODERATE,"CVE-2025-24794,PYSEC-2025-27",CWE-502,CVSS:3.1/AV:L/AC:L/PR:H/UI:N/S:U/C:H/I:H/A:H,"PYSEC-2025-27,GHSA-m4f6-vcj4-w5mx",
,lockfile,snowflake-connector-python,3.0.3,PyPI,GHSA-r2x6-cjg7-8r43,MODERATE,"CVE-2025-24795,PYSEC-2025-28",CWE-276,CVSS:3.1/AV:L/AC:L/PR:L/UI:N/S:U/C:L/I:L/A:N,"PYSEC-2025-28,GHSA-r2x6-cjg7-8r43",
,lockfile,snowflake-connector-python,3.0.3,PyPI,PYSEC-2024-191,,"CVE-2024-49750,GHSA-5vvg-pvhp-hv2m",,CVSS:3.1/AV:L/AC:L/PR:L/UI:N/S:U/C:H/I:N/A:N,"PYSEC-2024-191,GHSA-5vvg-pvhp-hv2m",
,lockfile,snowflake-connector-python,3.0.3,PyPI,PYSEC-2025-26,,"CVE-2025-24793,GHSA-2vpq-fh52-j3wv",,,"PYSEC-2025-26,GHSA-2vpq-fh52-j3wv",
,lockfile,snowflake-connector-python,3.0.3,PyPI,PYSEC-2025-27,,"CVE-2025-24794,GHSA-m4f6-vcj4-w5mx",,,"PYSEC-2025-27,GHSA-m4f6-vcj4-w5mx",
,lockfile,snowflake-connector-python,3.0.3,PyPI,PYSEC-2025-28,,"CVE-2025-24795,GHSA-r2x6-cjg7-8r43",,,"PYSEC-2025-28,GHSA-r2x6-cjg7-8r43",
,lockfile,snowflake-connector-python,3.0.4,PyPI,GHSA-2vpq-fh52-j3wv,HIGH,"CVE-2025-24793,PYSEC-2025-26",CWE-89,CVSS:3.1/AV:L/AC:H/PR:L/UI:N/S:U/C:H/I:H/A:H,"PYSEC-2025-26,GHSA-2vpq-fh52-j3wv",
,lockfile,snowflake-connector-python,3.0.4,PyPI,GHSA-5vvg-pvhp-hv2m,MODERATE,"CVE-2024-49750,PYSEC-2024-191",CWE-532,CVSS:3.1/AV:L/AC:L/PR:L/UI:N/S:U/C:H/I:N/A:N,"PYSEC-2024-191,GHSA-5vvg-pvhp-hv2m",
,lockfile,snowflake-connector-python,3.0.4,PyPI,GHSA-m4f6-vcj4-w5mx,MODERATE,"CVE-2025-24794,PYSEC-2025-27",CWE-502,CVSS:3.1/AV:L/AC:L/PR:H/UI:N/S:U/C:H/I:H/A:H,"PYSEC-2025-27,GHSA-m4f6-vcj4-w5mx",
,lockfile,snowflake-connector-python,3.0.4,PyPI,GHSA-r2x6-cjg7-8r43,MODERATE,"CVE-2025-24795,PYSEC-2025-28",CWE-276,CVSS:3.1/AV:L/AC:L/PR:L/UI:N/S:U/C:L/I:L/A:N,"PYSEC-2025-28,GHSA-r2x6-cjg7-8r43",
,lockfile,snowflake-connector-python,3.0.4,PyPI,PYSEC-2024-191,,"CVE-2024-49750,GHSA-5vvg-pvhp-hv2m",,CVSS:3.1/AV:L/AC:L/PR:L/UI:N/S:U/C:H/I:N/A:N,"PYSEC-2024-191,GHSA-5vvg-pvhp-hv2m",
,lockfile,snowflake-connector-python,3.0.4,PyPI,PYSEC-2025-26,,"CVE-2025-24793,GHSA-2vpq-fh52-j3wv",,,"PYSEC-2025-26,GHSA-2vpq-fh52-j3wv",
,lockfile,snowflake-connector-python,3.0.4,PyPI,PYSEC-2025-27,,"CVE-2025-24794,GHSA-m4f6-vcj4-w5mx",,,"PYSEC-2025-27,GHSA-m4f6-vcj4-w5mx",
,lockfile,snowflake-connector-python,3.0.4,PyPI,PYSEC-2025-28,,"CVE-2025-24795,GHSA-r2x6-cjg7-8r43",,,"PYSEC-2025-28,GHSA-r2x6-cjg7-8r43",
,lockfile,snowflake-connector-python,3.1.0,PyPI,GHSA-2vpq-fh52-j3wv,HIGH,"CVE-2025-24793,PYSEC-2025-26",CWE-89,CVSS:3.1/AV:L/AC:H/PR:L/UI:N/S:U/C:H/I:H/A:H,"PYSEC-2025-26,GHSA-2vpq-fh52-j3wv",
,lockfile,snowflake-connector-python,3.1.0,PyPI,GHSA-5vvg-pvhp-hv2m,MODERATE,"CVE-2024-49750,PYSEC-2024-191",CWE-532,CVSS:3.1/AV:L/AC:L/PR:L/UI:N/S:U/C:H/I:N/A:N,"PYSEC-2024-191,GHSA-5vvg-pvhp-hv2m",
,lockfile,snowflake-connector-python,3.1.0,PyPI,GHSA-m4f6-vcj4-w5mx,MODERATE,"CVE-2025-24794,PYSEC-2025-27",CWE-502,CVSS:3.1/AV:L/AC:L/PR:H/UI:N/S:U/C:H/I:H/A:H,"PYSEC-2025-27,GHSA-m4f6-vcj4-w5mx",
,lockfile,snowflake-connector-python,3.1.0,PyPI,GHSA-r2x6-cjg7-8r43,MODERATE,"CVE-2025-24795,PYSEC-2025-28",CWE-276,CVSS:3.1/AV:L/AC:L/PR:L/UI:N/S:U/C:L/I:L/A:N,"PYSEC-2025-28,GHSA-r2x6-cjg7-8r43",
,lockfile,snowflake-connector-python,3.1.0,PyPI,PYSEC-2024-191,,"CVE-2024-49750,GHSA-5vvg-pvhp-hv2m",,CVSS:3.1/AV:L/AC:L/PR:L/UI:N/S:U/C:H/I:N/A:N,"PYSEC-2024-191,GHSA-5vvg-pvhp-hv2m",
,lockfile,snowflake-connector-python,3.1.0,PyPI,PYSEC-2025-26,,"CVE-2025-24793,GHSA-2vpq-fh52-j3wv",,,"PYSEC-2025-26,GHSA-2vpq-fh52-j3wv",
,lockfile,snowflake-connector-python,3.1.0,PyPI,PYSEC-2025-27,,"CVE-2025-24794,GHSA-m4f6-vcj4-w5mx",,,"PYSEC-2025-27,GHSA-m4f6-vcj4-w5mx",
,lockfile,snowflake-connector-python,3.1.0,PyPI,PYSEC-2025-28,,"CVE-2025-24795,GHSA-r2x6-cjg7-8r43",,,"PYSEC-2025-28,GHSA-r2x6-cjg7-8r43",
,lockfile,snowflake-connector-python,3.10.1,PyPI,GHSA-2vpq-fh52-j3wv,HIGH,"CVE-2025-24793,PYSEC-2025-26",CWE-89,CVSS:3.1/AV:L/AC:H/PR:L/UI:N/S:U/C:H/I:H/A:H,"PYSEC-2025-26,GHSA-2vpq-fh52-j3wv",
,lockfile,snowflake-connector-python,3.10.1,PyPI,GHSA-5vvg-pvhp-hv2m,MODERATE,"CVE-2024-49750,PYSEC-2024-191",CWE-532,CVSS:3.1/AV:L/AC:L/PR:L/UI:N/S:U/C:H/I:N/A:N,"PYSEC-2024-191,GHSA-5vvg-pvhp-hv2m",
,lockfile,snowflake-connector-python,3.10.1,PyPI,GHSA-m4f6-vcj4-w5mx,MODERATE,"CVE-2025-24794,PYSEC-2025-27",CWE-502,CVSS:3.1/AV:L/AC:L/PR:H/UI:N/S:U/C:H/I:H/A:H,"PYSEC-2025-27,GHSA-m4f6-vcj4-w5mx",
,lockfile,snowflake-connector-python,3.10.1,PyPI,GHSA-r2x6-cjg7-8r43,MODERATE,"CVE-2025-24795,PYSEC-2025-28",CWE-276,CVSS:3.1/AV:L/AC:L/PR:L/UI:N/S:U/C:L/I:L/A:N,"PYSEC-2025-28,GHSA-r2x6-cjg7-8r43",
,lockfile,snowflake-connector-python,3.10.1,PyPI,PYSEC-2024-191,,"CVE-2024-49750,GHSA-5vvg-pvhp-hv2m",,CVSS:3.1/AV:L/AC:L/PR:L/UI:N/S:U/C:H/I:N/A:N,"PYSEC-2024-191,GHSA-5vvg-pvhp-hv2m",
,lockfile,snowflake-connector-python,3.10.1,PyPI,PYSEC-2025-26,,"CVE-2025-24793,GHSA-2vpq-fh52-j3wv",,,"PYSEC-2025-26,GHSA-2vpq-fh52-j3wv",
,lockfile,snowflake-connector-python,3.10.1,PyPI,PYSEC-2025-27,,"CVE-2025-24794,GHSA-m4f6-vcj4-w5mx",,,"PYSEC-2025-27,GHSA-m4f6-vcj4-w5mx",
,lockfile,snowflake-connector-python,3.10.1,PyPI,PYSEC-2025-28,,"CVE-2025-24795,GHSA-r2x6-cjg7-8r43",,,"PYSEC-2025-28,GHSA-r2x6-cjg7-8r43",
,lockfile,snowflake-connector-python,3.11.0,PyPI,GHSA-2vpq-fh52-j3wv,HIGH,"CVE-2025-24793,PYSEC-2025-26",CWE-89,CVSS:3.1/AV:L/AC:H/PR:L/UI:N/S:U/C:H/I:H/A:H,"PYSEC-2025-26,GHSA-2vpq-fh52-j3wv",
,lockfile,snowflake-connector-python,3.11.0,PyPI,GHSA-5vvg-pvhp-hv2m,MODERATE,"CVE-2024-49750,PYSEC-2024-191",CWE-532,CVSS:3.1/AV:L/AC:L/PR:L/UI:N/S:U/C:H/I:N/A:N,"PYSEC-2024-191,GHSA-5vvg-pvhp-hv2m",
,lockfile,snowflake-connector-python,3.11.0,PyPI,GHSA-m4f6-vcj4-w5mx,MODERATE,"CVE-2025-24794,PYSEC-2025-27",CWE-502,CVSS:3.1/AV:L/AC:L/PR:H/UI:N/S:U/C:H/I:H/A:H,"PYSEC-2025-27,GHSA-m4f6-vcj4-w5mx",
,lockfile,snowflake-connector-python,3.11.0,PyPI,GHSA-r2x6-cjg7-8r43,MODERATE,"CVE-2025-24795,PYSEC-2025-28",CWE-276,CVSS:3.1/AV:L/AC:L/PR:L/UI:N/S:U/C:L/I:L/A:N,"PYSEC-2025-28,GHSA-r2x6-cjg7-8r43",
,lockfile,snowflake-connector-python,3.11.0,PyPI,PYSEC-2024-191,,"CVE-2024-49750,GHSA-5vvg-pvhp-hv2m",,CVSS:3.1/AV:L/AC:L/PR:L/UI:N/S:U/C:H/I:N/A:N,"PYSEC-2024-191,GHSA-5vvg-pvhp-hv2m",
,lockfile,snowflake-connector-python,3.11.0,PyPI,PYSEC-2025-26,,"CVE-2025-24793,GHSA-2vpq-fh52-j3wv",,,"PYSEC-2025-26,GHSA-2vpq-fh52-j3wv",
,lockfile,snowflake-connector-python,3.11.0,PyPI,PYSEC-2025-27,,"CVE-2025-24794,GHSA-m4f6-vcj4-w5mx",,,"PYSEC-2025-27,GHSA-m4f6-vcj4-w5mx",
,lockfile,snowflake-connector-python,3.11.0,PyPI,PYSEC-2025-28,,"CVE-2025-24795,GHSA-r2x6-cjg7-8r43",,,"PYSEC-2025-28,GHSA-r2x6-cjg7-8r43",
,lockfile,snowflake-connector-python,3.12.0,PyPI,GHSA-2vpq-fh52-j3wv,HIGH,"CVE-2025-24793,PYSEC-2025-26",CWE-89,CVSS:3.1/AV:L/AC:H/PR:L/UI:N/S:U/C:H/I:H/A:H,"PYSEC-2025-26,GHSA-2vpq-fh52-j3wv",
,lockfile,snowflake-connector-python,3.12.0,PyPI,GHSA-5vvg-pvhp-hv2m,MODERATE,"CVE-2024-49750,PYSEC-2024-191",CWE-532,CVSS:3.1/AV:L/AC:L/PR:L/UI:N/S:U/C:H/I:N/A:N,"PYSEC-2024-191,GHSA-5vvg-pvhp-hv2m",
,lockfile,snowflake-connector-python,3.12.0,PyPI,GHSA-m4f6-vcj4-w5mx,MODERATE,"CVE-2025-24794,PYSEC-2025-27",CWE-502,CVSS:3.1/AV:L/AC:L/PR:H/UI:N/S:U/C:H/I:H/A:H,"PYSEC-2025-27,GHSA-m4f6-vcj4-w5mx",
,lockfile,snowflake-connector-python,3.12.0,PyPI,GHSA-r2x6-cjg7-8r43,MODERATE,"CVE-2025-24795,PYSEC-2025-28",CWE-276,CVSS:3.1/AV:L/AC:L/PR:L/UI:N/S:U/C:L/I:L/A:N,"PYSEC-2025-28,GHSA-r2x6-cjg7-8r43",
,lockfile,snowflake-connector-python,3.12.0,PyPI,PYSEC-2024-191,,"CVE-2024-49750,GHSA-5vvg-pvhp-hv2m",,CVSS:3.1/AV:L/AC:L/PR:L/UI:N/S:U/C:H/I:N/A:N,"PYSEC-2024-191,GHSA-5vvg-pvhp-hv2m",
,lockfile,snowflake-connector-python,3.12.0,PyPI,PYSEC-2025-26,,"CVE-2025-24793,GHSA-2vpq-fh52-j3wv",,,"PYSEC-2025-26,GHSA-2vpq-fh52-j3wv",
,lockfile,snowflake-connector-python,3.12.0,PyPI,PYSEC-2025-27,,"CVE-2025-24794,GHSA-m4f6-vcj4-w5mx",,,"PYSEC-2025-27,GHSA-m4f6-vcj4-w5mx",
,lockfile,snowflake-connector-python,3.12.0,PyPI,PYSEC-2025-28,,"CVE-2025-24795,GHSA-r2x6-cjg7-8r43",,,"PYSEC-2025-28,GHSA-r2x6-cjg7-8r43",
,lockfile,snowflake-connector-python,3.12.2,PyPI,GHSA-2vpq-fh52-j3wv,HIGH,"CVE-2025-24793,PYSEC-2025-26",CWE-89,CVSS:3.1/AV:L/AC:H/PR:L/UI:N/S:U/C:H/I:H/A:H,"PYSEC-2025-26,GHSA-2vpq-fh52-j3wv",
,lockfile,snowflake-connector-python,3.12.2,PyPI,GHSA-5vvg-pvhp-hv2m,MODERATE,"CVE-2024-49750,PYSEC-2024-191",CWE-532,CVSS:3.1/AV:L/AC:L/PR:L/UI:N/S:U/C:H/I:N/A:N,"PYSEC-2024-191,GHSA-5vvg-pvhp-hv2m",
,lockfile,snowflake-connector-python,3.12.2,PyPI,GHSA-m4f6-vcj4-w5mx,MODERATE,"CVE-2025-24794,PYSEC-2025-27",CWE-502,CVSS:3.1/AV:L/AC:L/PR:H/UI:N/S:U/C:H/I:H/A:H,"PYSEC-2025-27,GHSA-m4f6-vcj4-w5mx",
,lockfile,snowflake-connector-python,3.12.2,PyPI,GHSA-r2x6-cjg7-8r43,MODERATE,"CVE-2025-24795,PYSEC-2025-28",CWE-276,CVSS:3.1/AV:L/AC:L/PR:L/UI:N/S:U/C:L/I:L/A:N,"PYSEC-2025-28,GHSA-r2x6-cjg7-8r43",
,lockfile,snowflake-connector-python,3.12.2,PyPI,PYSEC-2024-191,,"CVE-2024-49750,GHSA-5vvg-pvhp-hv2m",,CVSS:3.1/AV:L/AC:L/PR:L/UI:N/S:U/C:H/I:N/A:N,"PYSEC-2024-191,GHSA-5vvg-pvhp-hv2m",
,lockfile,snowflake-connector-python,3.12.2,PyPI,PYSEC-2025-26,,"CVE-2025-24793,GHSA-2vpq-fh52-j3wv",,,"PYSEC-2025-26,GHSA-2vpq-fh52-j3wv",
,lockfile,snowflake-connector-python,3.12.2,PyPI,PYSEC-2025-27,,"CVE-2025-24794,GHSA-m4f6-vcj4-w5mx",,,"PYSEC-2025-27,GHSA-m4f6-vcj4-w5mx",
,lockfile,snowflake-connector-python,3.12.2,PyPI,PYSEC-2025-28,,"CVE-2025-24795,GHSA-r2x6-cjg7-8r43",,,"PYSEC-2025-28,GHSA-r2x6-cjg7-8r43",
,lockfile,snowflake-connector-python,3.12.3,PyPI,GHSA-2vpq-fh52-j3wv,HIGH,"CVE-2025-24793,PYSEC-2025-26",CWE-89,CVSS:3.1/AV:L/AC:H/PR:L/UI:N/S:U/C:H/I:H/A:H,"PYSEC-2025-26,GHSA-2vpq-fh52-j3wv",
,lockfile,snowflake-connector-python,3.12.3,PyPI,GHSA-m4f6-vcj4-w5mx,MODERATE,"CVE-2025-24794,PYSEC-2025-27",CWE-502,CVSS:3.1/AV:L/AC:L/PR:H/UI:N/S:U/C:H/I:H/A:H,"PYSEC-2025-27,GHSA-m4f6-vcj4-w5mx",
,lockfile,snowflake-connector-python,3.12.3,PyPI,GHSA-r2x6-cjg7-8r43,MODERATE,"CVE-2025-24795,PYSEC-2025-28",CWE-276,CVSS:3.1/AV:L/AC:L/PR:L/UI:N/S:U/C:L/I:L/A:N,"PYSEC-2025-28,GHSA-r2x6-cjg7-8r43",
,lockfile,snowflake-connector-python,3.12.3,PyPI,PYSEC-2025-26,,"CVE-2025-24793,GHSA-2vpq-fh52-j3wv",,,"PYSEC-2025-26,GHSA-2vpq-fh52-j3wv",
,lockfile,snowflake-connector-python,3.12.3,PyPI,PYSEC-2025-27,,"CVE-2025-24794,GHSA-m4f6-vcj4-w5mx",,,"PYSEC-2025-27,GHSA-m4f6-vcj4-w5mx",
,lockfile,snowflake-connector-python,3.12.3,PyPI,PYSEC-2025-28,,"CVE-2025-24795,GHSA-r2x6-cjg7-8r43",,,"PYSEC-2025-28,GHSA-r2x6-cjg7-8r43",
,lockfile,snowflake-connector-python,3.12.4,PyPI,GHSA-2vpq-fh52-j3wv,HIGH,"CVE-2025-24793,PYSEC-2025-26",CWE-89,CVSS:3.1/AV:L/AC:H/PR:L/UI:N/S:U/C:H/I:H/A:H,"PYSEC-2025-26,GHSA-2vpq-fh52-j3wv",
,lockfile,snowflake-connector-python,3.12.4,PyPI,GHSA-m4f6-vcj4-w5mx,MODERATE,"CVE-2025-24794,PYSEC-2025-27",CWE-502,CVSS:3.1/AV:L/AC:L/PR:H/UI:N/S:U/C:H/I:H/A:H,"PYSEC-2025-27,GHSA-m4f6-vcj4-w5mx",
,lockfile,snowflake-connector-python,3.12.4,PyPI,GHSA-r2x6-cjg7-8r43,MODERATE,"CVE-2025-24795,PYSEC-2025-28",CWE-276,CVSS:3.1/AV:L/AC:L/PR:L/UI:N/S:U/C:L/I:L/A:N,"PYSEC-2025-28,GHSA-r2x6-cjg7-8r43",
,lockfile,snowflake-connector-python,3.12.4,PyPI,PYSEC-2025-26,,"CVE-2025-24793,GHSA-2vpq-fh52-j3wv",,,"PYSEC-2025-26,GHSA-2vpq-fh52-j3wv",
,lockfile,snowflake-connector-python,3.12.4,PyPI,PYSEC-2025-27,,"CVE-2025-24794,GHSA-m4f6-vcj4-w5mx",,,"PYSEC-2025-27,GHSA-m4f6-vcj4-w5mx",
,lockfile,snowflake-connector-python,3.12.4,PyPI,PYSEC-2025-28,,"CVE-2025-24795,GHSA-r2x6-cjg7-8r43",,,"PYSEC-2025-28,GHSA-r2x6-cjg7-8r43",
,lockfile,snowflake-connector-python,3.13.0,PyPI,GHSA-2vpq-fh52-j3wv,HIGH,"CVE-2025-24793,PYSEC-2025-26",CWE-89,CVSS:3.1/AV:L/AC:H/PR:L/UI:N/S:U/C:H/I:H/A:H,"PYSEC-2025-26,GHSA-2vpq-fh52-j3wv",
,lockfile,snowflake-connector-python,3.13.0,PyPI,GHSA-m4f6-vcj4-w5mx,MODERATE,"CVE-2025-24794,PYSEC-2025-27",CWE-502,CVSS:3.1/AV:L/AC:L/PR:H/UI:N/S:U/C:H/I:H/A:H,"PYSEC-2025-27,GHSA-m4f6-vcj4-w5mx",
,lockfile,snowflake-connector-python,3.13.0,PyPI,GHSA-r2x6-cjg7-8r43,MODERATE,"CVE-2025-24795,PYSEC-2025-28",CWE-276,CVSS:3.1/AV:L/AC:L/PR:L/UI:N/S:U/C:L/I:L/A:N,"PYSEC-2025-28,GHSA-r2x6-cjg7-8r43",
,lockfile,snowflake-connector-python,3.13.0,PyPI,PYSEC-2025-26,,"CVE-2025-24793,GHSA-2vpq-fh52-j3wv",,,"PYSEC-2025-26,GHSA-2vpq-fh52-j3wv",
,lockfile,snowflake-connector-python,3.13.0,PyPI,PYSEC-2025-27,,"CVE-2025-24794,GHSA-m4f6-vcj4-w5mx",,,"PYSEC-2025-27,GHSA-m4f6-vcj4-w5mx",
,lockfile,snowflake-connector-python,3.13.0,PyPI,PYSEC-2025-28,,"CVE-2025-24795,GHSA-r2x6-cjg7-8r43",,,"PYSEC-2025-28,GHSA-r2x6-cjg7-8r43",
,lockfile,snowflake-connector-python,3.3.0,PyPI,GHSA-2vpq-fh52-j3wv,HIGH,"CVE-2025-24793,PYSEC-2025-26",CWE-89,CVSS:3.1/AV:L/AC:H/PR:L/UI:N/S:U/C:H/I:H/A:H,"PYSEC-2025-26,GHSA-2vpq-fh52-j3wv",
,lockfile,snowflake-connector-python,3.3.0,PyPI,GHSA-5vvg-pvhp-hv2m,MODERATE,"CVE-2024-49750,PYSEC-2024-191",CWE-532,CVSS:3.1/AV:L/AC:L/PR:L/UI:N/S:U/C:H/I:N/A:N,"PYSEC-2024-191,GHSA-5vvg-pvhp-hv2m",
,lockfile,snowflake-connector-python,3.3.0,PyPI,GHSA-m4f6-vcj4-w5mx,MODERATE,"CVE-2025-24794,PYSEC-2025-27",CWE-502,CVSS:3.1/AV:L/AC:L/PR:H/UI:N/S:U/C:H/I:H/A:H,"PYSEC-2025-27,GHSA-m4f6-vcj4-w5mx",
,lockfile,snowflake-connector-python,3.3.0,PyPI,GHSA-r2x6-cjg7-8r43,MODERATE,"CVE-2025-24795,PYSEC-2025-28",CWE-276,CVSS:3.1/AV:L/AC:L/PR:L/UI:N/S:U/C:L/I:L/A:N,"PYSEC-2025-28,GHSA-r2x6-cjg7-8r43",
,lockfile,snowflake-connector-python,3.3.0,PyPI,PYSEC-2024-191,,"CVE-2024-49750,GHSA-5vvg-pvhp-hv2m",,CVSS:3.1/AV:L/AC:L/PR:L/UI:N/S:U/C:H/I:N/A:N,"PYSEC-2024-191,GHSA-5vvg-pvhp-hv2m",
,lockfile,snowflake-connector-python,3.3.0,PyPI,PYSEC-2025-26,,"CVE-2025-24793,GHSA-2vpq-fh52-j3wv",,,"PYSEC-2025-26,GHSA-2vpq-fh52-j3wv",
,lockfile,snowflake-connector-python,3.3.0,PyPI,PYSEC-2025-27,,"CVE-2025-24794,GHSA-m4f6-vcj4-w5mx",,,"PYSEC-2025-27,GHSA-m4f6-vcj4-w5mx",
,lockfile,snowflake-connector-python,3.3.0,PyPI,PYSEC-2025-28,,"CVE-2025-24795,GHSA-r2x6-cjg7-8r43",,,"PYSEC-2025-28,GHSA-r2x6-cjg7-8r43",
,lockfile,snowflake-connector-python,3.7.1,PyPI,GHSA-2vpq-fh52-j3wv,HIGH,"CVE-2025-24793,PYSEC-2025-26",CWE-89,CVSS:3.1/AV:L/AC:H/PR:L/UI:N/S:U/C:H/I:H/A:H,"PYSEC-2025-26,GHSA-2vpq-fh52-j3wv",
,lockfile,snowflake-connector-python,3.7.1,PyPI,GHSA-5vvg-pvhp-hv2m,MODERATE,"CVE-2024-49750,PYSEC-2024-191",CWE-532,CVSS:3.1/AV:L/AC:L/PR:L/UI:N/S:U/C:H/I:N/A:N,"PYSEC-2024-191,GHSA-5vvg-pvhp-hv2m",
,lockfile,snowflake-connector-python,3.7.1,PyPI,GHSA-m4f6-vcj4-w5mx,MODERATE,"CVE-2025-24794,PYSEC-2025-27",CWE-502,CVSS:3.1/AV:L/AC:L/PR:H/UI:N/S:U/C:H/I:H/A:H,"PYSEC-2025-27,GHSA-m4f6-vcj4-w5mx",
,lockfile,snowflake-connector-python,3.7.1,PyPI,GHSA-r2x6-cjg7-8r43,MODERATE,"CVE-2025-24795,PYSEC-2025-28",CWE-276,CVSS:3.1/AV:L/AC:L/PR:L/UI:N/S:U/C:L/I:L/A:N,"PYSEC-2025-28,GHSA-r2x6-cjg7-8r43",
,lockfile,snowflake-connector-python,3.7.1,PyPI,PYSEC-2024-191,,"CVE-2024-49750,GHSA-5vvg-pvhp-hv2m",,CVSS:3.1/AV:L/AC:L/PR:L/UI:N/S:U/C:H/I:N/A:N,"PYSEC-2024-191,GHSA-5vvg-pvhp-hv2m",
,lockfile,snowflake-connector-python,3.7.1,PyPI,PYSEC-2025-26,,"CVE-2025-24793,GHSA-2vpq-fh52-j3wv",,,"PYSEC-2025-26,GHSA-2vpq-fh52-j3wv",
,lockfile,snowflake-connector-python,3.7.1,PyPI,PYSEC-2025-27,,"CVE-2025-24794,GHSA-m4f6-vcj4-w5mx",,,"PYSEC-2025-27,GHSA-m4f6-vcj4-w5mx",
,lockfile,snowflake-connector-python,3.7.1,PyPI,PYSEC-2025-28,,"CVE-2025-24795,GHSA-r2x6-cjg7-8r43",,,"PYSEC-2025-28,GHSA-r2x6-cjg7-8r43",
,lockfile,sqlitedict,1.7.0,PyPI,GHSA-g4r7-86gm-pgqc,HIGH,CVE-2024-35515,"CWE-502,CWE-94",CVSS:4.0/AV:N/AC:L/AT:N/PR:N/UI:A/VC:H/VI:H/VA:H/SC:N/SI:N/SA:N,GHSA-g4r7-86gm-pgqc,
,lockfile,sqlitedict,2.0.0,PyPI,GHSA-g4r7-86gm-pgqc,HIGH,CVE-2024-35515,"CWE-502,CWE-94",CVSS:4.0/AV:N/AC:L/AT:N/PR:N/UI:A/VC:H/VI:H/VA:H/SC:N/SI:N/SA:N,GHSA-g4r7-86gm-pgqc,
,lockfile,sqlitedict,2.1.0,PyPI,GHSA-g4r7-86gm-pgqc,HIGH,CVE-2024-35515,"CWE-502,CWE-94",CVSS:4.0/AV:N/AC:L/AT:N/PR:N/UI:A/VC:H/VI:H/VA:H/SC:N/SI:N/SA:N,GHSA-g4r7-86gm-pgqc,
,lockfile,strawberry-graphql,0.138.1,PyPI,GHSA-79gp-q4wv-33fr,MODERATE,"CVE-2024-47082,PYSEC-2024-171",CWE-352,CVSS:4.0/AV:N/AC:L/AT:N/PR:L/UI:A/VC:N/VI:L/VA:L/SC:N/SI:N/SA:N,"PYSEC-2024-171,GHSA-79gp-q4wv-33fr",
,lockfile,strawberry-graphql,0.138.1,PyPI,PYSEC-2024-171,,"CVE-2024-47082,GHSA-79gp-q4wv-33fr",,CVSS:3.1/AV:N/AC:L/PR:L/UI:R/S:U/C:H/I:H/A:H,"PYSEC-2024-171,GHSA-79gp-q4wv-33fr",
,lockfile,strawberry-graphql,0.208.2,PyPI,GHSA-5xh2-23cc-5jc6,LOW,CVE-2025-22151,"CWE-351,CWE-843",CVSS:3.1/AV:N/AC:H/PR:N/UI:N/S:U/C:L/I:N/A:N,GHSA-5xh2-23cc-5jc6,
,lockfile,strawberry-graphql,0.208.2,PyPI,GHSA-79gp-q4wv-33fr,MODERATE,"CVE-2024-47082,PYSEC-2024-171",CWE-352,CVSS:4.0/AV:N/AC:L/AT:N/PR:L/UI:A/VC:N/VI:L/VA:L/SC:N/SI:N/SA:N,"PYSEC-2024-171,GHSA-79gp-q4wv-33fr",
,lockfile,strawberry-graphql,0.208.2,PyPI,PYSEC-2024-171,,"CVE-2024-47082,GHSA-79gp-q4wv-33fr",,CVSS:3.1/AV:N/AC:L/PR:L/UI:R/S:U/C:H/I:H/A:H,"PYSEC-2024-171,GHSA-79gp-q4wv-33fr",
,lockfile,strawberry-graphql,0.209.5,PyPI,GHSA-5xh2-23cc-5jc6,LOW,CVE-2025-22151,"CWE-351,CWE-843",CVSS:3.1/AV:N/AC:H/PR:N/UI:N/S:U/C:L/I:N/A:N,GHSA-5xh2-23cc-5jc6,
,lockfile,strawberry-graphql,0.209.5,PyPI,GHSA-79gp-q4wv-33fr,MODERATE,"CVE-2024-47082,PYSEC-2024-171",CWE-352,CVSS:4.0/AV:N/AC:L/AT:N/PR:L/UI:A/VC:N/VI:L/VA:L/SC:N/SI:N/SA:N,"PYSEC-2024-171,GHSA-79gp-q4wv-33fr",
,lockfile,strawberry-graphql,0.209.5,PyPI,PYSEC-2024-171,,"CVE-2024-47082,GHSA-79gp-q4wv-33fr",,CVSS:3.1/AV:N/AC:L/PR:L/UI:R/S:U/C:H/I:H/A:H,"PYSEC-2024-171,GHSA-79gp-q4wv-33fr",
,lockfile,strawberry-graphql,0.235.0,PyPI,GHSA-5xh2-23cc-5jc6,LOW,CVE-2025-22151,"CWE-351,CWE-843",CVSS:3.1/AV:N/AC:H/PR:N/UI:N/S:U/C:L/I:N/A:N,GHSA-5xh2-23cc-5jc6,
,lockfile,strawberry-graphql,0.235.0,PyPI,GHSA-79gp-q4wv-33fr,MODERATE,"CVE-2024-47082,PYSEC-2024-171",CWE-352,CVSS:4.0/AV:N/AC:L/AT:N/PR:L/UI:A/VC:N/VI:L/VA:L/SC:N/SI:N/SA:N,"PYSEC-2024-171,GHSA-79gp-q4wv-33fr",
,lockfile,strawberry-graphql,0.235.0,PyPI,PYSEC-2024-171,,"CVE-2024-47082,GHSA-79gp-q4wv-33fr",,CVSS:3.1/AV:N/AC:L/PR:L/UI:R/S:U/C:H/I:H/A:H,"PYSEC-2024-171,GHSA-79gp-q4wv-33fr",
,lockfile,strawberry-graphql,0.246.0,PyPI,GHSA-5xh2-23cc-5jc6,LOW,CVE-2025-22151,"CWE-351,CWE-843",CVSS:3.1/AV:N/AC:H/PR:N/UI:N/S:U/C:L/I:N/A:N,GHSA-5xh2-23cc-5jc6,
,lockfile,strawberry-graphql,0.247.2,PyPI,GHSA-5xh2-23cc-5jc6,LOW,CVE-2025-22151,"CWE-351,CWE-843",CVSS:3.1/AV:N/AC:H/PR:N/UI:N/S:U/C:L/I:N/A:N,GHSA-5xh2-23cc-5jc6,
,lockfile,strawberry-graphql,0.249.0,PyPI,GHSA-5xh2-23cc-5jc6,LOW,CVE-2025-22151,"CWE-351,CWE-843",CVSS:3.1/AV:N/AC:H/PR:N/UI:N/S:U/C:L/I:N/A:N,GHSA-5xh2-23cc-5jc6,
,lockfile,strawberry-graphql,0.253.1,PyPI,GHSA-5xh2-23cc-5jc6,LOW,CVE-2025-22151,"CWE-351,CWE-843",CVSS:3.1/AV:N/AC:H/PR:N/UI:N/S:U/C:L/I:N/A:N,GHSA-5xh2-23cc-5jc6,
,lockfile,strawberry-graphql,0.256.1,PyPI,GHSA-5xh2-23cc-5jc6,LOW,CVE-2025-22151,"CWE-351,CWE-843",CVSS:3.1/AV:N/AC:H/PR:N/UI:N/S:U/C:L/I:N/A:N,GHSA-5xh2-23cc-5jc6,
,lockfile,taipy,3.1.1,PyPI,GHSA-pp84-v3mw-gg4w,HIGH,,,,GHSA-pp84-v3mw-gg4w,
,lockfile,taipy,3.1.1,PyPI,GHSA-r3jq-4r5c-j9hp,MODERATE,"CVE-2024-47833,PYSEC-2024-168","CWE-1004,CWE-319,CWE-614",CVSS:4.0/AV:N/AC:L/AT:P/PR:N/UI:N/VC:L/VI:L/VA:L/SC:N/SI:N/SA:N/E:X/CR:X/IR:X/AR:X/MAV:X/MAC:X/MAT:X/MPR:X/MUI:X/MVC:X/MVI:X/MVA:X/MSC:X/MSI:X/MSA:X/S:X/AU:X/R:X/V:X/RE:X/U:X,"PYSEC-2024-168,GHSA-r3jq-4r5c-j9hp",
,lockfile,taipy,3.1.1,PyPI,PYSEC-2024-168,,"CVE-2024-47833,GHSA-r3jq-4r5c-j9hp",,CVSS:3.1/AV:N/AC:L/PR:N/UI:N/S:U/C:L/I:L/A:N,"PYSEC-2024-168,GHSA-r3jq-4r5c-j9hp",
,lockfile,tensorflow-cpu,2.1.0,PyPI,GHSA-23hm-7w47-xw72,HIGH,"BIT-tensorflow-2022-21726,CVE-2022-21726,PYSEC-2022-105,PYSEC-2022-50",CWE-125,CVSS:4.0/AV:N/AC:L/AT:N/PR:L/UI:N/VC:H/VI:N/VA:H/SC:N/SI:N/SA:N,"PYSEC-2022-50,GHSA-23hm-7w47-xw72",
,lockfile,tensorflow-cpu,2.1.0,PyPI,GHSA-2475-53vw-vp25,MODERATE,"BIT-tensorflow-2022-35968,CVE-2022-35968",CWE-617,CVSS:3.1/AV:N/AC:H/PR:N/UI:N/S:U/C:N/I:N/A:H,GHSA-2475-53vw-vp25,
,lockfile,tensorflow-cpu,2.1.0,PyPI,GHSA-247x-2f9f-5wp7,HIGH,"BIT-tensorflow-2022-23591,CVE-2022-23591,PYSEC-2022-100,PYSEC-2022-155","CWE-400,CWE-674",CVSS:4.0/AV:N/AC:L/AT:N/PR:L/UI:N/VC:N/VI:N/VA:H/SC:N/SI:N/SA:N,"PYSEC-2022-100,GHSA-247x-2f9f-5wp7",
,lockfile,tensorflow-cpu,2.1.0,PyPI,GHSA-24x4-6qmh-88qg,HIGH,"BIT-tensorflow-2022-23584,CVE-2022-23584,PYSEC-2022-148,PYSEC-2022-93",CWE-416,CVSS:3.1/AV:N/AC:L/PR:L/UI:N/S:U/C:L/I:L/A:H,"PYSEC-2022-93,GHSA-24x4-6qmh-88qg",
,lockfile,tensorflow-cpu,2.1.0,PyPI,GHSA-24x6-8c7m-hv3f,LOW,"BIT-tensorflow-2021-29590,CVE-2021-29590,PYSEC-2021-227,PYSEC-2021-518,PYSEC-2021-716",CWE-125,CVSS:4.0/AV:L/AC:L/AT:P/PR:L/UI:N/VC:N/VI:N/VA:L/SC:N/SI:N/SA:N,"PYSEC-2021-518,GHSA-24x6-8c7m-hv3f",
,lockfile,tensorflow-cpu,2.1.0,PyPI,GHSA-26j7-6w8w-7922,LOW,"BIT-tensorflow-2021-29586,CVE-2021-29586,PYSEC-2021-223,PYSEC-2021-514,PYSEC-2021-712",CWE-369,CVSS:4.0/AV:N/AC:L/AT:P/PR:L/UI:N/VC:N/VI:N/VA:L/SC:N/SI:N/SA:N,"PYSEC-2021-514,GHSA-26j7-6w8w-7922",
,lockfile,tensorflow-cpu,2.1.0,PyPI,GHSA-278g-rq84-9hmg,MODERATE,"BIT-tensorflow-2021-37673,CVE-2021-37673,PYSEC-2021-295,PYSEC-2021-586,PYSEC-2021-784",CWE-20,CVSS:4.0/AV:L/AC:L/AT:N/PR:L/UI:N/VC:N/VI:N/VA:H/SC:N/SI:N/SA:N,GHSA-278g-rq84-9hmg,
,lockfile,tensorflow-cpu,2.1.0,PyPI,GHSA-27j5-4p9v-pp67,MODERATE,"BIT-tensorflow-2021-37644,CVE-2021-37644,PYSEC-2021-266,PYSEC-2021-557,PYSEC-2021-755",CWE-617,CVSS:4.0/AV:L/AC:L/AT:P/PR:L/UI:N/VC:N/VI:N/VA:H/SC:N/SI:N/SA:N,GHSA-27j5-4p9v-pp67,
,lockfile,tensorflow-cpu,2.1.0,PyPI,GHSA-27qf-jwm8-g7f3,MODERATE,"BIT-tensorflow-2021-37691,CVE-2021-37691,PYSEC-2021-313,PYSEC-2021-604,PYSEC-2021-802",CWE-369,CVSS:4.0/AV:L/AC:L/AT:N/PR:L/UI:N/VC:N/VI:N/VA:H/SC:N/SI:N/SA:N,GHSA-27qf-jwm8-g7f3,
,lockfile,tensorflow-cpu,2.1.0,PyPI,GHSA-27rc-728f-x5w2,MODERATE,"BIT-tensorflow-2022-41899,CVE-2022-41899","CWE-20,CWE-617",CVSS:3.1/AV:N/AC:H/PR:L/UI:R/S:U/C:N/I:N/A:H,GHSA-27rc-728f-x5w2,
,lockfile,tensorflow-cpu,2.1.0,PyPI,GHSA-2cpx-427x-q2c6,LOW,"BIT-tensorflow-2021-29523,CVE-2021-29523,PYSEC-2021-160,PYSEC-2021-451,PYSEC-2021-649",CWE-190,CVSS:4.0/AV:L/AC:L/AT:P/PR:L/UI:N/VC:N/VI:N/VA:L/SC:N/SI:N/SA:N,"PYSEC-2021-451,GHSA-2cpx-427x-q2c6",
,lockfile,tensorflow-cpu,2.1.0,PyPI,GHSA-2gfx-95x2-5v3x,LOW,"BIT-tensorflow-2021-29536,CVE-2021-29536,PYSEC-2021-173,PYSEC-2021-464,PYSEC-2021-662",CWE-787,CVSS:4.0/AV:L/AC:L/AT:P/PR:L/UI:N/VC:N/VI:N/VA:L/SC:N/SI:N/SA:N,"PYSEC-2021-464,GHSA-2gfx-95x2-5v3x",
,lockfile,tensorflow-cpu,2.1.0,PyPI,GHSA-2p25-55c9-h58q,MODERATE,"BIT-tensorflow-2021-41198,CVE-2021-41198,PYSEC-2021-391,PYSEC-2021-608,PYSEC-2021-806",CWE-190,CVSS:4.0/AV:L/AC:L/AT:N/PR:L/UI:N/VC:N/VI:N/VA:H/SC:N/SI:N/SA:N,"PYSEC-2021-608,GHSA-2p25-55c9-h58q",
,lockfile,tensorflow-cpu,2.1.0,PyPI,GHSA-2p9q-h29j-3f5v,MODERATE,"BIT-tensorflow-2022-29193,CVE-2022-29193",CWE-20,CVSS:3.1/AV:L/AC:L/PR:L/UI:N/S:U/C:N/I:N/A:H,GHSA-2p9q-h29j-3f5v,
,lockfile,tensorflow-cpu,2.1.0,PyPI,GHSA-2r2f-g8mw-9gvr,HIGH,"BIT-tensorflow-2022-29208,CVE-2022-29208",CWE-787,CVSS:3.1/AV:L/AC:L/PR:L/UI:N/S:U/C:N/I:H/A:H,GHSA-2r2f-g8mw-9gvr,
,lockfile,tensorflow-cpu,2.1.0,PyPI,GHSA-2r8p-fg3c-wcj4,HIGH,"BIT-tensorflow-2021-37654,CVE-2021-37654,PYSEC-2021-276,PYSEC-2021-567,PYSEC-2021-765",CWE-125,CVSS:4.0/AV:L/AC:L/AT:N/PR:L/UI:N/VC:H/VI:L/VA:H/SC:N/SI:N/SA:N,GHSA-2r8p-fg3c-wcj4,
,lockfile,tensorflow-cpu,2.1.0,PyPI,GHSA-2vv3-56qg-g2cf,MODERATE,"BIT-tensorflow-2022-29200,CVE-2022-29200","CWE-1284,CWE-20",CVSS:3.1/AV:L/AC:L/PR:L/UI:N/S:U/C:N/I:N/A:H,GHSA-2vv3-56qg-g2cf,
,lockfile,tensorflow-cpu,2.1.0,PyPI,GHSA-2wmv-37vq-52g5,MODERATE,"BIT-tensorflow-2021-37668,CVE-2021-37668,PYSEC-2021-290,PYSEC-2021-581,PYSEC-2021-779",CWE-369,CVSS:4.0/AV:L/AC:L/AT:N/PR:L/UI:N/VC:N/VI:N/VA:H/SC:N/SI:N/SA:N,GHSA-2wmv-37vq-52g5,
,lockfile,tensorflow-cpu,2.1.0,PyPI,GHSA-2xgj-xhgf-ggjv,LOW,"BIT-tensorflow-2021-29612,CVE-2021-29612,PYSEC-2021-249,PYSEC-2021-540,PYSEC-2021-738","CWE-120,CWE-787",CVSS:4.0/AV:L/AC:L/AT:P/PR:L/UI:N/VC:N/VI:L/VA:L/SC:N/SI:N/SA:N,"PYSEC-2021-540,GHSA-2xgj-xhgf-ggjv",
,lockfile,tensorflow-cpu,2.1.0,PyPI,GHSA-34f9-hjfq-rr8j,HIGH,"BIT-tensorflow-2022-21729,CVE-2022-21729,PYSEC-2022-108,PYSEC-2022-53",CWE-190,CVSS:4.0/AV:N/AC:L/AT:N/PR:L/UI:N/VC:N/VI:N/VA:H/SC:N/SI:N/SA:N,"PYSEC-2022-53,GHSA-34f9-hjfq-rr8j",
,lockfile,tensorflow-cpu,2.1.0,PyPI,GHSA-368v-7v32-52fx,MODERATE,"BIT-tensorflow-2022-41907,CVE-2022-41907",CWE-131,CVSS:3.1/AV:N/AC:H/PR:L/UI:R/S:U/C:N/I:N/A:H,GHSA-368v-7v32-52fx,
,lockfile,tensorflow-cpu,2.1.0,PyPI,GHSA-36vm-xw34-x4pj,LOW,"BIT-tensorflow-2021-29562,CVE-2021-29562,PYSEC-2021-199,PYSEC-2021-490,PYSEC-2021-688",CWE-617,CVSS:4.0/AV:L/AC:L/AT:P/PR:L/UI:N/VC:N/VI:N/VA:L/SC:N/SI:N/SA:N,"PYSEC-2021-490,GHSA-36vm-xw34-x4pj",
,lockfile,tensorflow-cpu,2.1.0,PyPI,GHSA-374m-jm66-3vj8,MODERATE,"BIT-tensorflow-2021-41226,CVE-2021-41226,PYSEC-2021-418,PYSEC-2021-635,PYSEC-2021-833",CWE-125,CVSS:4.0/AV:L/AC:L/AT:N/PR:L/UI:N/VC:H/VI:N/VA:H/SC:N/SI:N/SA:N,"PYSEC-2021-635,GHSA-374m-jm66-3vj8",
,lockfile,tensorflow-cpu,2.1.0,PyPI,GHSA-37jf-mjv6-xfqw,MODERATE,"BIT-tensorflow-2022-35999,CVE-2022-35999",CWE-617,CVSS:3.1/AV:N/AC:H/PR:N/UI:N/S:U/C:N/I:N/A:H,GHSA-37jf-mjv6-xfqw,
,lockfile,tensorflow-cpu,2.1.0,PyPI,GHSA-393f-2jr3-cp69,LOW,"BIT-tensorflow-2021-29533,CVE-2021-29533,PYSEC-2021-170,PYSEC-2021-461,PYSEC-2021-659",CWE-754,CVSS:4.0/AV:L/AC:L/AT:P/PR:L/UI:N/VC:N/VI:N/VA:L/SC:N/SI:N/SA:N,"PYSEC-2021-461,GHSA-393f-2jr3-cp69",
,lockfile,tensorflow-cpu,2.1.0,PyPI,GHSA-397c-5g2j-qxpv,MODERATE,"BIT-tensorflow-2022-35982,CVE-2022-35982",CWE-20,CVSS:3.1/AV:N/AC:H/PR:N/UI:N/S:U/C:N/I:N/A:H,GHSA-397c-5g2j-qxpv,
,lockfile,tensorflow-cpu,2.1.0,PyPI,GHSA-3ff2-r28g-w7h9,MODERATE,"BIT-tensorflow-2021-41216,CVE-2021-41216,PYSEC-2021-408,PYSEC-2021-625,PYSEC-2021-823","CWE-120,CWE-787",CVSS:3.1/AV:L/AC:L/PR:L/UI:N/S:U/C:N/I:N/A:H,"PYSEC-2021-625,GHSA-3ff2-r28g-w7h9",
,lockfile,tensorflow-cpu,2.1.0,PyPI,GHSA-3h8m-483j-7xxm,LOW,"BIT-tensorflow-2021-29569,CVE-2021-29569,PYSEC-2021-206,PYSEC-2021-497,PYSEC-2021-695",CWE-125,CVSS:4.0/AV:L/AC:L/AT:P/PR:L/UI:N/VC:N/VI:N/VA:L/SC:N/SI:N/SA:N,"PYSEC-2021-497,GHSA-3h8m-483j-7xxm",
,lockfile,tensorflow-cpu,2.1.0,PyPI,GHSA-3hxh-8cp2-g4hg,MODERATE,"BIT-tensorflow-2021-37690,CVE-2021-37690,PYSEC-2021-312,PYSEC-2021-603,PYSEC-2021-801",CWE-416,CVSS:4.0/AV:L/AC:L/AT:N/PR:L/UI:N/VC:L/VI:L/VA:H/SC:N/SI:N/SA:N,GHSA-3hxh-8cp2-g4hg,
,lockfile,tensorflow-cpu,2.1.0,PyPI,GHSA-3mw4-6rj6-74g5,HIGH,"BIT-tensorflow-2022-21739,CVE-2022-21739,PYSEC-2022-118,PYSEC-2022-63",CWE-476,CVSS:4.0/AV:N/AC:L/AT:N/PR:L/UI:N/VC:N/VI:N/VA:H/SC:N/SI:N/SA:N,"PYSEC-2022-63,GHSA-3mw4-6rj6-74g5",
,lockfile,tensorflow-cpu,2.1.0,PyPI,GHSA-3qgw-p4fm-x7gf,LOW,"BIT-tensorflow-2021-29594,CVE-2021-29594,PYSEC-2021-231,PYSEC-2021-522,PYSEC-2021-720",CWE-369,CVSS:4.0/AV:L/AC:L/AT:P/PR:L/UI:N/VC:N/VI:N/VA:L/SC:N/SI:N/SA:N,"PYSEC-2021-522,GHSA-3qgw-p4fm-x7gf",
,lockfile,tensorflow-cpu,2.1.0,PyPI,GHSA-3qxp-qjq7-w4hf,LOW,"BIT-tensorflow-2021-29531,CVE-2021-29531,PYSEC-2021-168,PYSEC-2021-459,PYSEC-2021-657",CWE-754,CVSS:4.0/AV:L/AC:L/AT:P/PR:L/UI:N/VC:N/VI:N/VA:L/SC:N/SI:N/SA:N,"PYSEC-2021-459,GHSA-3qxp-qjq7-w4hf",
,lockfile,tensorflow-cpu,2.1.0,PyPI,GHSA-3rcw-9p9x-582v,MODERATE,"BIT-tensorflow-2021-41228,CVE-2021-41228,PYSEC-2021-420,PYSEC-2021-637,PYSEC-2021-835","CWE-78,CWE-94",CVSS:4.0/AV:L/AC:L/AT:P/PR:H/UI:N/VC:N/VI:N/VA:N/SC:H/SI:H/SA:H,"PYSEC-2021-637,GHSA-3rcw-9p9x-582v",
,lockfile,tensorflow-cpu,2.1.0,PyPI,GHSA-3w67-q784-6w7c,LOW,"BIT-tensorflow-2021-29589,CVE-2021-29589,PYSEC-2021-226,PYSEC-2021-517,PYSEC-2021-715",CWE-369,CVSS:4.0/AV:N/AC:L/AT:P/PR:L/UI:N/VC:N/VI:N/VA:L/SC:N/SI:N/SA:N,"PYSEC-2021-517,GHSA-3w67-q784-6w7c",
,lockfile,tensorflow-cpu,2.1.0,PyPI,GHSA-428x-9xc2-m8mj,HIGH,"BIT-tensorflow-2022-21741,CVE-2022-21741,PYSEC-2022-120,PYSEC-2022-65",CWE-369,CVSS:4.0/AV:N/AC:L/AT:N/PR:L/UI:N/VC:N/VI:N/VA:H/SC:N/SI:N/SA:N,"PYSEC-2022-65,GHSA-428x-9xc2-m8mj",
,lockfile,tensorflow-cpu,2.1.0,PyPI,GHSA-43jf-985q-588j,MODERATE,"BIT-tensorflow-2022-23586,CVE-2022-23586,PYSEC-2022-150,PYSEC-2022-95",CWE-617,CVSS:3.1/AV:N/AC:L/PR:L/UI:N/S:U/C:N/I:N/A:H,"PYSEC-2022-95,GHSA-43jf-985q-588j",
,lockfile,tensorflow-cpu,2.1.0,PyPI,GHSA-43q8-3fv7-pr5x,HIGH,,CWE-354,CVSS:3.1/AV:L/AC:H/PR:L/UI:N/S:U/C:H/I:H/A:H,GHSA-43q8-3fv7-pr5x,
,lockfile,tensorflow-cpu,2.1.0,PyPI,GHSA-44qp-9wwf-734r,HIGH,"BIT-tensorflow-2022-21740,CVE-2022-21740,PYSEC-2022-119,PYSEC-2022-64","CWE-120,CWE-787",CVSS:4.0/AV:N/AC:L/AT:N/PR:L/UI:N/VC:L/VI:L/VA:H/SC:N/SI:N/SA:N,"PYSEC-2022-64,GHSA-44qp-9wwf-734r",
,lockfile,tensorflow-cpu,2.1.0,PyPI,GHSA-452g-f7fp-9jf7,LOW,"BIT-tensorflow-2021-29513,CVE-2021-29513,PYSEC-2021-150,PYSEC-2021-441,PYSEC-2021-639",CWE-476,CVSS:4.0/AV:L/AC:L/AT:P/PR:L/UI:N/VC:N/VI:N/VA:L/SC:N/SI:N/SA:N,"PYSEC-2021-441,GHSA-452g-f7fp-9jf7",
,lockfile,tensorflow-cpu,2.1.0,PyPI,GHSA-49rq-hwc3-x77w,HIGH,"BIT-tensorflow-2023-25670,CVE-2023-25670",CWE-476,CVSS:3.1/AV:N/AC:L/PR:N/UI:N/S:U/C:N/I:N/A:H,GHSA-49rq-hwc3-x77w,
,lockfile,tensorflow-cpu,2.1.0,PyPI,GHSA-49rx-x2rw-pc6f,MODERATE,"BIT-tensorflow-2021-41205,CVE-2021-41205,PYSEC-2021-398,PYSEC-2021-615,PYSEC-2021-813",CWE-125,CVSS:4.0/AV:L/AC:L/AT:N/PR:L/UI:N/VC:H/VI:N/VA:H/SC:N/SI:N/SA:N,"PYSEC-2021-615,GHSA-49rx-x2rw-pc6f",
,lockfile,tensorflow-cpu,2.1.0,PyPI,GHSA-4c4g-crqm-xrxw,MODERATE,"BIT-tensorflow-2021-37682,CVE-2021-37682,PYSEC-2021-304,PYSEC-2021-595,PYSEC-2021-793",CWE-908,CVSS:4.0/AV:L/AC:L/AT:N/PR:L/UI:N/VC:N/VI:L/VA:L/SC:N/SI:N/SA:N,GHSA-4c4g-crqm-xrxw,
,lockfile,tensorflow-cpu,2.1.0,PyPI,GHSA-4f99-p9c2-3j8x,HIGH,"BIT-tensorflow-2021-41219,CVE-2021-41219,PYSEC-2021-411,PYSEC-2021-628,PYSEC-2021-826","CWE-125,CWE-824",CVSS:3.1/AV:L/AC:L/PR:L/UI:N/S:U/C:H/I:H/A:H,"PYSEC-2021-628,GHSA-4f99-p9c2-3j8x",
,lockfile,tensorflow-cpu,2.1.0,PyPI,GHSA-4fg4-p75j-w5xj,LOW,"BIT-tensorflow-2021-29547,CVE-2021-29547,PYSEC-2021-184,PYSEC-2021-475,PYSEC-2021-673",CWE-125,CVSS:4.0/AV:L/AC:L/AT:P/PR:L/UI:N/VC:N/VI:N/VA:L/SC:N/SI:N/SA:N,"PYSEC-2021-475,GHSA-4fg4-p75j-w5xj",
,lockfile,tensorflow-cpu,2.1.0,PyPI,GHSA-4g9f-63rx-5cw4,MODERATE,"BIT-tensorflow-2020-15190,CVE-2020-15190,PYSEC-2020-113,PYSEC-2020-270,PYSEC-2020-305","CWE-20,CWE-476",CVSS:4.0/AV:N/AC:L/AT:N/PR:L/UI:N/VC:N/VI:N/VA:L/SC:N/SI:N/SA:N,"PYSEC-2020-270,GHSA-4g9f-63rx-5cw4",
,lockfile,tensorflow-cpu,2.1.0,PyPI,GHSA-4hrh-9vmp-2jgg,LOW,"BIT-tensorflow-2021-29542,CVE-2021-29542,PYSEC-2021-179,PYSEC-2021-470,PYSEC-2021-668","CWE-131,CWE-787",CVSS:4.0/AV:L/AC:L/AT:P/PR:L/UI:N/VC:N/VI:N/VA:L/SC:N/SI:N/SA:N,"PYSEC-2021-470,GHSA-4hrh-9vmp-2jgg",
,lockfile,tensorflow-cpu,2.1.0,PyPI,GHSA-4hvf-hxvg-f67v,HIGH,"BIT-tensorflow-2022-23560,CVE-2022-23560,PYSEC-2022-124,PYSEC-2022-69","CWE-125,CWE-787",CVSS:4.0/AV:N/AC:L/AT:N/PR:L/UI:N/VC:H/VI:H/VA:H/SC:N/SI:N/SA:N,"PYSEC-2022-69,GHSA-4hvf-hxvg-f67v",
,lockfile,tensorflow-cpu,2.1.0,PyPI,GHSA-4hvv-7x94-7vq8,LOW,"BIT-tensorflow-2021-29616,CVE-2021-29616,PYSEC-2021-253,PYSEC-2021-544,PYSEC-2021-742",CWE-476,CVSS:4.0/AV:L/AC:L/AT:P/PR:L/UI:N/VC:N/VI:N/VA:L/SC:N/SI:N/SA:N,"PYSEC-2021-544,GHSA-4hvv-7x94-7vq8",
,lockfile,tensorflow-cpu,2.1.0,PyPI,GHSA-4j82-5ccr-4r8v,MODERATE,"BIT-tensorflow-2022-23582,CVE-2022-23582,PYSEC-2022-146,PYSEC-2022-91",CWE-617,CVSS:3.1/AV:N/AC:L/PR:L/UI:N/S:U/C:N/I:N/A:H,"PYSEC-2022-91,GHSA-4j82-5ccr-4r8v",
,lockfile,tensorflow-cpu,2.1.0,PyPI,GHSA-4p4p-www8-8fv9,LOW,"BIT-tensorflow-2021-29568,CVE-2021-29568,PYSEC-2021-205,PYSEC-2021-496,PYSEC-2021-694","CWE-476,CWE-824",CVSS:4.0/AV:L/AC:L/AT:P/PR:L/UI:N/VC:N/VI:N/VA:L/SC:N/SI:N/SA:N,"PYSEC-2021-496,GHSA-4p4p-www8-8fv9",
,lockfile,tensorflow-cpu,2.1.0,PyPI,GHSA-4pc4-m9mj-v2r9,MODERATE,"BIT-tensorflow-2022-35972,CVE-2022-35972",CWE-20,CVSS:3.1/AV:N/AC:H/PR:N/UI:N/S:U/C:N/I:N/A:H,GHSA-4pc4-m9mj-v2r9,
,lockfile,tensorflow-cpu,2.1.0,PyPI,GHSA-4v5p-v5h9-6xjx,HIGH,"BIT-tensorflow-2022-23565,CVE-2022-23565,PYSEC-2022-129,PYSEC-2022-74",CWE-617,CVSS:4.0/AV:N/AC:L/AT:N/PR:L/UI:N/VC:N/VI:N/VA:H/SC:N/SI:N/SA:N,"PYSEC-2022-74,GHSA-4v5p-v5h9-6xjx",
,lockfile,tensorflow-cpu,2.1.0,PyPI,GHSA-4vf2-4xcg-65cx,LOW,"BIT-tensorflow-2021-29526,CVE-2021-29526,PYSEC-2021-163,PYSEC-2021-454,PYSEC-2021-652",CWE-369,CVSS:4.0/AV:L/AC:L/AT:P/PR:L/UI:N/VC:N/VI:N/VA:L/SC:N/SI:N/SA:N,"PYSEC-2021-454,GHSA-4vf2-4xcg-65cx",
,lockfile,tensorflow-cpu,2.1.0,PyPI,GHSA-4vrf-ff7v-hpgr,LOW,"BIT-tensorflow-2021-29596,CVE-2021-29596,PYSEC-2021-233,PYSEC-2021-524,PYSEC-2021-722",CWE-369,CVSS:4.0/AV:L/AC:L/AT:P/PR:L/UI:N/VC:N/VI:N/VA:L/SC:N/SI:N/SA:N,"PYSEC-2021-524,GHSA-4vrf-ff7v-hpgr",
,lockfile,tensorflow-cpu,2.1.0,PyPI,GHSA-4w68-4x85-mjj9,MODERATE,"BIT-tensorflow-2022-35966,CVE-2022-35966",CWE-20,CVSS:3.1/AV:N/AC:H/PR:N/UI:N/S:U/C:N/I:N/A:H,GHSA-4w68-4x85-mjj9,
,lockfile,tensorflow-cpu,2.1.0,PyPI,GHSA-4xfp-4pfp-89wg,MODERATE,"BIT-tensorflow-2021-37656,CVE-2021-37656,PYSEC-2021-278,PYSEC-2021-569,PYSEC-2021-767",CWE-824,CVSS:4.0/AV:L/AC:L/AT:N/PR:L/UI:N/VC:N/VI:H/VA:H/SC:N/SI:N/SA:N,GHSA-4xfp-4pfp-89wg,
,lockfile,tensorflow-cpu,2.1.0,PyPI,GHSA-545v-42p7-98fq,LOW,"BIT-tensorflow-2021-29570,CVE-2021-29570,PYSEC-2021-207,PYSEC-2021-498,PYSEC-2021-696",CWE-125,CVSS:4.0/AV:L/AC:L/AT:P/PR:L/UI:N/VC:N/VI:N/VA:L/SC:N/SI:N/SA:N,"PYSEC-2021-498,GHSA-545v-42p7-98fq",
,lockfile,tensorflow-cpu,2.1.0,PyPI,GHSA-54ch-gjq5-4976,MODERATE,"BIT-tensorflow-2022-29205,CVE-2022-29205","CWE-476,CWE-908",CVSS:3.1/AV:L/AC:L/PR:L/UI:N/S:U/C:N/I:N/A:H,GHSA-54ch-gjq5-4976,
,lockfile,tensorflow-cpu,2.1.0,PyPI,GHSA-54pp-c6pp-7fpx,MODERATE,"BIT-tensorflow-2022-41886,CVE-2022-41886",CWE-131,CVSS:3.1/AV:N/AC:H/PR:L/UI:R/S:U/C:N/I:N/A:H,GHSA-54pp-c6pp-7fpx,
,lockfile,tensorflow-cpu,2.1.0,PyPI,GHSA-558h-mq8x-7q9g,HIGH,"BIT-tensorflow-2023-25665,CVE-2023-25665",CWE-476,CVSS:3.1/AV:N/AC:L/PR:N/UI:N/S:U/C:N/I:N/A:H,GHSA-558h-mq8x-7q9g,
,lockfile,tensorflow-cpu,2.1.0,PyPI,GHSA-57wx-m983-2f88,CRITICAL,"BIT-tensorflow-2021-41208,CVE-2021-41208,PYSEC-2021-400,PYSEC-2021-617,PYSEC-2021-815","CWE-476,CWE-824",CVSS:3.1/AV:L/AC:L/PR:N/UI:N/S:C/C:H/I:H/A:H,"PYSEC-2021-617,GHSA-57wx-m983-2f88",
,lockfile,tensorflow-cpu,2.1.0,PyPI,GHSA-5889-7v45-q28m,MODERATE,"BIT-tensorflow-2022-29213,CVE-2022-29213","CWE-20,CWE-617",CVSS:3.1/AV:L/AC:L/PR:L/UI:N/S:U/C:N/I:N/A:H,GHSA-5889-7v45-q28m,
,lockfile,tensorflow-cpu,2.1.0,PyPI,GHSA-59q2-x2qc-4c97,LOW,"BIT-tensorflow-2021-29559,CVE-2021-29559,PYSEC-2021-196,PYSEC-2021-487,PYSEC-2021-685",CWE-125,CVSS:4.0/AV:L/AC:L/AT:P/PR:L/UI:N/VC:N/VI:N/VA:L/SC:N/SI:N/SA:N,"PYSEC-2021-487,GHSA-59q2-x2qc-4c97",
,lockfile,tensorflow-cpu,2.1.0,PyPI,GHSA-5crj-c72x-m7gq,MODERATE,"BIT-tensorflow-2021-41217,CVE-2021-41217,PYSEC-2021-409,PYSEC-2021-626,PYSEC-2021-824",CWE-476,CVSS:3.1/AV:L/AC:L/PR:L/UI:N/S:U/C:N/I:N/A:H,"PYSEC-2021-626,GHSA-5crj-c72x-m7gq",
,lockfile,tensorflow-cpu,2.1.0,PyPI,GHSA-5f2r-qp73-37mr,MODERATE,"BIT-tensorflow-2022-23579,CVE-2022-23579,PYSEC-2022-143,PYSEC-2022-88",CWE-617,CVSS:3.1/AV:N/AC:L/PR:L/UI:N/S:U/C:N/I:N/A:H,"PYSEC-2022-88,GHSA-5f2r-qp73-37mr",
,lockfile,tensorflow-cpu,2.1.0,PyPI,GHSA-5gqf-456p-4836,LOW,"BIT-tensorflow-2021-29572,CVE-2021-29572,PYSEC-2021-209,PYSEC-2021-500,PYSEC-2021-698",CWE-476,CVSS:4.0/AV:L/AC:L/AT:P/PR:L/UI:N/VC:N/VI:N/VA:L/SC:N/SI:N/SA:N,"PYSEC-2021-500,GHSA-5gqf-456p-4836",
,lockfile,tensorflow-cpu,2.1.0,PyPI,GHSA-5hj3-vjjf-f5m7,MODERATE,"BIT-tensorflow-2021-37672,CVE-2021-37672,PYSEC-2021-294,PYSEC-2021-585,PYSEC-2021-783",CWE-125,CVSS:4.0/AV:L/AC:L/AT:N/PR:L/UI:N/VC:H/VI:N/VA:N/SC:N/SI:N/SA:N,GHSA-5hj3-vjjf-f5m7,
,lockfile,tensorflow-cpu,2.1.0,PyPI,GHSA-5hx2-qx8j-qjqm,MODERATE,"BIT-tensorflow-2021-41199,CVE-2021-41199,PYSEC-2021-392,PYSEC-2021-609,PYSEC-2021-807",CWE-190,CVSS:3.1/AV:L/AC:L/PR:L/UI:N/S:U/C:N/I:N/A:H,"PYSEC-2021-609,GHSA-5hx2-qx8j-qjqm",
,lockfile,tensorflow-cpu,2.1.0,PyPI,GHSA-5qw5-89mw-wcg2,HIGH,"BIT-tensorflow-2022-23566,CVE-2022-23566,PYSEC-2022-130,PYSEC-2022-75",CWE-787,CVSS:4.0/AV:N/AC:L/AT:N/PR:L/UI:N/VC:H/VI:H/VA:H/SC:N/SI:N/SA:N,"PYSEC-2022-75,GHSA-5qw5-89mw-wcg2",
,lockfile,tensorflow-cpu,2.1.0,PyPI,GHSA-5v77-j66x-4c4g,MODERATE,"BIT-tensorflow-2022-29196,CVE-2022-29196","CWE-1284,CWE-20",CVSS:3.1/AV:L/AC:L/PR:L/UI:N/S:U/C:N/I:N/A:H,GHSA-5v77-j66x-4c4g,
,lockfile,tensorflow-cpu,2.1.0,PyPI,GHSA-5w96-866f-6rm8,HIGH,"BIT-tensorflow-2023-27579,CVE-2023-27579",CWE-697,CVSS:3.1/AV:N/AC:L/PR:N/UI:N/S:U/C:N/I:N/A:H,GHSA-5w96-866f-6rm8,
,lockfile,tensorflow-cpu,2.1.0,PyPI,GHSA-5wpj-c6f7-24x8,MODERATE,"BIT-tensorflow-2022-29207,CVE-2022-29207","CWE-20,CWE-475",CVSS:3.1/AV:L/AC:L/PR:L/UI:N/S:U/C:N/I:N/A:H,GHSA-5wpj-c6f7-24x8,
,lockfile,tensorflow-cpu,2.1.0,PyPI,GHSA-5xwc-mrhx-5g3m,MODERATE,"BIT-tensorflow-2021-37657,CVE-2021-37657,PYSEC-2021-279,PYSEC-2021-570,PYSEC-2021-768",CWE-824,CVSS:4.0/AV:L/AC:L/AT:N/PR:L/UI:N/VC:N/VI:H/VA:H/SC:N/SI:N/SA:N,GHSA-5xwc-mrhx-5g3m,
,lockfile,tensorflow-cpu,2.1.0,PyPI,GHSA-627q-g293-49q7,MODERATE,"BIT-tensorflow-2022-23580,CVE-2022-23580,PYSEC-2022-144,PYSEC-2022-89","CWE-1284,CWE-400",CVSS:3.1/AV:N/AC:L/PR:L/UI:N/S:U/C:N/I:N/A:H,"PYSEC-2022-89,GHSA-627q-g293-49q7",
,lockfile,tensorflow-cpu,2.1.0,PyPI,GHSA-62gx-355r-9fhg,LOW,"BIT-tensorflow-2021-29518,CVE-2021-29518,PYSEC-2021-155,PYSEC-2021-446,PYSEC-2021-644",CWE-476,CVSS:4.0/AV:L/AC:L/AT:P/PR:L/UI:N/VC:N/VI:N/VA:L/SC:N/SI:N/SA:N,"PYSEC-2021-446,GHSA-62gx-355r-9fhg",
,lockfile,tensorflow-cpu,2.1.0,PyPI,GHSA-63xm-rx5p-xvqr,MODERATE,"BIT-tensorflow-2020-15195,CVE-2020-15195,PYSEC-2020-118,PYSEC-2020-275,PYSEC-2020-310","CWE-119,CWE-122,CWE-787",CVSS:4.0/AV:N/AC:L/AT:P/PR:L/UI:N/VC:N/VI:N/VA:N/SC:H/SI:H/SA:H,"PYSEC-2020-275,GHSA-63xm-rx5p-xvqr",
,lockfile,tensorflow-cpu,2.1.0,PyPI,GHSA-6445-fm66-fvq2,HIGH,"BIT-tensorflow-2022-23568,CVE-2022-23568,PYSEC-2022-132,PYSEC-2022-77",CWE-190,CVSS:4.0/AV:N/AC:L/AT:N/PR:L/UI:N/VC:N/VI:N/VA:H/SC:N/SI:N/SA:N,"PYSEC-2022-77,GHSA-6445-fm66-fvq2",
,lockfile,tensorflow-cpu,2.1.0,PyPI,GHSA-647v-r7qq-24fh,HIGH,"BIT-tensorflow-2023-25673,CVE-2023-25673",CWE-697,CVSS:3.1/AV:N/AC:L/PR:N/UI:N/S:U/C:N/I:N/A:H,GHSA-647v-r7qq-24fh,
,lockfile,tensorflow-cpu,2.1.0,PyPI,GHSA-64jg-wjww-7c5w,HIGH,"BIT-tensorflow-2023-25663,CVE-2023-25663",CWE-476,CVSS:3.1/AV:N/AC:L/PR:N/UI:N/S:U/C:N/I:N/A:H,GHSA-64jg-wjww-7c5w,
,lockfile,tensorflow-cpu,2.1.0,PyPI,GHSA-66vq-54fq-6jvv,MODERATE,"BIT-tensorflow-2022-41891,CVE-2022-41891",CWE-20,CVSS:3.1/AV:N/AC:H/PR:L/UI:R/S:U/C:N/I:N/A:H,GHSA-66vq-54fq-6jvv,
,lockfile,tensorflow-cpu,2.1.0,PyPI,GHSA-67pf-62xr-q35m,MODERATE,"BIT-tensorflow-2022-41893,CVE-2022-41893",CWE-617,CVSS:3.1/AV:N/AC:H/PR:L/UI:R/S:U/C:N/I:N/A:H,GHSA-67pf-62xr-q35m,
,lockfile,tensorflow-cpu,2.1.0,PyPI,GHSA-689c-r7h2-fv9v,MODERATE,"BIT-tensorflow-2022-35973,CVE-2022-35973",CWE-20,CVSS:3.1/AV:N/AC:H/PR:N/UI:N/S:U/C:N/I:N/A:H,GHSA-689c-r7h2-fv9v,
,lockfile,tensorflow-cpu,2.1.0,PyPI,GHSA-68v3-g9cm-rmm6,HIGH,"BIT-tensorflow-2023-25658,CVE-2023-25658",CWE-125,CVSS:3.1/AV:N/AC:L/PR:N/UI:N/S:U/C:N/I:N/A:H,GHSA-68v3-g9cm-rmm6,
,lockfile,tensorflow-cpu,2.1.0,PyPI,GHSA-6f84-42vf-ppwp,LOW,"BIT-tensorflow-2021-29528,CVE-2021-29528,PYSEC-2021-165,PYSEC-2021-456,PYSEC-2021-654",CWE-369,CVSS:4.0/AV:L/AC:L/AT:P/PR:L/UI:N/VC:N/VI:N/VA:L/SC:N/SI:N/SA:N,"PYSEC-2021-456,GHSA-6f84-42vf-ppwp",
,lockfile,tensorflow-cpu,2.1.0,PyPI,GHSA-6f89-8j54-29xf,LOW,"BIT-tensorflow-2021-29578,CVE-2021-29578,PYSEC-2021-215,PYSEC-2021-506,PYSEC-2021-704","CWE-119,CWE-787",CVSS:4.0/AV:L/AC:L/AT:P/PR:L/UI:N/VC:N/VI:N/VA:L/SC:N/SI:N/SA:N,"PYSEC-2021-506,GHSA-6f89-8j54-29xf",
,lockfile,tensorflow-cpu,2.1.0,PyPI,GHSA-6gmv-pjp9-p8w8,HIGH,"BIT-tensorflow-2022-21728,CVE-2022-21728,PYSEC-2022-107,PYSEC-2022-52",CWE-125,CVSS:4.0/AV:N/AC:L/AT:N/PR:L/UI:N/VC:H/VI:N/VA:H/SC:N/SI:N/SA:N,"PYSEC-2022-52,GHSA-6gmv-pjp9-p8w8",
,lockfile,tensorflow-cpu,2.1.0,PyPI,GHSA-6gv8-p3vj-pxvr,HIGH,"BIT-tensorflow-2021-37649,CVE-2021-37649,PYSEC-2021-271,PYSEC-2021-562,PYSEC-2021-760",CWE-476,CVSS:4.0/AV:L/AC:L/AT:N/PR:N/UI:N/VC:H/VI:H/VA:H/SC:N/SI:N/SA:N,GHSA-6gv8-p3vj-pxvr,
,lockfile,tensorflow-cpu,2.1.0,PyPI,GHSA-6hg6-5c2q-7rcr,HIGH,"BIT-tensorflow-2023-25664,CVE-2023-25664","CWE-120,CWE-122",CVSS:3.1/AV:N/AC:L/PR:N/UI:N/S:U/C:N/I:N/A:H,GHSA-6hg6-5c2q-7rcr,
,lockfile,tensorflow-cpu,2.1.0,PyPI,GHSA-6hpv-v2rx-c5g6,MODERATE,"BIT-tensorflow-2021-41209,CVE-2021-41209,PYSEC-2021-401,PYSEC-2021-618,PYSEC-2021-816",CWE-369,CVSS:3.1/AV:L/AC:L/PR:L/UI:N/S:U/C:N/I:N/A:H,"PYSEC-2021-618,GHSA-6hpv-v2rx-c5g6",
,lockfile,tensorflow-cpu,2.1.0,PyPI,GHSA-6j9c-grc6-5m6g,LOW,"BIT-tensorflow-2021-29534,CVE-2021-29534,PYSEC-2021-171,PYSEC-2021-462,PYSEC-2021-660",CWE-754,CVSS:4.0/AV:L/AC:L/AT:P/PR:L/UI:N/VC:N/VI:N/VA:L/SC:N/SI:N/SA:N,"PYSEC-2021-462,GHSA-6j9c-grc6-5m6g",
,lockfile,tensorflow-cpu,2.1.0,PyPI,GHSA-6p5r-g9mq-ggh2,MODERATE,"BIT-tensorflow-2021-37658,CVE-2021-37658,PYSEC-2021-280,PYSEC-2021-571,PYSEC-2021-769",CWE-824,CVSS:4.0/AV:L/AC:L/AT:N/PR:L/UI:N/VC:N/VI:H/VA:H/SC:N/SI:N/SA:N,GHSA-6p5r-g9mq-ggh2,
,lockfile,tensorflow-cpu,2.1.0,PyPI,GHSA-6qgm-fv6v-rfpv,LOW,"BIT-tensorflow-2021-29575,CVE-2021-29575,PYSEC-2021-212,PYSEC-2021-503,PYSEC-2021-701","CWE-119,CWE-120,CWE-787",CVSS:4.0/AV:L/AC:L/AT:P/PR:L/UI:N/VC:N/VI:N/VA:L/SC:N/SI:N/SA:N,"PYSEC-2021-503,GHSA-6qgm-fv6v-rfpv",
,lockfile,tensorflow-cpu,2.1.0,PyPI,GHSA-6wfh-89q8-44jq,HIGH,"BIT-tensorflow-2023-25676,CVE-2023-25676",CWE-476,CVSS:3.1/AV:N/AC:L/PR:N/UI:N/S:U/C:N/I:N/A:H,GHSA-6wfh-89q8-44jq,
,lockfile,tensorflow-cpu,2.1.0,PyPI,GHSA-6x99-gv2v-q76v,MODERATE,"BIT-tensorflow-2022-41888,CVE-2022-41888",CWE-20,CVSS:3.1/AV:N/AC:H/PR:L/UI:R/S:U/C:N/I:N/A:H,GHSA-6x99-gv2v-q76v,
,lockfile,tensorflow-cpu,2.1.0,PyPI,GHSA-75c9-jrh4-79mc,HIGH,"BIT-tensorflow-2022-29216,CVE-2022-29216",CWE-94,CVSS:3.1/AV:L/AC:L/PR:L/UI:N/S:U/C:H/I:H/A:H,GHSA-75c9-jrh4-79mc,
,lockfile,tensorflow-cpu,2.1.0,PyPI,GHSA-75f6-78jr-4656,LOW,"BIT-tensorflow-2021-29564,CVE-2021-29564,PYSEC-2021-201,PYSEC-2021-492,PYSEC-2021-690",CWE-476,CVSS:4.0/AV:L/AC:L/AT:P/PR:L/UI:N/VC:N/VI:N/VA:L/SC:N/SI:N/SA:N,"PYSEC-2021-492,GHSA-75f6-78jr-4656",
,lockfile,tensorflow-cpu,2.1.0,PyPI,GHSA-762h-vpvw-3rcx,MODERATE,"BIT-tensorflow-2022-41885,CVE-2022-41885",CWE-131,CVSS:3.1/AV:N/AC:H/PR:L/UI:R/S:U/C:N/I:N/A:H,GHSA-762h-vpvw-3rcx,
,lockfile,tensorflow-cpu,2.1.0,PyPI,GHSA-772j-h9xw-ffp5,LOW,"BIT-tensorflow-2021-29519,CVE-2021-29519,PYSEC-2021-156,PYSEC-2021-447,PYSEC-2021-645",CWE-843,CVSS:4.0/AV:L/AC:L/AT:P/PR:L/UI:N/VC:N/VI:N/VA:L/SC:N/SI:N/SA:N,"PYSEC-2021-447,GHSA-772j-h9xw-ffp5",
,lockfile,tensorflow-cpu,2.1.0,PyPI,GHSA-772p-x54p-hjrv,LOW,"BIT-tensorflow-2021-29517,CVE-2021-29517,PYSEC-2021-154,PYSEC-2021-445,PYSEC-2021-643",CWE-369,CVSS:4.0/AV:L/AC:L/AT:P/PR:L/UI:N/VC:N/VI:N/VA:L/SC:N/SI:N/SA:N,"PYSEC-2021-445,GHSA-772p-x54p-hjrv",
,lockfile,tensorflow-cpu,2.1.0,PyPI,GHSA-77gp-3h4r-6428,HIGH,"BIT-tensorflow-2022-23574,CVE-2022-23574,PYSEC-2022-138,PYSEC-2022-83","CWE-125,CWE-787",CVSS:4.0/AV:N/AC:L/AT:N/PR:L/UI:N/VC:H/VI:H/VA:H/SC:N/SI:N/SA:N,"PYSEC-2022-83,GHSA-77gp-3h4r-6428",
,lockfile,tensorflow-cpu,2.1.0,PyPI,GHSA-786j-5qwq-r36x,MODERATE,"BIT-tensorflow-2021-41204,CVE-2021-41204,PYSEC-2021-397,PYSEC-2021-614,PYSEC-2021-812",CWE-824,CVSS:4.0/AV:L/AC:L/AT:N/PR:L/UI:N/VC:N/VI:N/VA:H/SC:N/SI:N/SA:N,"PYSEC-2021-614,GHSA-786j-5qwq-r36x",
,lockfile,tensorflow-cpu,2.1.0,PyPI,GHSA-79fv-9865-4qcv,LOW,"BIT-tensorflow-2021-29579,CVE-2021-29579,PYSEC-2021-216,PYSEC-2021-507,PYSEC-2021-705","CWE-119,CWE-787",CVSS:4.0/AV:L/AC:L/AT:P/PR:L/UI:N/VC:N/VI:N/VA:L/SC:N/SI:N/SA:N,"PYSEC-2021-507,GHSA-79fv-9865-4qcv",
,lockfile,tensorflow-cpu,2.1.0,PyPI,GHSA-79h2-q768-fpxr,MODERATE,"BIT-tensorflow-2022-36027,CVE-2022-36027",CWE-20,CVSS:3.1/AV:N/AC:H/PR:N/UI:N/S:U/C:N/I:N/A:H,GHSA-79h2-q768-fpxr,
,lockfile,tensorflow-cpu,2.1.0,PyPI,GHSA-7cqx-92hp-x6wh,LOW,"BIT-tensorflow-2021-29576,CVE-2021-29576,PYSEC-2021-213,PYSEC-2021-504,PYSEC-2021-702","CWE-119,CWE-787",CVSS:4.0/AV:L/AC:L/AT:P/PR:L/UI:N/VC:N/VI:N/VA:L/SC:N/SI:N/SA:N,"PYSEC-2021-504,GHSA-7cqx-92hp-x6wh",
,lockfile,tensorflow-cpu,2.1.0,PyPI,GHSA-7fvx-3jfc-2cpc,HIGH,"BIT-tensorflow-2021-37655,CVE-2021-37655,PYSEC-2021-277,PYSEC-2021-568,PYSEC-2021-766",CWE-125,CVSS:4.0/AV:L/AC:L/AT:N/PR:L/UI:N/VC:H/VI:L/VA:H/SC:N/SI:N/SA:N,GHSA-7fvx-3jfc-2cpc,
,lockfile,tensorflow-cpu,2.1.0,PyPI,GHSA-7ghq-fvr3-pj2x,MODERATE,"BIT-tensorflow-2021-37674,CVE-2021-37674,PYSEC-2021-296,PYSEC-2021-587,PYSEC-2021-785","CWE-1284,CWE-20",CVSS:4.0/AV:L/AC:L/AT:N/PR:L/UI:N/VC:N/VI:N/VA:H/SC:N/SI:N/SA:N,GHSA-7ghq-fvr3-pj2x,
,lockfile,tensorflow-cpu,2.1.0,PyPI,GHSA-7j3m-8g3c-9qqq,MODERATE,"BIT-tensorflow-2022-36014,CVE-2022-36014",CWE-476,CVSS:3.1/AV:N/AC:H/PR:N/UI:N/S:U/C:N/I:N/A:H,GHSA-7j3m-8g3c-9qqq,
,lockfile,tensorflow-cpu,2.1.0,PyPI,GHSA-7jvm-xxmr-v5cw,HIGH,"BIT-tensorflow-2023-25662,CVE-2023-25662",CWE-190,CVSS:3.1/AV:N/AC:L/PR:N/UI:N/S:U/C:N/I:N/A:H,GHSA-7jvm-xxmr-v5cw,
,lockfile,tensorflow-cpu,2.1.0,PyPI,GHSA-7pxj-m4jf-r6h2,HIGH,"BIT-tensorflow-2021-41203,CVE-2021-41203,PYSEC-2021-396,PYSEC-2021-613,PYSEC-2021-811","CWE-190,CWE-345",CVSS:4.0/AV:L/AC:L/AT:N/PR:L/UI:N/VC:H/VI:H/VA:H/SC:N/SI:N/SA:N,"PYSEC-2021-613,GHSA-7pxj-m4jf-r6h2",
,lockfile,tensorflow-cpu,2.1.0,PyPI,GHSA-7r94-xv9v-63jw,MODERATE,"BIT-tensorflow-2021-41225,CVE-2021-41225,PYSEC-2021-417,PYSEC-2021-634,PYSEC-2021-832",CWE-908,CVSS:4.0/AV:L/AC:L/AT:N/PR:L/UI:N/VC:N/VI:N/VA:H/SC:N/SI:N/SA:N,"PYSEC-2021-634,GHSA-7r94-xv9v-63jw",
,lockfile,tensorflow-cpu,2.1.0,PyPI,GHSA-7v94-64hj-m82h,MODERATE,"BIT-tensorflow-2021-41207,CVE-2021-41207,PYSEC-2021-399,PYSEC-2021-616,PYSEC-2021-814",CWE-369,CVSS:4.0/AV:L/AC:L/AT:N/PR:L/UI:N/VC:N/VI:N/VA:H/SC:N/SI:N/SA:N,"PYSEC-2021-616,GHSA-7v94-64hj-m82h",
,lockfile,tensorflow-cpu,2.1.0,PyPI,GHSA-7x4v-9gxg-9hwj,HIGH,"BIT-tensorflow-2023-25675,CVE-2023-25675",CWE-697,CVSS:3.1/AV:N/AC:L/PR:N/UI:N/S:U/C:N/I:N/A:H,GHSA-7x4v-9gxg-9hwj,
,lockfile,tensorflow-cpu,2.1.0,PyPI,GHSA-7xwj-5r4v-429p,HIGH,"BIT-tensorflow-2021-37681,CVE-2021-37681,PYSEC-2021-303,PYSEC-2021-594,PYSEC-2021-792",CWE-476,CVSS:4.0/AV:L/AC:L/AT:N/PR:L/UI:N/VC:H/VI:H/VA:H/SC:N/SI:N/SA:N,GHSA-7xwj-5r4v-429p,
,lockfile,tensorflow-cpu,2.1.0,PyPI,GHSA-828c-5j5q-vrjq,MODERATE,"BIT-tensorflow-2022-36013,CVE-2022-36013",CWE-476,CVSS:3.1/AV:N/AC:H/PR:N/UI:N/S:U/C:N/I:N/A:H,GHSA-828c-5j5q-vrjq,
,lockfile,tensorflow-cpu,2.1.0,PyPI,GHSA-828x-qc2p-wprq,LOW,"BIT-tensorflow-2021-29574,CVE-2021-29574,PYSEC-2021-211,PYSEC-2021-502,PYSEC-2021-700",CWE-476,CVSS:4.0/AV:L/AC:L/AT:P/PR:L/UI:N/VC:N/VI:N/VA:L/SC:N/SI:N/SA:N,"PYSEC-2021-502,GHSA-828x-qc2p-wprq",
,lockfile,tensorflow-cpu,2.1.0,PyPI,GHSA-84jm-4cf3-9jfm,MODERATE,"BIT-tensorflow-2022-35963,CVE-2022-35963",CWE-617,CVSS:3.1/AV:N/AC:H/PR:N/UI:N/S:U/C:N/I:N/A:H,GHSA-84jm-4cf3-9jfm,
,lockfile,tensorflow-cpu,2.1.0,PyPI,GHSA-84mw-34w6-2q43,LOW,"BIT-tensorflow-2021-29516,CVE-2021-29516,PYSEC-2021-153,PYSEC-2021-444,PYSEC-2021-642",CWE-476,CVSS:4.0/AV:L/AC:L/AT:P/PR:L/UI:N/VC:N/VI:N/VA:L/SC:N/SI:N/SA:N,"PYSEC-2021-444,GHSA-84mw-34w6-2q43",
,lockfile,tensorflow-cpu,2.1.0,PyPI,GHSA-87v6-crgm-2gfj,HIGH,"BIT-tensorflow-2022-21735,CVE-2022-21735,PYSEC-2022-114,PYSEC-2022-59",CWE-369,CVSS:4.0/AV:N/AC:L/AT:N/PR:L/UI:N/VC:N/VI:N/VA:H/SC:N/SI:N/SA:N,"PYSEC-2022-59,GHSA-87v6-crgm-2gfj",
,lockfile,tensorflow-cpu,2.1.0,PyPI,GHSA-8c89-2vwr-chcq,LOW,"BIT-tensorflow-2021-29537,CVE-2021-29537,PYSEC-2021-174,PYSEC-2021-465,PYSEC-2021-663","CWE-131,CWE-787",CVSS:4.0/AV:L/AC:L/AT:P/PR:L/UI:N/VC:N/VI:N/VA:L/SC:N/SI:N/SA:N,"PYSEC-2021-465,GHSA-8c89-2vwr-chcq",
,lockfile,tensorflow-cpu,2.1.0,PyPI,GHSA-8cxv-76p7-jxwr,HIGH,"BIT-tensorflow-2022-23577,CVE-2022-23577,PYSEC-2022-141,PYSEC-2022-86",CWE-476,CVSS:4.0/AV:N/AC:L/AT:N/PR:L/UI:N/VC:N/VI:N/VA:H/SC:N/SI:N/SA:N,"PYSEC-2022-86,GHSA-8cxv-76p7-jxwr",
,lockfile,tensorflow-cpu,2.1.0,PyPI,GHSA-8fvv-46hw-vpg3,MODERATE,"BIT-tensorflow-2022-41887,CVE-2022-41887",CWE-131,CVSS:3.1/AV:N/AC:H/PR:L/UI:R/S:U/C:N/I:N/A:H,GHSA-8fvv-46hw-vpg3,
,lockfile,tensorflow-cpu,2.1.0,PyPI,GHSA-8gv3-57p6-g35r,LOW,"BIT-tensorflow-2021-29560,CVE-2021-29560,PYSEC-2021-197,PYSEC-2021-488,PYSEC-2021-686","CWE-125,CWE-787",CVSS:4.0/AV:L/AC:L/AT:P/PR:L/UI:N/VC:N/VI:N/VA:L/SC:N/SI:N/SA:N,"PYSEC-2021-488,GHSA-8gv3-57p6-g35r",
,lockfile,tensorflow-cpu,2.1.0,PyPI,GHSA-8jj7-5vxc-pg2q,HIGH,"BIT-tensorflow-2022-23587,CVE-2022-23587,PYSEC-2022-151,PYSEC-2022-96",CWE-190,CVSS:3.1/AV:N/AC:L/PR:L/UI:N/S:U/C:H/I:H/A:H,"PYSEC-2022-96,GHSA-8jj7-5vxc-pg2q",
,lockfile,tensorflow-cpu,2.1.0,PyPI,GHSA-8pmx-p244-g88h,MODERATE,"BIT-tensorflow-2021-29614,CVE-2021-29614,PYSEC-2021-251,PYSEC-2021-542,PYSEC-2021-740","CWE-665,CWE-787",CVSS:4.0/AV:L/AC:L/AT:N/PR:L/UI:N/VC:N/VI:H/VA:H/SC:N/SI:N/SA:N,"PYSEC-2021-542,GHSA-8pmx-p244-g88h",
,lockfile,tensorflow-cpu,2.1.0,PyPI,GHSA-8r7c-3cm2-3h8f,MODERATE,"BIT-tensorflow-2022-23578,CVE-2022-23578,PYSEC-2022-142,PYSEC-2022-87",CWE-401,CVSS:4.0/AV:N/AC:L/AT:N/PR:L/UI:N/VC:N/VI:N/VA:L/SC:N/SI:N/SA:N,"PYSEC-2022-87,GHSA-8r7c-3cm2-3h8f",
,lockfile,tensorflow-cpu,2.1.0,PyPI,GHSA-8rcj-c8pj-v3m3,HIGH,"BIT-tensorflow-2022-23564,CVE-2022-23564,PYSEC-2022-128,PYSEC-2022-73",CWE-617,CVSS:4.0/AV:N/AC:L/AT:N/PR:L/UI:N/VC:N/VI:N/VA:H/SC:N/SI:N/SA:N,"PYSEC-2022-73,GHSA-8rcj-c8pj-v3m3",
,lockfile,tensorflow-cpu,2.1.0,PyPI,GHSA-8rm6-75mf-7r7r,LOW,"BIT-tensorflow-2021-29604,CVE-2021-29604,PYSEC-2021-241,PYSEC-2021-532,PYSEC-2021-730",CWE-369,CVSS:4.0/AV:L/AC:L/AT:P/PR:L/UI:N/VC:N/VI:N/VA:L/SC:N/SI:N/SA:N,"PYSEC-2021-532,GHSA-8rm6-75mf-7r7r",
,lockfile,tensorflow-cpu,2.1.0,PyPI,GHSA-8w5g-3wcv-9g2j,MODERATE,"BIT-tensorflow-2022-41880,CVE-2022-41880",CWE-125,CVSS:3.1/AV:N/AC:L/PR:L/UI:R/S:U/C:L/I:L/A:H,GHSA-8w5g-3wcv-9g2j,
,lockfile,tensorflow-cpu,2.1.0,PyPI,GHSA-8wwm-6264-x792,MODERATE,"BIT-tensorflow-2022-29212,CVE-2022-29212",CWE-20,CVSS:3.1/AV:L/AC:L/PR:L/UI:N/S:U/C:N/I:N/A:H,GHSA-8wwm-6264-x792,
,lockfile,tensorflow-cpu,2.1.0,PyPI,GHSA-93vr-9q9m-pj8p,HIGH,"BIT-tensorflow-2023-25659,CVE-2023-25659",CWE-125,CVSS:3.1/AV:N/AC:L/PR:N/UI:N/S:U/C:N/I:N/A:H,GHSA-93vr-9q9m-pj8p,
,lockfile,tensorflow-cpu,2.1.0,PyPI,GHSA-94mm-g2mv-8p7r,HIGH,"BIT-tensorflow-2023-25672,CVE-2023-25672",CWE-476,CVSS:3.1/AV:N/AC:L/PR:N/UI:N/S:U/C:N/I:N/A:H,GHSA-94mm-g2mv-8p7r,
,lockfile,tensorflow-cpu,2.1.0,PyPI,GHSA-95xm-g58g-3p88,MODERATE,"BIT-tensorflow-2021-37640,CVE-2021-37640,PYSEC-2021-262,PYSEC-2021-553,PYSEC-2021-751",CWE-369,CVSS:4.0/AV:L/AC:L/AT:P/PR:L/UI:N/VC:N/VI:N/VA:H/SC:N/SI:N/SA:N,GHSA-95xm-g58g-3p88,
,lockfile,tensorflow-cpu,2.1.0,PyPI,GHSA-9697-98pf-4rw7,MODERATE,"BIT-tensorflow-2021-37670,CVE-2021-37670,PYSEC-2021-292,PYSEC-2021-583,PYSEC-2021-781",CWE-125,CVSS:4.0/AV:L/AC:L/AT:N/PR:L/UI:N/VC:H/VI:N/VA:N/SC:N/SI:N/SA:N,GHSA-9697-98pf-4rw7,
,lockfile,tensorflow-cpu,2.1.0,PyPI,GHSA-97p7-w86h-vcf9,MODERATE,"BIT-tensorflow-2022-35935,CVE-2022-35935",CWE-617,CVSS:3.1/AV:N/AC:H/PR:N/UI:N/S:U/C:N/I:N/A:H,GHSA-97p7-w86h-vcf9,
,lockfile,tensorflow-cpu,2.1.0,PyPI,GHSA-97wf-p777-86jq,LOW,"BIT-tensorflow-2021-29599,CVE-2021-29599,PYSEC-2021-236,PYSEC-2021-527,PYSEC-2021-725",CWE-369,CVSS:4.0/AV:L/AC:L/AT:P/PR:L/UI:N/VC:N/VI:N/VA:L/SC:N/SI:N/SA:N,"PYSEC-2021-527,GHSA-97wf-p777-86jq",
,lockfile,tensorflow-cpu,2.1.0,PyPI,GHSA-98j8-c9q4-r38g,MODERATE,"BIT-tensorflow-2022-21733,CVE-2022-21733,PYSEC-2022-112,PYSEC-2022-57","CWE-190,CWE-400",CVSS:4.0/AV:N/AC:L/AT:N/PR:L/UI:N/VC:N/VI:N/VA:L/SC:N/SI:N/SA:N,"PYSEC-2022-57,GHSA-98j8-c9q4-r38g",
,lockfile,tensorflow-cpu,2.1.0,PyPI,GHSA-98p5-x8x4-c9m5,HIGH,"BIT-tensorflow-2022-23559,CVE-2022-23559,PYSEC-2022-123,PYSEC-2022-68",CWE-190,CVSS:4.0/AV:N/AC:L/AT:N/PR:L/UI:N/VC:H/VI:H/VA:H/SC:N/SI:N/SA:N,"PYSEC-2022-68,GHSA-98p5-x8x4-c9m5",
,lockfile,tensorflow-cpu,2.1.0,PyPI,GHSA-9942-r22v-78cp,MODERATE,"BIT-tensorflow-2022-35985,CVE-2022-35985",CWE-617,CVSS:3.1/AV:N/AC:H/PR:N/UI:N/S:U/C:N/I:N/A:H,GHSA-9942-r22v-78cp,
,lockfile,tensorflow-cpu,2.1.0,PyPI,GHSA-9c78-vcq7-7vxq,HIGH,"BIT-tensorflow-2022-23561,CVE-2022-23561,PYSEC-2022-125,PYSEC-2022-70",CWE-787,CVSS:4.0/AV:N/AC:L/AT:N/PR:L/UI:N/VC:H/VI:H/VA:H/SC:N/SI:N/SA:N,"PYSEC-2022-70,GHSA-9c78-vcq7-7vxq",
,lockfile,tensorflow-cpu,2.1.0,PyPI,GHSA-9c84-4hx6-xmm4,MODERATE,"BIT-tensorflow-2021-29601,CVE-2021-29601,PYSEC-2021-238,PYSEC-2021-529,PYSEC-2021-727",CWE-190,CVSS:4.0/AV:L/AC:L/AT:P/PR:L/UI:N/VC:N/VI:H/VA:H/SC:N/SI:N/SA:N,"PYSEC-2021-529,GHSA-9c84-4hx6-xmm4",
,lockfile,tensorflow-cpu,2.1.0,PyPI,GHSA-9c8h-2mv3-49ww,MODERATE,"BIT-tensorflow-2021-37675,CVE-2021-37675,PYSEC-2021-297,PYSEC-2021-588,PYSEC-2021-786",CWE-369,CVSS:4.0/AV:L/AC:L/AT:N/PR:L/UI:N/VC:N/VI:N/VA:H/SC:N/SI:N/SA:N,GHSA-9c8h-2mv3-49ww,
,lockfile,tensorflow-cpu,2.1.0,PyPI,GHSA-9c8h-vvrj-w2p8,MODERATE,"BIT-tensorflow-2021-37641,CVE-2021-37641,PYSEC-2021-263,PYSEC-2021-554,PYSEC-2021-752",CWE-125,CVSS:4.0/AV:L/AC:L/AT:N/PR:L/UI:N/VC:H/VI:N/VA:H/SC:N/SI:N/SA:N,GHSA-9c8h-vvrj-w2p8,
,lockfile,tensorflow-cpu,2.1.0,PyPI,GHSA-9cr2-8pwr-fhfq,MODERATE,"BIT-tensorflow-2022-36026,CVE-2022-36026",CWE-617,CVSS:3.1/AV:N/AC:H/PR:N/UI:N/S:U/C:N/I:N/A:H,GHSA-9cr2-8pwr-fhfq,
,lockfile,tensorflow-cpu,2.1.0,PyPI,GHSA-9crf-c6qr-r273,MODERATE,"BIT-tensorflow-2021-41218,CVE-2021-41218,PYSEC-2021-410,PYSEC-2021-627,PYSEC-2021-825",CWE-369,CVSS:3.1/AV:L/AC:L/PR:L/UI:N/S:U/C:N/I:N/A:H,"PYSEC-2021-627,GHSA-9crf-c6qr-r273",
,lockfile,tensorflow-cpu,2.1.0,PyPI,GHSA-9fpg-838v-wpv7,MODERATE,"BIT-tensorflow-2022-35971,CVE-2022-35971",CWE-617,CVSS:3.1/AV:N/AC:H/PR:N/UI:N/S:U/C:N/I:N/A:H,GHSA-9fpg-838v-wpv7,
,lockfile,tensorflow-cpu,2.1.0,PyPI,GHSA-9gwq-6cwj-47h3,HIGH,"BIT-tensorflow-2022-23558,CVE-2022-23558,PYSEC-2022-122,PYSEC-2022-67",CWE-190,CVSS:4.0/AV:N/AC:L/AT:N/PR:L/UI:N/VC:L/VI:L/VA:H/SC:N/SI:N/SA:N,"PYSEC-2022-67,GHSA-9gwq-6cwj-47h3",
,lockfile,tensorflow-cpu,2.1.0,PyPI,GHSA-9j4v-pp28-mxv7,MODERATE,"BIT-tensorflow-2022-36019,CVE-2022-36019",CWE-617,CVSS:3.1/AV:N/AC:H/PR:N/UI:N/S:U/C:N/I:N/A:H,GHSA-9j4v-pp28-mxv7,
,lockfile,tensorflow-cpu,2.1.0,PyPI,GHSA-9mqp-7v2h-2382,MODERATE,"BIT-tensorflow-2020-15194,CVE-2020-15194,PYSEC-2020-117,PYSEC-2020-274,PYSEC-2020-309","CWE-20,CWE-617",CVSS:4.0/AV:N/AC:L/AT:N/PR:N/UI:N/VC:N/VI:N/VA:L/SC:N/SI:N/SA:N,"PYSEC-2020-274,GHSA-9mqp-7v2h-2382",
,lockfile,tensorflow-cpu,2.1.0,PyPI,GHSA-9p77-mmrw-69c7,HIGH,"BIT-tensorflow-2022-23570,CVE-2022-23570,PYSEC-2022-134,PYSEC-2022-79",CWE-476,CVSS:4.0/AV:N/AC:L/AT:N/PR:L/UI:N/VC:N/VI:N/VA:H/SC:N/SI:N/SA:N,"PYSEC-2022-79,GHSA-9p77-mmrw-69c7",
,lockfile,tensorflow-cpu,2.1.0,PyPI,GHSA-9px9-73fg-3fqp,MODERATE,"BIT-tensorflow-2022-23589,CVE-2022-23589,PYSEC-2022-153,PYSEC-2022-98",CWE-476,CVSS:3.1/AV:N/AC:L/PR:L/UI:N/S:U/C:N/I:N/A:H,"PYSEC-2022-98,GHSA-9px9-73fg-3fqp",
,lockfile,tensorflow-cpu,2.1.0,PyPI,GHSA-9v8w-xmr4-wgxp,MODERATE,"BIT-tensorflow-2022-35992,CVE-2022-35992",CWE-617,CVSS:3.1/AV:N/AC:H/PR:N/UI:N/S:U/C:N/I:N/A:H,GHSA-9v8w-xmr4-wgxp,
,lockfile,tensorflow-cpu,2.1.0,PyPI,GHSA-9vpm-rcf4-9wqw,LOW,"BIT-tensorflow-2021-29573,CVE-2021-29573,PYSEC-2021-210,PYSEC-2021-501,PYSEC-2021-699",CWE-369,CVSS:4.0/AV:L/AC:L/AT:P/PR:L/UI:N/VC:N/VI:N/VA:L/SC:N/SI:N/SA:N,"PYSEC-2021-501,GHSA-9vpm-rcf4-9wqw",
,lockfile,tensorflow-cpu,2.1.0,PyPI,GHSA-9vqj-64pv-w55c,MODERATE,"BIT-tensorflow-2022-35988,CVE-2022-35988",CWE-617,CVSS:3.1/AV:N/AC:H/PR:N/UI:N/S:U/C:N/I:N/A:H,GHSA-9vqj-64pv-w55c,
,lockfile,tensorflow-cpu,2.1.0,PyPI,GHSA-9w2p-5mgw-p94c,MODERATE,"BIT-tensorflow-2021-37645,CVE-2021-37645,PYSEC-2021-267,PYSEC-2021-558,PYSEC-2021-756",CWE-681,CVSS:4.0/AV:L/AC:L/AT:P/PR:L/UI:N/VC:N/VI:N/VA:H/SC:N/SI:N/SA:N,GHSA-9w2p-5mgw-p94c,
,lockfile,tensorflow-cpu,2.1.0,PyPI,GHSA-9xh4-23q4-v6wr,LOW,"BIT-tensorflow-2021-29583,CVE-2021-29583,PYSEC-2021-220,PYSEC-2021-511,PYSEC-2021-709","CWE-125,CWE-476,CWE-787",CVSS:4.0/AV:L/AC:L/AT:P/PR:L/UI:N/VC:N/VI:N/VA:L/SC:N/SI:N/SA:N,"PYSEC-2021-511,GHSA-9xh4-23q4-v6wr",
,lockfile,tensorflow-cpu,2.1.0,PyPI,GHSA-c45w-2wxr-pp53,LOW,"BIT-tensorflow-2021-29582,CVE-2021-29582,PYSEC-2021-219,PYSEC-2021-510,PYSEC-2021-708",CWE-125,CVSS:4.0/AV:L/AC:L/AT:P/PR:L/UI:N/VC:N/VI:N/VA:L/SC:N/SI:N/SA:N,"PYSEC-2021-510,GHSA-c45w-2wxr-pp53",
,lockfile,tensorflow-cpu,2.1.0,PyPI,GHSA-c545-c4f9-rf6v,MODERATE,"BIT-tensorflow-2021-37685,CVE-2021-37685,PYSEC-2021-307,PYSEC-2021-598,PYSEC-2021-796",CWE-125,CVSS:4.0/AV:L/AC:L/AT:N/PR:L/UI:N/VC:H/VI:N/VA:N/SC:N/SI:N/SA:N,GHSA-c545-c4f9-rf6v,
,lockfile,tensorflow-cpu,2.1.0,PyPI,GHSA-c582-c96p-r5cq,MODERATE,"BIT-tensorflow-2022-21732,CVE-2022-21732,PYSEC-2022-111,PYSEC-2022-56","CWE-400,CWE-770",CVSS:4.0/AV:N/AC:L/AT:N/PR:L/UI:N/VC:N/VI:N/VA:L/SC:N/SI:N/SA:N,"PYSEC-2022-56,GHSA-c582-c96p-r5cq",
,lockfile,tensorflow-cpu,2.1.0,PyPI,GHSA-c5x2-p679-95wc,HIGH,"BIT-tensorflow-2021-37647,CVE-2021-37647,PYSEC-2021-269,PYSEC-2021-560,PYSEC-2021-758",CWE-476,CVSS:4.0/AV:L/AC:L/AT:N/PR:N/UI:N/VC:N/VI:H/VA:H/SC:N/SI:N/SA:N,GHSA-c5x2-p679-95wc,
,lockfile,tensorflow-cpu,2.1.0,PyPI,GHSA-c6fh-56w7-fvjw,HIGH,"BIT-tensorflow-2022-21727,CVE-2022-21727,PYSEC-2022-106,PYSEC-2022-51",CWE-190,CVSS:4.0/AV:N/AC:L/AT:N/PR:L/UI:N/VC:L/VI:L/VA:H/SC:N/SI:N/SA:N,"PYSEC-2022-51,GHSA-c6fh-56w7-fvjw",
,lockfile,tensorflow-cpu,2.1.0,PyPI,GHSA-c94w-c95p-phf8,HIGH,"BIT-tensorflow-2022-23575,CVE-2022-23575,PYSEC-2022-139,PYSEC-2022-84",CWE-190,CVSS:4.0/AV:N/AC:L/AT:N/PR:L/UI:N/VC:N/VI:N/VA:H/SC:N/SI:N/SA:N,"PYSEC-2022-84,GHSA-c94w-c95p-phf8",
,lockfile,tensorflow-cpu,2.1.0,PyPI,GHSA-c968-pq7h-7fxv,LOW,"BIT-tensorflow-2021-29522,CVE-2021-29522,PYSEC-2021-159,PYSEC-2021-450,PYSEC-2021-648",CWE-369,CVSS:4.0/AV:L/AC:L/AT:P/PR:L/UI:N/VC:N/VI:N/VA:L/SC:N/SI:N/SA:N,"PYSEC-2021-450,GHSA-c968-pq7h-7fxv",
,lockfile,tensorflow-cpu,2.1.0,PyPI,GHSA-c9f3-9wfr-wgh7,LOW,"BIT-tensorflow-2020-26267,CVE-2020-26267,PYSEC-2020-140,PYSEC-2020-298,PYSEC-2020-333",CWE-125,CVSS:4.0/AV:L/AC:L/AT:P/PR:N/UI:N/VC:N/VI:L/VA:L/SC:N/SI:N/SA:N,"PYSEC-2020-298,GHSA-c9f3-9wfr-wgh7",
,lockfile,tensorflow-cpu,2.1.0,PyPI,GHSA-c9qf-r67m-p7cg,HIGH,"BIT-tensorflow-2021-37637,CVE-2021-37637,PYSEC-2021-259,PYSEC-2021-550,PYSEC-2021-748",CWE-476,CVSS:4.0/AV:L/AC:L/AT:N/PR:N/UI:N/VC:N/VI:H/VA:H/SC:N/SI:N/SA:N,GHSA-c9qf-r67m-p7cg,
,lockfile,tensorflow-cpu,2.1.0,PyPI,GHSA-cfpj-3q4c-jhvr,MODERATE,"BIT-tensorflow-2021-37680,CVE-2021-37680,PYSEC-2021-302,PYSEC-2021-593,PYSEC-2021-791",CWE-369,CVSS:4.0/AV:L/AC:L/AT:N/PR:L/UI:N/VC:N/VI:N/VA:H/SC:N/SI:N/SA:N,GHSA-cfpj-3q4c-jhvr,
,lockfile,tensorflow-cpu,2.1.0,PyPI,GHSA-cfx7-2xpc-8w4h,LOW,"BIT-tensorflow-2021-29593,CVE-2021-29593,PYSEC-2021-230,PYSEC-2021-521,PYSEC-2021-719",CWE-369,CVSS:4.0/AV:L/AC:L/AT:P/PR:L/UI:N/VC:N/VI:N/VA:L/SC:N/SI:N/SA:N,"PYSEC-2021-521,GHSA-cfx7-2xpc-8w4h",
,lockfile,tensorflow-cpu,2.1.0,PyPI,GHSA-cg88-rpvp-cjv5,HIGH,"BIT-tensorflow-2022-41902,CVE-2022-41902","CWE-125,CWE-787",CVSS:3.1/AV:N/AC:H/PR:L/UI:R/S:U/C:H/I:H/A:H,GHSA-cg88-rpvp-cjv5,
,lockfile,tensorflow-cpu,2.1.0,PyPI,GHSA-cgfm-62j4-v4rf,HIGH,"BIT-tensorflow-2021-37635,CVE-2021-37635,PYSEC-2021-257,PYSEC-2021-548,PYSEC-2021-746",CWE-125,CVSS:4.0/AV:L/AC:L/AT:N/PR:L/UI:N/VC:H/VI:L/VA:H/SC:N/SI:N/SA:N,GHSA-cgfm-62j4-v4rf,
,lockfile,tensorflow-cpu,2.1.0,PyPI,GHSA-ch4f-829c-v5pw,MODERATE,"BIT-tensorflow-2021-37642,CVE-2021-37642,PYSEC-2021-264,PYSEC-2021-555,PYSEC-2021-753",CWE-369,CVSS:4.0/AV:L/AC:L/AT:N/PR:L/UI:N/VC:N/VI:N/VA:H/SC:N/SI:N/SA:N,GHSA-ch4f-829c-v5pw,
,lockfile,tensorflow-cpu,2.1.0,PyPI,GHSA-cjc7-49v2-jp64,MODERATE,"BIT-tensorflow-2021-29609,CVE-2021-29609,PYSEC-2021-246,PYSEC-2021-537,PYSEC-2021-735","CWE-665,CWE-787",CVSS:4.0/AV:L/AC:L/AT:P/PR:L/UI:N/VC:N/VI:L/VA:H/SC:N/SI:N/SA:N,"PYSEC-2021-537,GHSA-cjc7-49v2-jp64",
,lockfile,tensorflow-cpu,2.1.0,PyPI,GHSA-cm5x-837x-jf3c,MODERATE,"BIT-tensorflow-2021-37660,CVE-2021-37660,PYSEC-2021-282,PYSEC-2021-573,PYSEC-2021-771",CWE-369,CVSS:4.0/AV:L/AC:L/AT:N/PR:L/UI:N/VC:N/VI:N/VA:H/SC:N/SI:N/SA:N,GHSA-cm5x-837x-jf3c,
,lockfile,tensorflow-cpu,2.1.0,PyPI,GHSA-cpf4-wx82-gxp6,MODERATE,"BIT-tensorflow-2021-41222,CVE-2021-41222,PYSEC-2021-414,PYSEC-2021-631,PYSEC-2021-829",CWE-682,CVSS:4.0/AV:L/AC:L/AT:N/PR:L/UI:N/VC:N/VI:N/VA:H/SC:N/SI:N/SA:N,"PYSEC-2021-631,GHSA-cpf4-wx82-gxp6",
,lockfile,tensorflow-cpu,2.1.0,PyPI,GHSA-cq76-mxrc-vchh,MODERATE,"BIT-tensorflow-2021-41195,CVE-2021-41195,PYSEC-2021-842,PYSEC-2021-844,PYSEC-2021-846",CWE-190,CVSS:4.0/AV:L/AC:L/AT:N/PR:L/UI:N/VC:N/VI:N/VA:H/SC:N/SI:N/SA:N,"PYSEC-2021-844,GHSA-cq76-mxrc-vchh",
,lockfile,tensorflow-cpu,2.1.0,PyPI,GHSA-cqv6-3phm-hcwx,HIGH,"BIT-tensorflow-2021-41221,CVE-2021-41221,PYSEC-2021-413,PYSEC-2021-630,PYSEC-2021-828","CWE-120,CWE-787",CVSS:3.1/AV:L/AC:L/PR:L/UI:N/S:U/C:H/I:H/A:H,"PYSEC-2021-630,GHSA-cqv6-3phm-hcwx",
,lockfile,tensorflow-cpu,2.1.0,PyPI,GHSA-cqvq-fvhr-v6hc,LOW,,,,GHSA-cqvq-fvhr-v6hc,
,lockfile,tensorflow-cpu,2.1.0,PyPI,GHSA-crch-j389-5f84,LOW,"BIT-tensorflow-2021-29603,CVE-2021-29603,PYSEC-2021-240,PYSEC-2021-531,PYSEC-2021-729",CWE-787,CVSS:4.0/AV:L/AC:L/AT:P/PR:L/UI:N/VC:N/VI:N/VA:L/SC:N/SI:N/SA:N,"PYSEC-2021-531,GHSA-crch-j389-5f84",
,lockfile,tensorflow-cpu,2.1.0,PyPI,GHSA-cv2p-32v3-vhwq,MODERATE,"BIT-tensorflow-2022-36003,CVE-2022-36003",CWE-617,CVSS:3.1/AV:N/AC:H/PR:N/UI:N/S:U/C:N/I:N/A:H,GHSA-cv2p-32v3-vhwq,
,lockfile,tensorflow-cpu,2.1.0,PyPI,GHSA-cvpc-8phh-8f45,MODERATE,"BIT-tensorflow-2020-15211,CVE-2020-15211,PYSEC-2020-134,PYSEC-2020-291,PYSEC-2020-326","CWE-125,CWE-787",CVSS:4.0/AV:N/AC:L/AT:P/PR:N/UI:N/VC:L/VI:L/VA:N/SC:N/SI:N/SA:N,"PYSEC-2020-291,GHSA-cvpc-8phh-8f45",
,lockfile,tensorflow-cpu,2.1.0,PyPI,GHSA-cwpm-f78v-7m5c,MODERATE,"BIT-tensorflow-2022-29202,CVE-2022-29202","CWE-1284,CWE-20,CWE-400",CVSS:3.1/AV:L/AC:L/PR:L/UI:N/S:U/C:N/I:N/A:H,GHSA-cwpm-f78v-7m5c,
,lockfile,tensorflow-cpu,2.1.0,PyPI,GHSA-cwv3-863g-39vx,HIGH,"BIT-tensorflow-2021-29591,CVE-2021-29591,PYSEC-2021-228,PYSEC-2021-519,PYSEC-2021-717","CWE-674,CWE-835",CVSS:4.0/AV:L/AC:L/AT:N/PR:L/UI:N/VC:H/VI:L/VA:H/SC:N/SI:N/SA:N,"PYSEC-2021-519,GHSA-cwv3-863g-39vx",
,lockfile,tensorflow-cpu,2.1.0,PyPI,GHSA-f2vv-v9cg-qhh7,HIGH,"BIT-tensorflow-2022-21737,CVE-2022-21737,PYSEC-2022-116,PYSEC-2022-61","CWE-617,CWE-754",CVSS:4.0/AV:N/AC:L/AT:N/PR:L/UI:N/VC:N/VI:N/VA:H/SC:N/SI:N/SA:N,"PYSEC-2022-61,GHSA-f2vv-v9cg-qhh7",
,lockfile,tensorflow-cpu,2.1.0,PyPI,GHSA-f2w8-jw48-fr7j,MODERATE,"BIT-tensorflow-2022-41897,CVE-2022-41897",CWE-125,CVSS:3.1/AV:N/AC:H/PR:L/UI:R/S:U/C:N/I:N/A:H,GHSA-f2w8-jw48-fr7j,
,lockfile,tensorflow-cpu,2.1.0,PyPI,GHSA-f49c-87jh-g47q,HIGH,"BIT-tensorflow-2023-25801,CVE-2023-25801",CWE-415,CVSS:3.1/AV:L/AC:L/PR:N/UI:N/S:U/C:L/I:H/A:H,GHSA-f49c-87jh-g47q,
,lockfile,tensorflow-cpu,2.1.0,PyPI,GHSA-f4rr-5m7v-wxcw,MODERATE,"BIT-tensorflow-2022-29209,CVE-2022-29209",CWE-843,CVSS:3.1/AV:L/AC:L/PR:L/UI:N/S:U/C:N/I:N/A:H,GHSA-f4rr-5m7v-wxcw,
,lockfile,tensorflow-cpu,2.1.0,PyPI,GHSA-f4w6-h4f5-wx45,MODERATE,"BIT-tensorflow-2022-35934,CVE-2022-35934",CWE-617,CVSS:3.1/AV:N/AC:H/PR:N/UI:N/S:U/C:N/I:N/A:H,GHSA-f4w6-h4f5-wx45,
,lockfile,tensorflow-cpu,2.1.0,PyPI,GHSA-f54p-f6jp-4rhr,MODERATE,"BIT-tensorflow-2021-41223,CVE-2021-41223,PYSEC-2021-415,PYSEC-2021-632,PYSEC-2021-830",CWE-125,CVSS:4.0/AV:L/AC:L/AT:N/PR:L/UI:N/VC:H/VI:N/VA:H/SC:N/SI:N/SA:N,"PYSEC-2021-632,GHSA-f54p-f6jp-4rhr",
,lockfile,tensorflow-cpu,2.1.0,PyPI,GHSA-f5cx-5wr3-5qrc,MODERATE,"BIT-tensorflow-2021-37662,CVE-2021-37662,PYSEC-2021-284,PYSEC-2021-575,PYSEC-2021-773",CWE-824,CVSS:4.0/AV:L/AC:L/AT:N/PR:L/UI:N/VC:N/VI:H/VA:H/SC:N/SI:N/SA:N,GHSA-f5cx-5wr3-5qrc,
,lockfile,tensorflow-cpu,2.1.0,PyPI,GHSA-f637-vh3r-vfh2,HIGH,"BIT-tensorflow-2023-25666,CVE-2023-25666",CWE-697,CVSS:3.1/AV:N/AC:L/PR:N/UI:N/S:U/C:N/I:N/A:H,GHSA-f637-vh3r-vfh2,
,lockfile,tensorflow-cpu,2.1.0,PyPI,GHSA-f78g-q7r4-9wcv,LOW,"BIT-tensorflow-2021-29550,CVE-2021-29550,PYSEC-2021-187,PYSEC-2021-478,PYSEC-2021-676",CWE-369,CVSS:4.0/AV:L/AC:L/AT:P/PR:L/UI:N/VC:N/VI:N/VA:L/SC:N/SI:N/SA:N,"PYSEC-2021-478,GHSA-f78g-q7r4-9wcv",
,lockfile,tensorflow-cpu,2.1.0,PyPI,GHSA-f7r5-q7cx-h668,MODERATE,"BIT-tensorflow-2022-35964,CVE-2022-35964",CWE-20,CVSS:3.1/AV:N/AC:H/PR:N/UI:N/S:U/C:N/I:N/A:H,GHSA-f7r5-q7cx-h668,
,lockfile,tensorflow-cpu,2.1.0,PyPI,GHSA-f8h4-7rgh-q2gm,HIGH,"BIT-tensorflow-2021-37650,CVE-2021-37650,PYSEC-2021-272,PYSEC-2021-563,PYSEC-2021-761","CWE-120,CWE-787",CVSS:4.0/AV:L/AC:L/AT:N/PR:L/UI:N/VC:H/VI:H/VA:H/SC:N/SI:N/SA:N,GHSA-f8h4-7rgh-q2gm,
,lockfile,tensorflow-cpu,2.1.0,PyPI,GHSA-fcwc-p4fc-c5cc,HIGH,"BIT-tensorflow-2021-37643,CVE-2021-37643,PYSEC-2021-265,PYSEC-2021-556,PYSEC-2021-754",CWE-476,CVSS:4.0/AV:L/AC:L/AT:N/PR:N/UI:N/VC:N/VI:H/VA:H/SC:N/SI:N/SA:N,GHSA-fcwc-p4fc-c5cc,
,lockfile,tensorflow-cpu,2.1.0,PyPI,GHSA-ffjm-4qwc-7cmf,HIGH,"BIT-tensorflow-2022-35939,CVE-2022-35939",CWE-787,CVSS:3.1/AV:N/AC:H/PR:N/UI:N/S:U/C:L/I:L/A:H,GHSA-ffjm-4qwc-7cmf,
,lockfile,tensorflow-cpu,2.1.0,PyPI,GHSA-fhfc-2q7x-929f,MODERATE,"BIT-tensorflow-2022-35994,CVE-2022-35994",CWE-617,CVSS:3.1/AV:N/AC:H/PR:N/UI:N/S:U/C:N/I:N/A:H,GHSA-fhfc-2q7x-929f,
,lockfile,tensorflow-cpu,2.1.0,PyPI,GHSA-fpcp-9h7m-ffpx,MODERATE,"BIT-tensorflow-2022-23595,CVE-2022-23595,PYSEC-2022-103,PYSEC-2022-158",CWE-476,CVSS:4.0/AV:N/AC:L/AT:P/PR:L/UI:N/VC:N/VI:N/VA:H/SC:N/SI:N/SA:N,"PYSEC-2022-103,GHSA-fpcp-9h7m-ffpx",
,lockfile,tensorflow-cpu,2.1.0,PyPI,GHSA-fphq-gw9m-ghrv,LOW,"BIT-tensorflow-2021-29543,CVE-2021-29543,PYSEC-2021-180,PYSEC-2021-471,PYSEC-2021-669",CWE-617,CVSS:4.0/AV:L/AC:L/AT:P/PR:L/UI:N/VC:N/VI:N/VA:L/SC:N/SI:N/SA:N,"PYSEC-2021-471,GHSA-fphq-gw9m-ghrv",
,lockfile,tensorflow-cpu,2.1.0,PyPI,GHSA-fq6p-6334-8gr4,MODERATE,"BIT-tensorflow-2022-23585,CVE-2022-23585,PYSEC-2022-149,PYSEC-2022-94",CWE-401,CVSS:3.1/AV:N/AC:L/PR:L/UI:N/S:U/C:N/I:N/A:L,"PYSEC-2022-94,GHSA-fq6p-6334-8gr4",
,lockfile,tensorflow-cpu,2.1.0,PyPI,GHSA-fq86-3f29-px2c,MODERATE,"BIT-tensorflow-2022-23581,CVE-2022-23581,PYSEC-2022-145,PYSEC-2022-90",CWE-617,CVSS:3.1/AV:N/AC:L/PR:L/UI:N/S:U/C:N/I:N/A:H,"PYSEC-2022-90,GHSA-fq86-3f29-px2c",
,lockfile,tensorflow-cpu,2.1.0,PyPI,GHSA-fqm2-gh8w-gr68,MODERATE,"BIT-tensorflow-2023-25667,CVE-2023-25667",CWE-190,CVSS:3.1/AV:N/AC:L/PR:N/UI:R/S:U/C:N/I:N/A:H,GHSA-fqm2-gh8w-gr68,
,lockfile,tensorflow-cpu,2.1.0,PyPI,GHSA-fqxc-pvf8-2w9v,MODERATE,"BIT-tensorflow-2022-36000,CVE-2022-36000",CWE-476,CVSS:3.1/AV:N/AC:H/PR:N/UI:N/S:U/C:N/I:N/A:H,GHSA-fqxc-pvf8-2w9v,
,lockfile,tensorflow-cpu,2.1.0,PyPI,GHSA-fr77-rrx3-cp7g,HIGH,"BIT-tensorflow-2021-41212,CVE-2021-41212,PYSEC-2021-404,PYSEC-2021-621,PYSEC-2021-819",CWE-125,CVSS:3.1/AV:L/AC:L/PR:L/UI:N/S:U/C:H/I:N/A:H,"PYSEC-2021-621,GHSA-fr77-rrx3-cp7g",
,lockfile,tensorflow-cpu,2.1.0,PyPI,GHSA-frqp-wp83-qggv,MODERATE,"BIT-tensorflow-2022-41910,CVE-2022-41910",CWE-125,CVSS:3.1/AV:N/AC:H/PR:L/UI:R/S:U/C:N/I:N/A:H,GHSA-frqp-wp83-qggv,
,lockfile,tensorflow-cpu,2.1.0,PyPI,GHSA-fv25-wrff-wf86,MODERATE,"BIT-tensorflow-2022-29191,CVE-2022-29191",CWE-20,CVSS:3.1/AV:L/AC:L/PR:L/UI:N/S:U/C:N/I:N/A:H,GHSA-fv25-wrff-wf86,
,lockfile,tensorflow-cpu,2.1.0,PyPI,GHSA-fv43-93gv-vm8f,MODERATE,"BIT-tensorflow-2022-36011,CVE-2022-36011",CWE-476,CVSS:3.1/AV:N/AC:H/PR:N/UI:N/S:U/C:N/I:N/A:H,GHSA-fv43-93gv-vm8f,
,lockfile,tensorflow-cpu,2.1.0,PyPI,GHSA-fx5c-h9f6-rv7c,MODERATE,"BIT-tensorflow-2022-23588,CVE-2022-23588,PYSEC-2022-152,PYSEC-2022-97",CWE-617,CVSS:3.1/AV:N/AC:L/PR:L/UI:N/S:U/C:N/I:N/A:H,"PYSEC-2022-97,GHSA-fx5c-h9f6-rv7c",
,lockfile,tensorflow-cpu,2.1.0,PyPI,GHSA-fxgc-95xx-grvq,MODERATE,"BIT-tensorflow-2023-25661,CVE-2023-25661",CWE-20,CVSS:3.1/AV:N/AC:L/PR:L/UI:N/S:U/C:N/I:N/A:H,GHSA-fxgc-95xx-grvq,
,lockfile,tensorflow-cpu,2.1.0,PyPI,GHSA-fxqh-cfjm-fp93,LOW,"BIT-tensorflow-2021-29556,CVE-2021-29556,PYSEC-2021-193,PYSEC-2021-484,PYSEC-2021-682",CWE-369,CVSS:4.0/AV:L/AC:L/AT:P/PR:L/UI:N/VC:N/VI:N/VA:L/SC:N/SI:N/SA:N,"PYSEC-2021-484,GHSA-fxqh-cfjm-fp93",
,lockfile,tensorflow-cpu,2.1.0,PyPI,GHSA-g25h-jr74-qp5j,HIGH,"BIT-tensorflow-2021-37663,CVE-2021-37663,PYSEC-2021-285,PYSEC-2021-576,PYSEC-2021-774",CWE-20,CVSS:4.0/AV:L/AC:L/AT:N/PR:L/UI:N/VC:H/VI:H/VA:H/SC:N/SI:N/SA:N,GHSA-g25h-jr74-qp5j,
,lockfile,tensorflow-cpu,2.1.0,PyPI,GHSA-g35r-369w-3fqp,MODERATE,"BIT-tensorflow-2022-35970,CVE-2022-35970",CWE-20,CVSS:3.1/AV:N/AC:H/PR:N/UI:N/S:U/C:N/I:N/A:H,GHSA-g35r-369w-3fqp,
,lockfile,tensorflow-cpu,2.1.0,PyPI,GHSA-g468-qj8g-vcjc,LOW,"BIT-tensorflow-2022-36016,CVE-2022-36016",CWE-617,,GHSA-g468-qj8g-vcjc,
,lockfile,tensorflow-cpu,2.1.0,PyPI,GHSA-g4h2-gqm3-c9wq,LOW,"BIT-tensorflow-2021-29539,CVE-2021-29539,PYSEC-2021-176,PYSEC-2021-467,PYSEC-2021-665",CWE-681,CVSS:4.0/AV:L/AC:L/AT:P/PR:L/UI:N/VC:N/VI:N/VA:L/SC:N/SI:N/SA:N,"PYSEC-2021-467,GHSA-g4h2-gqm3-c9wq",
,lockfile,tensorflow-cpu,2.1.0,PyPI,GHSA-g7p5-5759-qv46,MODERATE,"BIT-tensorflow-2020-15205,CVE-2020-15205,PYSEC-2020-128,PYSEC-2020-285,PYSEC-2020-320","CWE-119,CWE-122,CWE-787",CVSS:4.0/AV:N/AC:L/AT:N/PR:N/UI:P/VC:N/VI:N/VA:N/SC:H/SI:H/SA:H,"PYSEC-2020-285,GHSA-g7p5-5759-qv46",
,lockfile,tensorflow-cpu,2.1.0,PyPI,GHSA-g8wg-cjwc-xhhp,HIGH,"BIT-tensorflow-2021-37679,CVE-2021-37679,PYSEC-2021-301,PYSEC-2021-592,PYSEC-2021-790","CWE-125,CWE-681",CVSS:4.0/AV:L/AC:L/AT:N/PR:L/UI:N/VC:H/VI:H/VA:N/SC:N/SI:N/SA:N,GHSA-g8wg-cjwc-xhhp,
,lockfile,tensorflow-cpu,2.1.0,PyPI,GHSA-g9fm-r5mm-rf9f,MODERATE,"BIT-tensorflow-2022-41901,CVE-2022-41901","CWE-20,CWE-617",CVSS:3.1/AV:N/AC:H/PR:L/UI:R/S:U/C:N/I:N/A:H,GHSA-g9fm-r5mm-rf9f,
,lockfile,tensorflow-cpu,2.1.0,PyPI,GHSA-g9h5-vr8m-x2h4,MODERATE,"BIT-tensorflow-2022-35995,CVE-2022-35995",CWE-617,CVSS:3.1/AV:N/AC:H/PR:N/UI:N/S:U/C:N/I:N/A:H,GHSA-g9h5-vr8m-x2h4,
,lockfile,tensorflow-cpu,2.1.0,PyPI,GHSA-gcvh-66ff-4mwm,HIGH,"BIT-tensorflow-2022-21734,CVE-2022-21734,PYSEC-2022-113,PYSEC-2022-58","CWE-617,CWE-843",CVSS:4.0/AV:N/AC:L/AT:N/PR:L/UI:N/VC:N/VI:N/VA:H/SC:N/SI:N/SA:N,"PYSEC-2022-58,GHSA-gcvh-66ff-4mwm",
,lockfile,tensorflow-cpu,2.1.0,PyPI,GHSA-gf2j-f278-xh4v,HIGH,"BIT-tensorflow-2022-23557,CVE-2022-23557,PYSEC-2022-121,PYSEC-2022-66",CWE-369,CVSS:4.0/AV:N/AC:L/AT:N/PR:L/UI:N/VC:N/VI:N/VA:H/SC:N/SI:N/SA:N,"PYSEC-2022-66,GHSA-gf2j-f278-xh4v",
,lockfile,tensorflow-cpu,2.1.0,PyPI,GHSA-gf88-j2mg-cc82,MODERATE,"BIT-tensorflow-2021-37661,CVE-2021-37661,PYSEC-2021-283,PYSEC-2021-574,PYSEC-2021-772",CWE-681,CVSS:4.0/AV:L/AC:L/AT:N/PR:L/UI:N/VC:N/VI:N/VA:H/SC:N/SI:N/SA:N,GHSA-gf88-j2mg-cc82,
,lockfile,tensorflow-cpu,2.1.0,PyPI,GHSA-gf97-q72m-7579,HIGH,"BIT-tensorflow-2023-25674,CVE-2023-25674",CWE-476,CVSS:3.1/AV:N/AC:L/PR:N/UI:N/S:U/C:N/I:N/A:H,GHSA-gf97-q72m-7579,
,lockfile,tensorflow-cpu,2.1.0,PyPI,GHSA-gh6x-4whr-2qv4,HIGH,"BIT-tensorflow-2021-37639,CVE-2021-37639,PYSEC-2021-261,PYSEC-2021-552,PYSEC-2021-750","CWE-125,CWE-476",CVSS:4.0/AV:L/AC:L/AT:N/PR:N/UI:N/VC:H/VI:H/VA:H/SC:N/SI:N/SA:N,GHSA-gh6x-4whr-2qv4,
,lockfile,tensorflow-cpu,2.1.0,PyPI,GHSA-gh8h-7j2j-qv4f,MODERATE,"BIT-tensorflow-2021-41200,CVE-2021-41200,PYSEC-2021-393,PYSEC-2021-610,PYSEC-2021-808",CWE-617,CVSS:4.0/AV:L/AC:L/AT:N/PR:L/UI:N/VC:N/VI:N/VA:H/SC:N/SI:N/SA:N,"PYSEC-2021-610,GHSA-gh8h-7j2j-qv4f",
,lockfile,tensorflow-cpu,2.1.0,PyPI,GHSA-gjh7-xx4r-x345,HIGH,"BIT-tensorflow-2023-33976,CVE-2023-33976",CWE-190,CVSS:4.0/AV:N/AC:L/AT:N/PR:N/UI:N/VC:N/VI:N/VA:H/SC:N/SI:N/SA:N,GHSA-gjh7-xx4r-x345,
,lockfile,tensorflow-cpu,2.1.0,PyPI,GHSA-gjqc-q9g6-q2j3,MODERATE,"BIT-tensorflow-2022-23583,CVE-2022-23583,PYSEC-2022-147,PYSEC-2022-92","CWE-617,CWE-843",CVSS:3.1/AV:N/AC:L/PR:L/UI:N/S:U/C:N/I:N/A:H,"PYSEC-2022-92,GHSA-gjqc-q9g6-q2j3",
,lockfile,tensorflow-cpu,2.1.0,PyPI,GHSA-gq2j-cr96-gvqx,MODERATE,"BIT-tensorflow-2022-41895,CVE-2022-41895",CWE-125,CVSS:3.1/AV:N/AC:H/PR:L/UI:R/S:U/C:N/I:N/A:H,GHSA-gq2j-cr96-gvqx,
,lockfile,tensorflow-cpu,2.1.0,PyPI,GHSA-gv26-jpj9-c8gq,MODERATE,"BIT-tensorflow-2021-29607,CVE-2021-29607,PYSEC-2021-244,PYSEC-2021-535,PYSEC-2021-733",CWE-754,CVSS:4.0/AV:L/AC:L/AT:P/PR:L/UI:N/VC:N/VI:L/VA:H/SC:N/SI:N/SA:N,"PYSEC-2021-535,GHSA-gv26-jpj9-c8gq",
,lockfile,tensorflow-cpu,2.1.0,PyPI,GHSA-gvm4-h8j3-rjrq,LOW,"BIT-tensorflow-2021-29561,CVE-2021-29561,PYSEC-2021-198,PYSEC-2021-489,PYSEC-2021-687",CWE-617,CVSS:4.0/AV:L/AC:L/AT:P/PR:L/UI:N/VC:N/VI:N/VA:L/SC:N/SI:N/SA:N,"PYSEC-2021-489,GHSA-gvm4-h8j3-rjrq",
,lockfile,tensorflow-cpu,2.1.0,PyPI,GHSA-gw97-ff7c-9v96,CRITICAL,"BIT-tensorflow-2023-25668,CVE-2023-25668","CWE-122,CWE-125",CVSS:3.1/AV:N/AC:L/PR:N/UI:N/S:U/C:H/I:H/A:H,GHSA-gw97-ff7c-9v96,
,lockfile,tensorflow-cpu,2.1.0,PyPI,GHSA-h246-cgh4-7475,MODERATE,"BIT-tensorflow-2022-41890,CVE-2022-41890",CWE-704,CVSS:3.1/AV:N/AC:H/PR:L/UI:R/S:U/C:N/I:N/A:H,GHSA-h246-cgh4-7475,
,lockfile,tensorflow-cpu,2.1.0,PyPI,GHSA-h2wq-prv9-2f56,MODERATE,"BIT-tensorflow-2022-29192,CVE-2022-29192",CWE-20,CVSS:3.1/AV:L/AC:L/PR:L/UI:N/S:U/C:N/I:N/A:H,GHSA-h2wq-prv9-2f56,
,lockfile,tensorflow-cpu,2.1.0,PyPI,GHSA-h48f-q7rw-hvr7,MODERATE,"BIT-tensorflow-2022-29195,CVE-2022-29195",CWE-20,CVSS:3.1/AV:L/AC:L/PR:L/UI:N/S:U/C:N/I:N/A:H,GHSA-h48f-q7rw-hvr7,
,lockfile,tensorflow-cpu,2.1.0,PyPI,GHSA-h4pc-gx2w-f2xv,MODERATE,"BIT-tensorflow-2021-29606,CVE-2021-29606,PYSEC-2021-243,PYSEC-2021-534,PYSEC-2021-732",CWE-125,CVSS:4.0/AV:L/AC:L/AT:N/PR:L/UI:N/VC:N/VI:H/VA:H/SC:N/SI:N/SA:N,"PYSEC-2021-534,GHSA-h4pc-gx2w-f2xv",
,lockfile,tensorflow-cpu,2.1.0,PyPI,GHSA-h5g4-ppwx-48q2,MODERATE,"BIT-tensorflow-2022-29194,CVE-2022-29194",CWE-20,CVSS:3.1/AV:L/AC:L/PR:L/UI:N/S:U/C:N/I:N/A:H,GHSA-h5g4-ppwx-48q2,
,lockfile,tensorflow-cpu,2.1.0,PyPI,GHSA-h5vq-gw2c-pq47,MODERATE,"BIT-tensorflow-2022-35952,CVE-2022-35952",CWE-617,CVSS:3.1/AV:N/AC:H/PR:N/UI:N/S:U/C:N/I:N/A:H,GHSA-h5vq-gw2c-pq47,
,lockfile,tensorflow-cpu,2.1.0,PyPI,GHSA-h67m-xg8f-fxcf,MODERATE,"BIT-tensorflow-2021-41213,CVE-2021-41213,PYSEC-2021-405,PYSEC-2021-622,PYSEC-2021-820","CWE-662,CWE-667",CVSS:3.1/AV:L/AC:L/PR:L/UI:N/S:U/C:N/I:N/A:H,"PYSEC-2021-622,GHSA-h67m-xg8f-fxcf",
,lockfile,tensorflow-cpu,2.1.0,PyPI,GHSA-h6fg-mjxg-hqq4,HIGH,"BIT-tensorflow-2020-15202,CVE-2020-15202,PYSEC-2020-125,PYSEC-2020-282,PYSEC-2020-317","CWE-197,CWE-754",CVSS:4.0/AV:N/AC:L/AT:P/PR:N/UI:N/VC:N/VI:N/VA:N/SC:H/SI:H/SA:H,"PYSEC-2020-282,GHSA-h6fg-mjxg-hqq4",
,lockfile,tensorflow-cpu,2.1.0,PyPI,GHSA-h6gw-r52c-724r,CRITICAL,,"CWE-476,CWE-824",CVSS:3.1/AV:L/AC:L/PR:N/UI:N/S:C/C:H/I:H/A:H,GHSA-h6gw-r52c-724r,
,lockfile,tensorflow-cpu,2.1.0,PyPI,GHSA-h6jh-7gv5-28vg,MODERATE,"BIT-tensorflow-2021-37646,CVE-2021-37646,PYSEC-2021-268,PYSEC-2021-559,PYSEC-2021-757",CWE-681,CVSS:4.0/AV:L/AC:L/AT:N/PR:L/UI:N/VC:N/VI:N/VA:H/SC:N/SI:N/SA:N,GHSA-h6jh-7gv5-28vg,
,lockfile,tensorflow-cpu,2.1.0,PyPI,GHSA-h7ff-cfc9-wmmh,MODERATE,"BIT-tensorflow-2022-35990,CVE-2022-35990",CWE-617,CVSS:3.1/AV:N/AC:H/PR:N/UI:N/S:U/C:N/I:N/A:H,GHSA-h7ff-cfc9-wmmh,
,lockfile,tensorflow-cpu,2.1.0,PyPI,GHSA-h9px-9vqg-222h,LOW,"BIT-tensorflow-2021-29553,CVE-2021-29553,PYSEC-2021-190,PYSEC-2021-481,PYSEC-2021-679",CWE-125,CVSS:4.0/AV:L/AC:L/AT:P/PR:L/UI:N/VC:N/VI:N/VA:L/SC:N/SI:N/SA:N,"PYSEC-2021-481,GHSA-h9px-9vqg-222h",
,lockfile,tensorflow-cpu,2.1.0,PyPI,GHSA-hc6c-75p4-hmq4,LOW,"BIT-tensorflow-2021-29515,CVE-2021-29515,PYSEC-2021-152,PYSEC-2021-443,PYSEC-2021-641",CWE-476,CVSS:4.0/AV:L/AC:L/AT:P/PR:L/UI:N/VC:N/VI:N/VA:L/SC:N/SI:N/SA:N,"PYSEC-2021-443,GHSA-hc6c-75p4-hmq4",
,lockfile,tensorflow-cpu,2.1.0,PyPI,GHSA-hhvc-g5hv-48c6,MODERATE,"BIT-tensorflow-2020-26268,CVE-2020-26268,PYSEC-2020-255,PYSEC-2020-299,PYSEC-2020-334",CWE-471,CVSS:4.0/AV:L/AC:L/AT:N/PR:L/UI:N/VC:N/VI:L/VA:L/SC:N/SI:N/SA:N,"PYSEC-2020-299,GHSA-hhvc-g5hv-48c6",
,lockfile,tensorflow-cpu,2.1.0,PyPI,GHSA-hmg3-c7xj-6qwm,LOW,"BIT-tensorflow-2021-29545,CVE-2021-29545,PYSEC-2021-182,PYSEC-2021-473,PYSEC-2021-671",CWE-131,CVSS:4.0/AV:L/AC:L/AT:P/PR:L/UI:N/VC:N/VI:N/VA:L/SC:N/SI:N/SA:N,"PYSEC-2021-473,GHSA-hmg3-c7xj-6qwm",
,lockfile,tensorflow-cpu,2.1.0,PyPI,GHSA-hp4c-x6r7-6555,MODERATE,"BIT-tensorflow-2021-37636,CVE-2021-37636,PYSEC-2021-258,PYSEC-2021-549,PYSEC-2021-747",CWE-369,CVSS:4.0/AV:L/AC:L/AT:N/PR:L/UI:N/VC:N/VI:N/VA:H/SC:N/SI:N/SA:N,GHSA-hp4c-x6r7-6555,
,lockfile,tensorflow-cpu,2.1.0,PyPI,GHSA-hpv4-7p9c-mvfr,HIGH,"BIT-tensorflow-2021-37651,CVE-2021-37651,PYSEC-2021-273,PYSEC-2021-564,PYSEC-2021-762","CWE-125,CWE-787",CVSS:4.0/AV:L/AC:L/AT:N/PR:L/UI:N/VC:H/VI:H/VA:N/SC:N/SI:N/SA:N,GHSA-hpv4-7p9c-mvfr,
,lockfile,tensorflow-cpu,2.1.0,PyPI,GHSA-hq7g-wwwp-q46h,MODERATE,"BIT-tensorflow-2022-41898,CVE-2022-41898",CWE-20,CVSS:3.1/AV:N/AC:H/PR:L/UI:R/S:U/C:N/I:N/A:H,GHSA-hq7g-wwwp-q46h,
,lockfile,tensorflow-cpu,2.1.0,PyPI,GHSA-hrg5-737c-2p56,MODERATE,"BIT-tensorflow-2022-29197,CVE-2022-29197",CWE-20,CVSS:3.1/AV:L/AC:L/PR:L/UI:N/S:U/C:N/I:N/A:H,GHSA-hrg5-737c-2p56,
,lockfile,tensorflow-cpu,2.1.0,PyPI,GHSA-hwr7-8gxx-fj5p,HIGH,"BIT-tensorflow-2021-37638,CVE-2021-37638,PYSEC-2021-260,PYSEC-2021-551,PYSEC-2021-749",CWE-476,CVSS:4.0/AV:L/AC:L/AT:N/PR:N/UI:N/VC:N/VI:H/VA:H/SC:N/SI:N/SA:N,GHSA-hwr7-8gxx-fj5p,
,lockfile,tensorflow-cpu,2.1.0,PyPI,GHSA-hx9q-2mx4-m4pg,MODERATE,"BIT-tensorflow-2022-29204,CVE-2022-29204","CWE-191,CWE-20",CVSS:3.1/AV:L/AC:L/PR:L/UI:N/S:U/C:N/I:N/A:H,GHSA-hx9q-2mx4-m4pg,
,lockfile,tensorflow-cpu,2.1.0,PyPI,GHSA-j3mj-fhpq-qqjj,HIGH,"BIT-tensorflow-2022-23571,CVE-2022-23571,PYSEC-2022-135,PYSEC-2022-80",CWE-617,CVSS:4.0/AV:N/AC:L/AT:N/PR:L/UI:N/VC:N/VI:N/VA:H/SC:N/SI:N/SA:N,"PYSEC-2022-80,GHSA-j3mj-fhpq-qqjj",
,lockfile,tensorflow-cpu,2.1.0,PyPI,GHSA-j43h-pgmg-5hjq,MODERATE,"BIT-tensorflow-2022-35989,CVE-2022-35989",CWE-617,CVSS:3.1/AV:N/AC:H/PR:N/UI:N/S:U/C:N/I:N/A:H,GHSA-j43h-pgmg-5hjq,
,lockfile,tensorflow-cpu,2.1.0,PyPI,GHSA-j47f-4232-hvv8,LOW,"BIT-tensorflow-2021-29532,CVE-2021-29532,PYSEC-2021-169,PYSEC-2021-460,PYSEC-2021-658",CWE-125,CVSS:4.0/AV:L/AC:L/AT:P/PR:L/UI:N/VC:N/VI:N/VA:L/SC:N/SI:N/SA:N,"PYSEC-2021-460,GHSA-j47f-4232-hvv8",
,lockfile,tensorflow-cpu,2.1.0,PyPI,GHSA-j5w9-hmfh-4cr6,HIGH,"BIT-tensorflow-2023-25671,CVE-2023-25671",CWE-787,CVSS:3.1/AV:N/AC:L/PR:N/UI:N/S:U/C:N/I:N/A:H,GHSA-j5w9-hmfh-4cr6,
,lockfile,tensorflow-cpu,2.1.0,PyPI,GHSA-j7rm-8ww4-xx2g,LOW,"BIT-tensorflow-2021-29587,CVE-2021-29587,PYSEC-2021-224,PYSEC-2021-515,PYSEC-2021-713",CWE-369,CVSS:4.0/AV:N/AC:L/AT:P/PR:L/UI:N/VC:N/VI:N/VA:L/SC:N/SI:N/SA:N,"PYSEC-2021-515,GHSA-j7rm-8ww4-xx2g",
,lockfile,tensorflow-cpu,2.1.0,PyPI,GHSA-j86v-p27c-73fm,HIGH,"BIT-tensorflow-2021-41201,CVE-2021-41201,PYSEC-2021-394,PYSEC-2021-611,PYSEC-2021-809",CWE-824,CVSS:4.0/AV:L/AC:L/AT:N/PR:L/UI:N/VC:H/VI:H/VA:H/SC:N/SI:N/SA:N,"PYSEC-2021-611,GHSA-j86v-p27c-73fm",
,lockfile,tensorflow-cpu,2.1.0,PyPI,GHSA-j8c8-67vp-6mx7,MODERATE,"BIT-tensorflow-2021-41227,CVE-2021-41227,PYSEC-2021-419,PYSEC-2021-636,PYSEC-2021-834",CWE-125,CVSS:4.0/AV:L/AC:L/AT:N/PR:L/UI:N/VC:H/VI:L/VA:L/SC:N/SI:N/SA:N,"PYSEC-2021-636,GHSA-j8c8-67vp-6mx7",
,lockfile,tensorflow-cpu,2.1.0,PyPI,GHSA-j8qc-5fqr-52fp,LOW,"BIT-tensorflow-2021-29538,CVE-2021-29538,PYSEC-2021-175,PYSEC-2021-466,PYSEC-2021-664",CWE-369,CVSS:4.0/AV:L/AC:L/AT:P/PR:L/UI:N/VC:N/VI:N/VA:L/SC:N/SI:N/SA:N,"PYSEC-2021-466,GHSA-j8qc-5fqr-52fp",
,lockfile,tensorflow-cpu,2.1.0,PyPI,GHSA-j8qh-3xrq-c825,LOW,"BIT-tensorflow-2021-29600,CVE-2021-29600,PYSEC-2021-237,PYSEC-2021-528,PYSEC-2021-726",CWE-369,CVSS:4.0/AV:L/AC:L/AT:P/PR:L/UI:N/VC:N/VI:N/VA:L/SC:N/SI:N/SA:N,"PYSEC-2021-528,GHSA-j8qh-3xrq-c825",
,lockfile,tensorflow-cpu,2.1.0,PyPI,GHSA-jf7h-7m85-w2v2,MODERATE,"BIT-tensorflow-2021-29605,CVE-2021-29605,PYSEC-2021-242,PYSEC-2021-533,PYSEC-2021-731",CWE-190,CVSS:4.0/AV:L/AC:L/AT:P/PR:L/UI:N/VC:N/VI:H/VA:H/SC:N/SI:N/SA:N,"PYSEC-2021-533,GHSA-jf7h-7m85-w2v2",
,lockfile,tensorflow-cpu,2.1.0,PyPI,GHSA-jfp7-4j67-8r3q,LOW,"BIT-tensorflow-2021-29529,CVE-2021-29529,PYSEC-2021-166,PYSEC-2021-457,PYSEC-2021-655","CWE-131,CWE-193",CVSS:4.0/AV:L/AC:L/AT:P/PR:L/UI:N/VC:N/VI:N/VA:L/SC:N/SI:N/SA:N,"PYSEC-2021-457,GHSA-jfp7-4j67-8r3q",
,lockfile,tensorflow-cpu,2.1.0,PyPI,GHSA-jhq9-wm9m-cf89,LOW,"BIT-tensorflow-2021-29552,CVE-2021-29552,PYSEC-2021-189,PYSEC-2021-480,PYSEC-2021-678",CWE-617,CVSS:4.0/AV:L/AC:L/AT:P/PR:L/UI:N/VC:N/VI:N/VA:L/SC:N/SI:N/SA:N,"PYSEC-2021-480,GHSA-jhq9-wm9m-cf89",
,lockfile,tensorflow-cpu,2.1.0,PyPI,GHSA-jjm6-4vf7-cjh4,MODERATE,"BIT-tensorflow-2022-29203,CVE-2022-29203",CWE-190,CVSS:3.1/AV:L/AC:L/PR:L/UI:N/S:U/C:N/I:N/A:H,GHSA-jjm6-4vf7-cjh4,
,lockfile,tensorflow-cpu,2.1.0,PyPI,GHSA-jjr8-m8g8-p6wv,MODERATE,"BIT-tensorflow-2021-29592,CVE-2021-29592,PYSEC-2021-229,PYSEC-2021-520,PYSEC-2021-718",CWE-476,CVSS:4.0/AV:L/AC:L/AT:N/PR:L/UI:N/VC:N/VI:L/VA:L/SC:N/SI:N/SA:N,"PYSEC-2021-520,GHSA-jjr8-m8g8-p6wv",
,lockfile,tensorflow-cpu,2.1.0,PyPI,GHSA-jq6x-99hj-q636,MODERATE,"BIT-tensorflow-2022-41884,CVE-2022-41884",CWE-670,CVSS:3.1/AV:N/AC:H/PR:L/UI:R/S:U/C:N/I:N/A:H,GHSA-jq6x-99hj-q636,
,lockfile,tensorflow-cpu,2.1.0,PyPI,GHSA-jqm7-m5q7-3hm5,MODERATE,"BIT-tensorflow-2022-36001,CVE-2022-36001",CWE-617,CVSS:3.1/AV:N/AC:H/PR:N/UI:N/S:U/C:N/I:N/A:H,GHSA-jqm7-m5q7-3hm5,
,lockfile,tensorflow-cpu,2.1.0,PyPI,GHSA-jvhc-5hhr-w3v5,MODERATE,"BIT-tensorflow-2022-36012,CVE-2022-36012",CWE-617,CVSS:3.1/AV:N/AC:H/PR:N/UI:N/S:U/C:N/I:N/A:H,GHSA-jvhc-5hhr-w3v5,
,lockfile,tensorflow-cpu,2.1.0,PyPI,GHSA-jwf9-w5xm-f437,MODERATE,"BIT-tensorflow-2021-37687,CVE-2021-37687,PYSEC-2021-309,PYSEC-2021-600,PYSEC-2021-798",CWE-125,CVSS:4.0/AV:L/AC:L/AT:N/PR:L/UI:N/VC:H/VI:N/VA:N/SC:N/SI:N/SA:N,GHSA-jwf9-w5xm-f437,
,lockfile,tensorflow-cpu,2.1.0,PyPI,GHSA-m342-ff57-4jcc,HIGH,"BIT-tensorflow-2021-41210,CVE-2021-41210,PYSEC-2021-402,PYSEC-2021-619,PYSEC-2021-817",CWE-125,CVSS:3.1/AV:L/AC:L/PR:L/UI:N/S:U/C:H/I:N/A:H,"PYSEC-2021-619,GHSA-m342-ff57-4jcc",
,lockfile,tensorflow-cpu,2.1.0,PyPI,GHSA-m34j-p8rj-wjxq,LOW,"BIT-tensorflow-2021-29546,CVE-2021-29546,PYSEC-2021-183,PYSEC-2021-474,PYSEC-2021-672",CWE-369,CVSS:4.0/AV:L/AC:L/AT:P/PR:L/UI:N/VC:N/VI:N/VA:L/SC:N/SI:N/SA:N,"PYSEC-2021-474,GHSA-m34j-p8rj-wjxq",
,lockfile,tensorflow-cpu,2.1.0,PyPI,GHSA-m3f9-w3p3-p669,LOW,"BIT-tensorflow-2021-29535,CVE-2021-29535,PYSEC-2021-172,PYSEC-2021-463,PYSEC-2021-661","CWE-131,CWE-787",CVSS:4.0/AV:L/AC:L/AT:P/PR:L/UI:N/VC:N/VI:N/VA:L/SC:N/SI:N/SA:N,"PYSEC-2021-463,GHSA-m3f9-w3p3-p669",
,lockfile,tensorflow-cpu,2.1.0,PyPI,GHSA-m4hf-j54p-p353,HIGH,"BIT-tensorflow-2022-21731,CVE-2022-21731,PYSEC-2022-110,PYSEC-2022-55","CWE-754,CWE-843",CVSS:4.0/AV:N/AC:L/AT:N/PR:L/UI:N/VC:N/VI:N/VA:H/SC:N/SI:N/SA:N,"PYSEC-2022-55,GHSA-m4hf-j54p-p353",
,lockfile,tensorflow-cpu,2.1.0,PyPI,GHSA-m539-j985-hcr8,MODERATE,"BIT-tensorflow-2021-41196,CVE-2021-41196,PYSEC-2021-389,PYSEC-2021-606,PYSEC-2021-804",CWE-191,CVSS:4.0/AV:L/AC:L/AT:N/PR:L/UI:N/VC:N/VI:N/VA:H/SC:N/SI:N/SA:N,"PYSEC-2021-606,GHSA-m539-j985-hcr8",
,lockfile,tensorflow-cpu,2.1.0,PyPI,GHSA-m648-33qf-v3gp,MODERATE,"BIT-tensorflow-2020-26270,CVE-2020-26270,PYSEC-2020-256,PYSEC-2020-301,PYSEC-2020-336",CWE-20,CVSS:4.0/AV:L/AC:L/AT:N/PR:L/UI:N/VC:N/VI:L/VA:L/SC:N/SI:N/SA:N,"PYSEC-2020-301,GHSA-m648-33qf-v3gp",
,lockfile,tensorflow-cpu,2.1.0,PyPI,GHSA-m6cv-4fmf-66xf,MODERATE,"BIT-tensorflow-2022-36018,CVE-2022-36018",CWE-617,CVSS:3.1/AV:N/AC:H/PR:N/UI:N/S:U/C:N/I:N/A:H,GHSA-m6cv-4fmf-66xf,
,lockfile,tensorflow-cpu,2.1.0,PyPI,GHSA-m6vp-8q9j-whx4,MODERATE,"BIT-tensorflow-2022-35983,CVE-2022-35983",CWE-617,CVSS:3.1/AV:N/AC:H/PR:N/UI:N/S:U/C:N/I:N/A:H,GHSA-m6vp-8q9j-whx4,
,lockfile,tensorflow-cpu,2.1.0,PyPI,GHSA-m7fm-4jfh-jrg6,HIGH,"BIT-tensorflow-2021-37652,CVE-2021-37652,PYSEC-2021-274,PYSEC-2021-565,PYSEC-2021-763","CWE-415,CWE-416",CVSS:4.0/AV:L/AC:L/AT:N/PR:L/UI:N/VC:H/VI:H/VA:H/SC:N/SI:N/SA:N,GHSA-m7fm-4jfh-jrg6,
,lockfile,tensorflow-cpu,2.1.0,PyPI,GHSA-mg66-qvc5-rm93,MODERATE,"BIT-tensorflow-2022-29198,CVE-2022-29198",CWE-20,CVSS:3.1/AV:L/AC:L/PR:L/UI:N/S:U/C:N/I:N/A:H,GHSA-mg66-qvc5-rm93,
,lockfile,tensorflow-cpu,2.1.0,PyPI,GHSA-mgmh-g2v6-mqw5,MODERATE,"BIT-tensorflow-2022-35941,CVE-2022-35941",CWE-617,CVSS:3.1/AV:N/AC:H/PR:N/UI:N/S:U/C:N/I:N/A:H,GHSA-mgmh-g2v6-mqw5,
,lockfile,tensorflow-cpu,2.1.0,PyPI,GHSA-mh3m-62v7-68xg,MODERATE,"BIT-tensorflow-2022-36002,CVE-2022-36002",CWE-617,CVSS:3.1/AV:N/AC:H/PR:N/UI:N/S:U/C:N/I:N/A:H,GHSA-mh3m-62v7-68xg,
,lockfile,tensorflow-cpu,2.1.0,PyPI,GHSA-mmq6-q8r3-48fm,LOW,"BIT-tensorflow-2021-29617,CVE-2021-29617,PYSEC-2021-254,PYSEC-2021-545,PYSEC-2021-743",CWE-755,CVSS:4.0/AV:L/AC:L/AT:P/PR:L/UI:N/VC:N/VI:N/VA:L/SC:N/SI:N/SA:N,"PYSEC-2021-545,GHSA-mmq6-q8r3-48fm",
,lockfile,tensorflow-cpu,2.1.0,PyPI,GHSA-mq5c-prh3-3f3h,LOW,"BIT-tensorflow-2021-29610,CVE-2021-29610,PYSEC-2021-247,PYSEC-2021-538,PYSEC-2021-736","CWE-665,CWE-787",CVSS:4.0/AV:L/AC:L/AT:P/PR:L/UI:N/VC:N/VI:L/VA:L/SC:N/SI:N/SA:N,"PYSEC-2021-538,GHSA-mq5c-prh3-3f3h",
,lockfile,tensorflow-cpu,2.1.0,PyPI,GHSA-mqh2-9wrp-vx84,LOW,"BIT-tensorflow-2021-29558,CVE-2021-29558,PYSEC-2021-195,PYSEC-2021-486,PYSEC-2021-684",CWE-787,CVSS:4.0/AV:L/AC:L/AT:P/PR:L/UI:N/VC:N/VI:N/VA:L/SC:N/SI:N/SA:N,"PYSEC-2021-486,GHSA-mqh2-9wrp-vx84",
,lockfile,tensorflow-cpu,2.1.0,PyPI,GHSA-mv77-9g28-cwg3,MODERATE,"BIT-tensorflow-2022-41908,CVE-2022-41908",CWE-20,CVSS:3.1/AV:N/AC:H/PR:L/UI:R/S:U/C:N/I:N/A:H,GHSA-mv77-9g28-cwg3,
,lockfile,tensorflow-cpu,2.1.0,PyPI,GHSA-mv78-g7wq-mhp4,LOW,"BIT-tensorflow-2021-29585,CVE-2021-29585,PYSEC-2021-222,PYSEC-2021-513,PYSEC-2021-711",CWE-369,CVSS:4.0/AV:N/AC:L/AT:P/PR:L/UI:N/VC:N/VI:N/VA:L/SC:N/SI:N/SA:N,"PYSEC-2021-513,GHSA-mv78-g7wq-mhp4",
,lockfile,tensorflow-cpu,2.1.0,PyPI,GHSA-mv8m-8x97-937q,MODERATE,"BIT-tensorflow-2022-36004,CVE-2022-36004",CWE-617,CVSS:3.1/AV:N/AC:H/PR:N/UI:N/S:U/C:N/I:N/A:H,GHSA-mv8m-8x97-937q,
,lockfile,tensorflow-cpu,2.1.0,PyPI,GHSA-mw6j-hh29-h379,MODERATE,,CWE-190,,GHSA-mw6j-hh29-h379,
,lockfile,tensorflow-cpu,2.1.0,PyPI,GHSA-mxjj-953w-2c2v,HIGH,"BIT-tensorflow-2020-15208,CVE-2020-15208,PYSEC-2020-131,PYSEC-2020-288,PYSEC-2020-323","CWE-125,CWE-787",CVSS:4.0/AV:N/AC:L/AT:N/PR:N/UI:P/VC:H/VI:H/VA:N/SC:N/SI:N/SA:N,"PYSEC-2020-288,GHSA-mxjj-953w-2c2v",
,lockfile,tensorflow-cpu,2.1.0,PyPI,GHSA-p2xf-8hgm-hpw5,MODERATE,"BIT-tensorflow-2022-35984,CVE-2022-35984",CWE-617,CVSS:3.1/AV:N/AC:H/PR:N/UI:N/S:U/C:N/I:N/A:H,GHSA-p2xf-8hgm-hpw5,
,lockfile,tensorflow-cpu,2.1.0,PyPI,GHSA-p45v-v4pw-77jr,LOW,"BIT-tensorflow-2021-29548,CVE-2021-29548,PYSEC-2021-185,PYSEC-2021-476,PYSEC-2021-674",CWE-369,CVSS:4.0/AV:L/AC:L/AT:P/PR:L/UI:N/VC:N/VI:N/VA:L/SC:N/SI:N/SA:N,"PYSEC-2021-476,GHSA-p45v-v4pw-77jr",
,lockfile,tensorflow-cpu,2.1.0,PyPI,GHSA-p7hr-f446-x6qf,MODERATE,"BIT-tensorflow-2022-35997,CVE-2022-35997",CWE-617,CVSS:3.1/AV:N/AC:H/PR:N/UI:N/S:U/C:N/I:N/A:H,GHSA-p7hr-f446-x6qf,
,lockfile,tensorflow-cpu,2.1.0,PyPI,GHSA-p9rc-rmr5-529j,MODERATE,"BIT-tensorflow-2022-29199,CVE-2022-29199",CWE-20,CVSS:3.1/AV:L/AC:L/PR:L/UI:N/S:U/C:N/I:N/A:H,GHSA-p9rc-rmr5-529j,
,lockfile,tensorflow-cpu,2.1.0,PyPI,GHSA-pf36-r9c6-h97j,MODERATE,"BIT-tensorflow-2022-41911,CVE-2022-41911",CWE-704,CVSS:3.1/AV:N/AC:H/PR:L/UI:R/S:U/C:N/I:N/A:H,GHSA-pf36-r9c6-h97j,
,lockfile,tensorflow-cpu,2.1.0,PyPI,GHSA-pfjj-m3jj-9jc9,HIGH,"BIT-tensorflow-2022-21736,CVE-2022-21736,PYSEC-2022-115,PYSEC-2022-60",CWE-476,CVSS:4.0/AV:N/AC:L/AT:N/PR:L/UI:N/VC:L/VI:L/VA:H/SC:N/SI:N/SA:N,"PYSEC-2022-60,GHSA-pfjj-m3jj-9jc9",
,lockfile,tensorflow-cpu,2.1.0,PyPI,GHSA-pgcq-h79j-2f69,HIGH,"BIT-tensorflow-2021-41206,CVE-2021-41206,PYSEC-2021-843,PYSEC-2021-845,PYSEC-2021-847",CWE-354,CVSS:4.0/AV:L/AC:L/AT:P/PR:L/UI:N/VC:H/VI:H/VA:H/SC:N/SI:N/SA:N,"PYSEC-2021-845,GHSA-pgcq-h79j-2f69",
,lockfile,tensorflow-cpu,2.1.0,PyPI,GHSA-ph87-fvjr-v33w,LOW,"BIT-tensorflow-2021-29563,CVE-2021-29563,PYSEC-2021-200,PYSEC-2021-491,PYSEC-2021-689",CWE-617,CVSS:4.0/AV:L/AC:L/AT:P/PR:L/UI:N/VC:N/VI:N/VA:L/SC:N/SI:N/SA:N,"PYSEC-2021-491,GHSA-ph87-fvjr-v33w",
,lockfile,tensorflow-cpu,2.1.0,PyPI,GHSA-pmpr-55fj-r229,LOW,"BIT-tensorflow-2021-29598,CVE-2021-29598,PYSEC-2021-235,PYSEC-2021-526,PYSEC-2021-724",CWE-369,CVSS:4.0/AV:L/AC:L/AT:P/PR:L/UI:N/VC:N/VI:N/VA:L/SC:N/SI:N/SA:N,"PYSEC-2021-526,GHSA-pmpr-55fj-r229",
,lockfile,tensorflow-cpu,2.1.0,PyPI,GHSA-pqhm-4wvf-2jg8,MODERATE,"BIT-tensorflow-2022-29201,CVE-2022-29201","CWE-20,CWE-476",CVSS:3.1/AV:L/AC:L/PR:L/UI:N/S:U/C:N/I:N/A:H,GHSA-pqhm-4wvf-2jg8,
,lockfile,tensorflow-cpu,2.1.0,PyPI,GHSA-pqrv-8r2f-7278,MODERATE,"BIT-tensorflow-2022-23590,CVE-2022-23590,PYSEC-2022-154,PYSEC-2022-99",CWE-754,CVSS:3.1/AV:N/AC:H/PR:N/UI:N/S:U/C:N/I:N/A:H,"PYSEC-2022-99,GHSA-pqrv-8r2f-7278",
,lockfile,tensorflow-cpu,2.1.0,PyPI,GHSA-prcg-wp5q-rv7p,MODERATE,"BIT-tensorflow-2021-41197,CVE-2021-41197,PYSEC-2021-390,PYSEC-2021-607,PYSEC-2021-805",CWE-190,CVSS:4.0/AV:L/AC:L/AT:N/PR:L/UI:N/VC:N/VI:N/VA:H/SC:N/SI:N/SA:N,"PYSEC-2021-607,GHSA-prcg-wp5q-rv7p",
,lockfile,tensorflow-cpu,2.1.0,PyPI,GHSA-pvrc-hg3f-58r6,LOW,"BIT-tensorflow-2021-29566,CVE-2021-29566,PYSEC-2021-203,PYSEC-2021-494,PYSEC-2021-692",CWE-787,CVSS:4.0/AV:L/AC:L/AT:P/PR:L/UI:N/VC:N/VI:N/VA:L/SC:N/SI:N/SA:N,"PYSEC-2021-494,GHSA-pvrc-hg3f-58r6",
,lockfile,tensorflow-cpu,2.1.0,PyPI,GHSA-pxrw-j2fv-hx3h,HIGH,"BIT-tensorflow-2022-35937,CVE-2022-35937",CWE-125,CVSS:3.1/AV:N/AC:H/PR:N/UI:N/S:U/C:L/I:L/A:H,GHSA-pxrw-j2fv-hx3h,
,lockfile,tensorflow-cpu,2.1.0,PyPI,GHSA-q263-fvxm-m5mw,MODERATE,"BIT-tensorflow-2020-26271,CVE-2020-26271,PYSEC-2020-257,PYSEC-2020-302,PYSEC-2020-337","CWE-125,CWE-908",CVSS:4.0/AV:L/AC:L/AT:N/PR:L/UI:N/VC:N/VI:L/VA:L/SC:N/SI:N/SA:N,"PYSEC-2020-302,GHSA-q263-fvxm-m5mw",
,lockfile,tensorflow-cpu,2.1.0,PyPI,GHSA-q2c3-jpmc-gfjx,MODERATE,"BIT-tensorflow-2022-35969,CVE-2022-35969",,CVSS:3.1/AV:N/AC:H/PR:N/UI:N/S:U/C:N/I:N/A:H,GHSA-q2c3-jpmc-gfjx,
,lockfile,tensorflow-cpu,2.1.0,PyPI,GHSA-q3g3-h9r4-prrc,HIGH,"BIT-tensorflow-2021-37659,CVE-2021-37659,PYSEC-2021-281,PYSEC-2021-572,PYSEC-2021-770",CWE-125,CVSS:4.0/AV:L/AC:L/AT:N/PR:L/UI:N/VC:H/VI:L/VA:H/SC:N/SI:N/SA:N,GHSA-q3g3-h9r4-prrc,
,lockfile,tensorflow-cpu,2.1.0,PyPI,GHSA-q4qf-3fc6-8x34,MODERATE,"BIT-tensorflow-2020-15207,CVE-2020-15207,PYSEC-2020-130,PYSEC-2020-287,PYSEC-2020-322","CWE-119,CWE-787",CVSS:4.0/AV:N/AC:L/AT:N/PR:N/UI:P/VC:N/VI:N/VA:N/SC:N/SI:H/SA:H,"PYSEC-2020-287,GHSA-q4qf-3fc6-8x34",
,lockfile,tensorflow-cpu,2.1.0,PyPI,GHSA-q5jv-m6qw-5g37,MODERATE,"BIT-tensorflow-2022-35996,CVE-2022-35996",CWE-369,CVSS:3.1/AV:N/AC:H/PR:N/UI:N/S:U/C:N/I:N/A:H,GHSA-q5jv-m6qw-5g37,
,lockfile,tensorflow-cpu,2.1.0,PyPI,GHSA-q7f7-544h-67h9,MODERATE,"BIT-tensorflow-2021-37684,CVE-2021-37684,PYSEC-2021-306,PYSEC-2021-597,PYSEC-2021-795",CWE-369,CVSS:4.0/AV:L/AC:L/AT:N/PR:L/UI:N/VC:N/VI:N/VA:H/SC:N/SI:N/SA:N,GHSA-q7f7-544h-67h9,
,lockfile,tensorflow-cpu,2.1.0,PyPI,GHSA-q85f-69q7-55h2,HIGH,"BIT-tensorflow-2022-23573,CVE-2022-23573,PYSEC-2022-137,PYSEC-2022-82",CWE-908,CVSS:4.0/AV:N/AC:L/AT:N/PR:L/UI:N/VC:L/VI:L/VA:H/SC:N/SI:N/SA:N,"PYSEC-2022-82,GHSA-q85f-69q7-55h2",
,lockfile,tensorflow-cpu,2.1.0,PyPI,GHSA-q8gv-q7wr-9jf8,MODERATE,"BIT-tensorflow-2020-15204,CVE-2020-15204,PYSEC-2020-127,PYSEC-2020-284,PYSEC-2020-319",CWE-476,CVSS:4.0/AV:N/AC:L/AT:N/PR:N/UI:N/VC:N/VI:N/VA:L/SC:N/SI:N/SA:N,"PYSEC-2020-284,GHSA-q8gv-q7wr-9jf8",
,lockfile,tensorflow-cpu,2.1.0,PyPI,GHSA-qfpc-5pjr-mh26,MODERATE,"BIT-tensorflow-2021-37677,CVE-2021-37677,PYSEC-2021-299,PYSEC-2021-590,PYSEC-2021-788","CWE-1284,CWE-20",CVSS:4.0/AV:L/AC:L/AT:N/PR:L/UI:N/VC:N/VI:N/VA:H/SC:N/SI:N/SA:N,GHSA-qfpc-5pjr-mh26,
,lockfile,tensorflow-cpu,2.1.0,PyPI,GHSA-qh32-6jjc-qprm,HIGH,"BIT-tensorflow-2020-15209,CVE-2020-15209,PYSEC-2020-132,PYSEC-2020-289,PYSEC-2020-324",CWE-476,CVSS:4.0/AV:N/AC:L/AT:P/PR:N/UI:N/VC:N/VI:N/VA:H/SC:N/SI:N/SA:N,"PYSEC-2020-289,GHSA-qh32-6jjc-qprm",
,lockfile,tensorflow-cpu,2.1.0,PyPI,GHSA-qhxx-j73r-qpm2,MODERATE,"BIT-tensorflow-2020-26266,CVE-2020-26266,PYSEC-2020-254,PYSEC-2020-297,PYSEC-2020-332",CWE-908,CVSS:4.0/AV:L/AC:L/AT:N/PR:L/UI:N/VC:N/VI:L/VA:L/SC:N/SI:N/SA:N,"PYSEC-2020-297,GHSA-qhxx-j73r-qpm2",
,lockfile,tensorflow-cpu,2.1.0,PyPI,GHSA-qj5r-f9mv-rffh,HIGH,"BIT-tensorflow-2022-23569,CVE-2022-23569,PYSEC-2022-133,PYSEC-2022-78",CWE-617,CVSS:4.0/AV:N/AC:L/AT:N/PR:L/UI:N/VC:N/VI:N/VA:H/SC:N/SI:N/SA:N,"PYSEC-2022-78,GHSA-qj5r-f9mv-rffh",
,lockfile,tensorflow-cpu,2.1.0,PyPI,GHSA-qjj8-32p7-h289,MODERATE,"BIT-tensorflow-2021-37653,CVE-2021-37653,PYSEC-2021-275,PYSEC-2021-566,PYSEC-2021-764",CWE-369,CVSS:4.0/AV:L/AC:L/AT:N/PR:L/UI:N/VC:N/VI:N/VA:H/SC:N/SI:N/SA:N,GHSA-qjj8-32p7-h289,
,lockfile,tensorflow-cpu,2.1.0,PyPI,GHSA-qjqc-vqcf-5qvj,HIGH,"BIT-tensorflow-2023-25660,CVE-2023-25660",CWE-476,CVSS:3.1/AV:N/AC:L/PR:N/UI:N/S:U/C:N/I:N/A:H,GHSA-qjqc-vqcf-5qvj,
,lockfile,tensorflow-cpu,2.1.0,PyPI,GHSA-qr82-2c78-4m8h,HIGH,"BIT-tensorflow-2021-37671,CVE-2021-37671,PYSEC-2021-293,PYSEC-2021-584,PYSEC-2021-782",CWE-824,CVSS:4.0/AV:L/AC:L/AT:N/PR:L/UI:N/VC:H/VI:H/VA:H/SC:N/SI:N/SA:N,GHSA-qr82-2c78-4m8h,
,lockfile,tensorflow-cpu,2.1.0,PyPI,GHSA-qw5h-7f53-xrp6,LOW,"BIT-tensorflow-2021-29615,CVE-2021-29615,PYSEC-2021-252,PYSEC-2021-543,PYSEC-2021-741",CWE-674,CVSS:4.0/AV:L/AC:L/AT:P/PR:L/UI:N/VC:N/VI:N/VA:L/SC:N/SI:N/SA:N,"PYSEC-2021-543,GHSA-qw5h-7f53-xrp6",
,lockfile,tensorflow-cpu,2.1.0,PyPI,GHSA-qx3f-p745-w4hr,HIGH,"BIT-tensorflow-2022-23562,CVE-2022-23562,PYSEC-2022-126,PYSEC-2022-71",CWE-190,CVSS:4.0/AV:N/AC:L/AT:N/PR:L/UI:N/VC:L/VI:L/VA:H/SC:N/SI:N/SA:N,"PYSEC-2022-71,GHSA-qx3f-p745-w4hr",
,lockfile,tensorflow-cpu,2.1.0,PyPI,GHSA-qxpx-j395-pw36,MODERATE,"BIT-tensorflow-2022-35965,CVE-2022-35965",CWE-476,CVSS:3.1/AV:N/AC:H/PR:N/UI:N/S:U/C:N/I:N/A:H,GHSA-qxpx-j395-pw36,
,lockfile,tensorflow-cpu,2.1.0,PyPI,GHSA-r26c-679w-mrjm,MODERATE,"BIT-tensorflow-2022-36005,CVE-2022-36005",CWE-617,CVSS:3.1/AV:N/AC:H/PR:N/UI:N/S:U/C:N/I:N/A:H,GHSA-r26c-679w-mrjm,
,lockfile,tensorflow-cpu,2.1.0,PyPI,GHSA-r35g-4525-29fq,LOW,"BIT-tensorflow-2021-29555,CVE-2021-29555,PYSEC-2021-192,PYSEC-2021-483,PYSEC-2021-681",CWE-369,CVSS:4.0/AV:L/AC:L/AT:P/PR:L/UI:N/VC:N/VI:N/VA:L/SC:N/SI:N/SA:N,"PYSEC-2021-483,GHSA-r35g-4525-29fq",
,lockfile,tensorflow-cpu,2.1.0,PyPI,GHSA-r4c4-5fpq-56wg,HIGH,"BIT-tensorflow-2021-37664,CVE-2021-37664,PYSEC-2021-286,PYSEC-2021-577,PYSEC-2021-775",CWE-125,CVSS:4.0/AV:L/AC:L/AT:N/PR:L/UI:N/VC:H/VI:L/VA:H/SC:N/SI:N/SA:N,GHSA-r4c4-5fpq-56wg,
,lockfile,tensorflow-cpu,2.1.0,PyPI,GHSA-r4pj-74mg-8868,LOW,"BIT-tensorflow-2021-29524,CVE-2021-29524,PYSEC-2021-161,PYSEC-2021-452,PYSEC-2021-650",CWE-369,CVSS:4.0/AV:L/AC:L/AT:P/PR:L/UI:N/VC:N/VI:N/VA:L/SC:N/SI:N/SA:N,"PYSEC-2021-452,GHSA-r4pj-74mg-8868",
,lockfile,tensorflow-cpu,2.1.0,PyPI,GHSA-r6jx-9g48-2r5r,HIGH,"BIT-tensorflow-2021-37678,CVE-2021-37678,PYSEC-2021-300,PYSEC-2021-591,PYSEC-2021-789",CWE-502,CVSS:4.0/AV:L/AC:L/AT:N/PR:L/UI:N/VC:H/VI:H/VA:H/SC:N/SI:N/SA:N,GHSA-r6jx-9g48-2r5r,
,lockfile,tensorflow-cpu,2.1.0,PyPI,GHSA-r6pg-pjwc-j585,LOW,"BIT-tensorflow-2021-29565,CVE-2021-29565,PYSEC-2021-202,PYSEC-2021-493,PYSEC-2021-691",CWE-476,CVSS:4.0/AV:L/AC:L/AT:P/PR:L/UI:N/VC:N/VI:N/VA:L/SC:N/SI:N/SA:N,"PYSEC-2021-493,GHSA-r6pg-pjwc-j585",
,lockfile,tensorflow-cpu,2.1.0,PyPI,GHSA-rc9w-5c64-9vqq,MODERATE,"BIT-tensorflow-2022-29206,CVE-2022-29206","CWE-20,CWE-476",CVSS:3.1/AV:L/AC:L/PR:L/UI:N/S:U/C:N/I:N/A:H,GHSA-rc9w-5c64-9vqq,
,lockfile,tensorflow-cpu,2.1.0,PyPI,GHSA-rcf8-g8jv-vg6p,HIGH,"BIT-tensorflow-2023-25669,CVE-2023-25669",CWE-697,CVSS:3.1/AV:N/AC:L/PR:N/UI:N/S:U/C:N/I:N/A:H,GHSA-rcf8-g8jv-vg6p,
,lockfile,tensorflow-cpu,2.1.0,PyPI,GHSA-rf3h-xgv5-2q39,LOW,"BIT-tensorflow-2021-29602,CVE-2021-29602,PYSEC-2021-239,PYSEC-2021-530,PYSEC-2021-728",CWE-369,CVSS:4.0/AV:L/AC:L/AT:P/PR:L/UI:N/VC:N/VI:N/VA:L/SC:N/SI:N/SA:N,"PYSEC-2021-530,GHSA-rf3h-xgv5-2q39",
,lockfile,tensorflow-cpu,2.1.0,PyPI,GHSA-rg3m-hqc5-344v,MODERATE,"BIT-tensorflow-2021-41224,CVE-2021-41224,PYSEC-2021-416,PYSEC-2021-633,PYSEC-2021-831",CWE-125,CVSS:4.0/AV:L/AC:L/AT:N/PR:L/UI:N/VC:H/VI:N/VA:H/SC:N/SI:N/SA:N,"PYSEC-2021-633,GHSA-rg3m-hqc5-344v",
,lockfile,tensorflow-cpu,2.1.0,PyPI,GHSA-rgvq-pcvf-hx75,MODERATE,"BIT-tensorflow-2021-29608,CVE-2021-29608,PYSEC-2021-245,PYSEC-2021-536,PYSEC-2021-734",CWE-131,CVSS:4.0/AV:L/AC:L/AT:P/PR:L/UI:N/VC:N/VI:L/VA:H/SC:N/SI:N/SA:N,"PYSEC-2021-536,GHSA-rgvq-pcvf-hx75",
,lockfile,tensorflow-cpu,2.1.0,PyPI,GHSA-rh87-q4vg-m45j,LOW,"BIT-tensorflow-2022-36015,CVE-2022-36015",CWE-190,,GHSA-rh87-q4vg-m45j,
,lockfile,tensorflow-cpu,2.1.0,PyPI,GHSA-rhrq-64mq-hf9h,MODERATE,"BIT-tensorflow-2021-37683,CVE-2021-37683,PYSEC-2021-305,PYSEC-2021-596,PYSEC-2021-794",CWE-369,CVSS:4.0/AV:L/AC:L/AT:N/PR:L/UI:N/VC:N/VI:N/VA:H/SC:N/SI:N/SA:N,GHSA-rhrq-64mq-hf9h,
,lockfile,tensorflow-cpu,2.1.0,PyPI,GHSA-rjx6-v474-2ch9,MODERATE,"BIT-tensorflow-2022-41909,CVE-2022-41909","CWE-20,CWE-476",CVSS:3.1/AV:N/AC:H/PR:L/UI:R/S:U/C:N/I:N/A:H,GHSA-rjx6-v474-2ch9,
,lockfile,tensorflow-cpu,2.1.0,PyPI,GHSA-rmg2-f698-wq35,MODERATE,"BIT-tensorflow-2022-41896,CVE-2022-41896","CWE-1284,CWE-20",CVSS:3.1/AV:N/AC:H/PR:L/UI:R/S:U/C:N/I:N/A:H,GHSA-rmg2-f698-wq35,
,lockfile,tensorflow-cpu,2.1.0,PyPI,GHSA-rrfp-j2mp-hq9c,HIGH,"BIT-tensorflow-2020-15265,CVE-2020-15265,PYSEC-2020-138,PYSEC-2020-295,PYSEC-2020-330",CWE-125,CVSS:4.0/AV:N/AC:L/AT:N/PR:N/UI:P/VC:N/VI:N/VA:H/SC:N/SI:N/SA:N,"PYSEC-2020-295,GHSA-rrfp-j2mp-hq9c",
,lockfile,tensorflow-cpu,2.1.0,PyPI,GHSA-rrx2-r989-2c43,HIGH,"BIT-tensorflow-2022-23567,CVE-2022-23567,PYSEC-2022-131,PYSEC-2022-76",CWE-190,CVSS:4.0/AV:N/AC:L/AT:N/PR:L/UI:N/VC:N/VI:N/VA:H/SC:N/SI:N/SA:N,"PYSEC-2022-76,GHSA-rrx2-r989-2c43",
,lockfile,tensorflow-cpu,2.1.0,PyPI,GHSA-rww7-2gpw-fv6j,HIGH,"BIT-tensorflow-2022-23572,CVE-2022-23572,PYSEC-2022-136,PYSEC-2022-81","CWE-617,CWE-754",CVSS:4.0/AV:N/AC:L/AT:N/PR:L/UI:N/VC:N/VI:N/VA:H/SC:N/SI:N/SA:N,"PYSEC-2022-81,GHSA-rww7-2gpw-fv6j",
,lockfile,tensorflow-cpu,2.1.0,PyPI,GHSA-v3f7-j968-4h5f,MODERATE,"BIT-tensorflow-2022-21725,CVE-2022-21725,PYSEC-2022-104,PYSEC-2022-49",CWE-369,CVSS:4.0/AV:L/AC:L/AT:N/PR:L/UI:N/VC:N/VI:N/VA:H/SC:N/SI:N/SA:N,"PYSEC-2022-49,GHSA-v3f7-j968-4h5f",
,lockfile,tensorflow-cpu,2.1.0,PyPI,GHSA-v52p-hfjf-wg88,LOW,"BIT-tensorflow-2021-29597,CVE-2021-29597,PYSEC-2021-234,PYSEC-2021-525,PYSEC-2021-723",CWE-369,CVSS:4.0/AV:L/AC:L/AT:P/PR:L/UI:N/VC:N/VI:N/VA:L/SC:N/SI:N/SA:N,"PYSEC-2021-525,GHSA-v52p-hfjf-wg88",
,lockfile,tensorflow-cpu,2.1.0,PyPI,GHSA-v5xg-3q2c-c2r4,MODERATE,"BIT-tensorflow-2022-35960,CVE-2022-35960",CWE-617,CVSS:3.1/AV:N/AC:H/PR:N/UI:N/S:U/C:N/I:N/A:H,GHSA-v5xg-3q2c-c2r4,
,lockfile,tensorflow-cpu,2.1.0,PyPI,GHSA-v6h3-348g-6h5x,MODERATE,"BIT-tensorflow-2022-35967,CVE-2022-35967",CWE-20,CVSS:3.1/AV:N/AC:H/PR:N/UI:N/S:U/C:N/I:N/A:H,GHSA-v6h3-348g-6h5x,
,lockfile,tensorflow-cpu,2.1.0,PyPI,GHSA-v6r6-84gr-92rm,LOW,"BIT-tensorflow-2021-29577,CVE-2021-29577,PYSEC-2021-214,PYSEC-2021-505,PYSEC-2021-703","CWE-119,CWE-787",CVSS:4.0/AV:L/AC:L/AT:P/PR:L/UI:N/VC:N/VI:N/VA:L/SC:N/SI:N/SA:N,"PYSEC-2021-505,GHSA-v6r6-84gr-92rm",
,lockfile,tensorflow-cpu,2.1.0,PyPI,GHSA-v768-w7m9-2vmm,HIGH,"BIT-tensorflow-2021-37676,CVE-2021-37676,PYSEC-2021-298,PYSEC-2021-589,PYSEC-2021-787",CWE-824,CVSS:4.0/AV:L/AC:L/AT:N/PR:L/UI:N/VC:H/VI:H/VA:H/SC:N/SI:N/SA:N,GHSA-v768-w7m9-2vmm,
,lockfile,tensorflow-cpu,2.1.0,PyPI,GHSA-v7vw-577f-vp8x,MODERATE,"BIT-tensorflow-2022-35979,CVE-2022-35979",CWE-20,CVSS:3.1/AV:N/AC:H/PR:N/UI:N/S:U/C:N/I:N/A:H,GHSA-v7vw-577f-vp8x,
,lockfile,tensorflow-cpu,2.1.0,PyPI,GHSA-v82p-hv3v-p6qp,HIGH,"BIT-tensorflow-2021-37665,CVE-2021-37665,PYSEC-2021-287,PYSEC-2021-578,PYSEC-2021-776",CWE-20,CVSS:4.0/AV:L/AC:L/AT:N/PR:L/UI:N/VC:H/VI:H/VA:H/SC:N/SI:N/SA:N,GHSA-v82p-hv3v-p6qp,
,lockfile,tensorflow-cpu,2.1.0,PyPI,GHSA-vcjj-9vg7-vf68,HIGH,"BIT-tensorflow-2021-37688,CVE-2021-37688,PYSEC-2021-310,PYSEC-2021-601,PYSEC-2021-799",CWE-476,CVSS:4.0/AV:L/AC:L/AT:N/PR:L/UI:N/VC:H/VI:H/VA:H/SC:N/SI:N/SA:N,GHSA-vcjj-9vg7-vf68,
,lockfile,tensorflow-cpu,2.1.0,PyPI,GHSA-vf94-36g5-69v8,LOW,"BIT-tensorflow-2021-29595,CVE-2021-29595,PYSEC-2021-232,PYSEC-2021-523,PYSEC-2021-721",CWE-369,CVSS:4.0/AV:L/AC:L/AT:P/PR:L/UI:N/VC:N/VI:N/VA:L/SC:N/SI:N/SA:N,"PYSEC-2021-523,GHSA-vf94-36g5-69v8",
,lockfile,tensorflow-cpu,2.1.0,PyPI,GHSA-vfr4-x8j2-3rf9,LOW,"BIT-tensorflow-2021-29588,CVE-2021-29588,PYSEC-2021-225,PYSEC-2021-516,PYSEC-2021-714",CWE-369,CVSS:4.0/AV:L/AC:L/AT:P/PR:L/UI:N/VC:N/VI:N/VA:L/SC:N/SI:N/SA:N,"PYSEC-2021-516,GHSA-vfr4-x8j2-3rf9",
,lockfile,tensorflow-cpu,2.1.0,PyPI,GHSA-vgvh-2pf4-jr2x,MODERATE,"BIT-tensorflow-2022-35974,CVE-2022-35974",CWE-20,CVSS:3.1/AV:N/AC:H/PR:N/UI:N/S:U/C:N/I:N/A:H,GHSA-vgvh-2pf4-jr2x,
,lockfile,tensorflow-cpu,2.1.0,PyPI,GHSA-vjg4-v33c-ggc4,HIGH,"BIT-tensorflow-2022-21730,CVE-2022-21730,PYSEC-2022-109,PYSEC-2022-54",CWE-125,CVSS:4.0/AV:N/AC:L/AT:N/PR:L/UI:N/VC:H/VI:N/VA:H/SC:N/SI:N/SA:N,"PYSEC-2022-54,GHSA-vjg4-v33c-ggc4",
,lockfile,tensorflow-cpu,2.1.0,PyPI,GHSA-vm7x-4qhj-rrcq,MODERATE,"BIT-tensorflow-2022-35991,CVE-2022-35991",CWE-617,CVSS:3.1/AV:N/AC:H/PR:N/UI:N/S:U/C:N/I:N/A:H,GHSA-vm7x-4qhj-rrcq,
,lockfile,tensorflow-cpu,2.1.0,PyPI,GHSA-vmjw-c2vp-p33c,MODERATE,"BIT-tensorflow-2021-37669,CVE-2021-37669,PYSEC-2021-291,PYSEC-2021-582,PYSEC-2021-780",CWE-681,CVSS:4.0/AV:L/AC:L/AT:N/PR:L/UI:N/VC:N/VI:N/VA:H/SC:N/SI:N/SA:N,GHSA-vmjw-c2vp-p33c,
,lockfile,tensorflow-cpu,2.1.0,PyPI,GHSA-vq2r-5xvm-3hc3,LOW,"BIT-tensorflow-2021-29581,CVE-2021-29581,PYSEC-2021-218,PYSEC-2021-509,PYSEC-2021-707",CWE-908,CVSS:4.0/AV:L/AC:L/AT:P/PR:L/UI:N/VC:N/VI:N/VA:L/SC:N/SI:N/SA:N,"PYSEC-2021-509,GHSA-vq2r-5xvm-3hc3",
,lockfile,tensorflow-cpu,2.1.0,PyPI,GHSA-vqw6-72r7-fgw7,LOW,"BIT-tensorflow-2021-29551,CVE-2021-29551,PYSEC-2021-188,PYSEC-2021-479,PYSEC-2021-677",CWE-125,CVSS:4.0/AV:L/AC:L/AT:P/PR:L/UI:N/VC:N/VI:N/VA:L/SC:N/SI:N/SA:N,"PYSEC-2021-479,GHSA-vqw6-72r7-fgw7",
,lockfile,tensorflow-cpu,2.1.0,PyPI,GHSA-vvg4-vgrv-xfr7,MODERATE,"BIT-tensorflow-2021-29613,CVE-2021-29613,PYSEC-2021-250,PYSEC-2021-541,PYSEC-2021-739","CWE-125,CWE-665",CVSS:4.0/AV:L/AC:L/AT:P/PR:L/UI:N/VC:N/VI:H/VA:H/SC:N/SI:N/SA:N,"PYSEC-2021-541,GHSA-vvg4-vgrv-xfr7",
,lockfile,tensorflow-cpu,2.1.0,PyPI,GHSA-vwhq-49r4-gj9v,HIGH,"BIT-tensorflow-2021-41214,CVE-2021-41214,PYSEC-2021-406,PYSEC-2021-623,PYSEC-2021-821",CWE-824,CVSS:3.1/AV:L/AC:L/PR:L/UI:N/S:U/C:H/I:H/A:H,"PYSEC-2021-623,GHSA-vwhq-49r4-gj9v",
,lockfile,tensorflow-cpu,2.1.0,PyPI,GHSA-vxv8-r8q2-63xw,MODERATE,"BIT-tensorflow-2022-35981,CVE-2022-35981",CWE-617,CVSS:3.1/AV:N/AC:H/PR:N/UI:N/S:U/C:N/I:N/A:H,GHSA-vxv8-r8q2-63xw,
,lockfile,tensorflow-cpu,2.1.0,PyPI,GHSA-w4xf-2pqw-5mq7,HIGH,"BIT-tensorflow-2021-37666,CVE-2021-37666,PYSEC-2021-288,PYSEC-2021-579,PYSEC-2021-777",CWE-824,CVSS:4.0/AV:L/AC:L/AT:N/PR:L/UI:N/VC:H/VI:H/VA:H/SC:N/SI:N/SA:N,GHSA-w4xf-2pqw-5mq7,
,lockfile,tensorflow-cpu,2.1.0,PyPI,GHSA-w5gh-2wr2-pm6g,HIGH,"BIT-tensorflow-2020-15206,CVE-2020-15206,PYSEC-2020-129,PYSEC-2020-286,PYSEC-2020-321",CWE-20,CVSS:4.0/AV:N/AC:L/AT:P/PR:N/UI:N/VC:N/VI:N/VA:N/SC:H/SI:H/SA:H,"PYSEC-2020-286,GHSA-w5gh-2wr2-pm6g",
,lockfile,tensorflow-cpu,2.1.0,PyPI,GHSA-w62h-8xjm-fv49,MODERATE,"BIT-tensorflow-2022-35987,CVE-2022-35987",CWE-617,CVSS:3.1/AV:N/AC:H/PR:N/UI:N/S:U/C:N/I:N/A:H,GHSA-w62h-8xjm-fv49,
,lockfile,tensorflow-cpu,2.1.0,PyPI,GHSA-w74j-v8xh-3w5h,HIGH,"BIT-tensorflow-2021-37667,CVE-2021-37667,PYSEC-2021-289,PYSEC-2021-580,PYSEC-2021-778",CWE-824,CVSS:4.0/AV:L/AC:L/AT:N/PR:L/UI:N/VC:H/VI:H/VA:H/SC:N/SI:N/SA:N,GHSA-w74j-v8xh-3w5h,
,lockfile,tensorflow-cpu,2.1.0,PyPI,GHSA-wc4g-r73w-x8mm,HIGH,"BIT-tensorflow-2022-23563,CVE-2022-23563,PYSEC-2022-127,PYSEC-2022-72","CWE-367,CWE-668",CVSS:4.0/AV:L/AC:L/AT:N/PR:L/UI:N/VC:H/VI:H/VA:N/SC:N/SI:N/SA:N,"PYSEC-2022-72,GHSA-wc4g-r73w-x8mm",
,lockfile,tensorflow-cpu,2.1.0,PyPI,GHSA-wcv5-qrj6-9pfm,LOW,"BIT-tensorflow-2021-29520,CVE-2021-29520,PYSEC-2021-157,PYSEC-2021-448,PYSEC-2021-646","CWE-120,CWE-787",CVSS:4.0/AV:L/AC:L/AT:P/PR:L/UI:N/VC:N/VI:N/VA:L/SC:N/SI:N/SA:N,"PYSEC-2021-448,GHSA-wcv5-qrj6-9pfm",
,lockfile,tensorflow-cpu,2.1.0,PyPI,GHSA-wcv5-vrvr-3rx2,MODERATE,,CWE-190,CVSS:3.1/AV:L/AC:L/PR:L/UI:N/S:U/C:N/I:N/A:H,GHSA-wcv5-vrvr-3rx2,
,lockfile,tensorflow-cpu,2.1.0,PyPI,GHSA-wf5p-c75w-w3wh,HIGH,"BIT-tensorflow-2021-37689,CVE-2021-37689,PYSEC-2021-311,PYSEC-2021-602,PYSEC-2021-800",CWE-476,CVSS:4.0/AV:L/AC:L/AT:N/PR:L/UI:N/VC:H/VI:H/VA:H/SC:N/SI:N/SA:N,GHSA-wf5p-c75w-w3wh,
,lockfile,tensorflow-cpu,2.1.0,PyPI,GHSA-whr9-vfh2-7hm6,LOW,"BIT-tensorflow-2021-29571,CVE-2021-29571,PYSEC-2021-208,PYSEC-2021-499,PYSEC-2021-697",CWE-787,CVSS:4.0/AV:L/AC:L/AT:P/PR:L/UI:N/VC:L/VI:L/VA:L/SC:N/SI:N/SA:N,"PYSEC-2021-499,GHSA-whr9-vfh2-7hm6",
,lockfile,tensorflow-cpu,2.1.0,PyPI,GHSA-wm93-f238-7v37,HIGH,"BIT-tensorflow-2022-23576,CVE-2022-23576,PYSEC-2022-140,PYSEC-2022-85",CWE-190,CVSS:4.0/AV:N/AC:L/AT:N/PR:L/UI:N/VC:N/VI:N/VA:H/SC:N/SI:N/SA:N,"PYSEC-2022-85,GHSA-wm93-f238-7v37",
,lockfile,tensorflow-cpu,2.1.0,PyPI,GHSA-wp3c-xw9g-gpcg,LOW,"BIT-tensorflow-2021-29567,CVE-2021-29567,PYSEC-2021-204,PYSEC-2021-495,PYSEC-2021-693",CWE-617,CVSS:4.0/AV:L/AC:L/AT:P/PR:L/UI:N/VC:N/VI:N/VA:L/SC:N/SI:N/SA:N,"PYSEC-2021-495,GHSA-wp3c-xw9g-gpcg",
,lockfile,tensorflow-cpu,2.1.0,PyPI,GHSA-wp77-4gmm-7cq8,HIGH,"BIT-tensorflow-2021-37648,CVE-2021-37648,PYSEC-2021-270,PYSEC-2021-561,PYSEC-2021-759",CWE-476,CVSS:4.0/AV:L/AC:L/AT:N/PR:L/UI:N/VC:H/VI:H/VA:H/SC:N/SI:N/SA:N,GHSA-wp77-4gmm-7cq8,
,lockfile,tensorflow-cpu,2.1.0,PyPI,GHSA-wq6q-6m32-9rv9,MODERATE,"BIT-tensorflow-2022-35993,CVE-2022-35993",CWE-617,CVSS:3.1/AV:N/AC:H/PR:N/UI:N/S:U/C:N/I:N/A:H,GHSA-wq6q-6m32-9rv9,
,lockfile,tensorflow-cpu,2.1.0,PyPI,GHSA-wqmc-pm8c-2jhc,MODERATE,"BIT-tensorflow-2022-36017,CVE-2022-36017",CWE-20,CVSS:3.1/AV:N/AC:H/PR:N/UI:N/S:U/C:N/I:N/A:H,GHSA-wqmc-pm8c-2jhc,
,lockfile,tensorflow-cpu,2.1.0,PyPI,GHSA-wvjw-p9f5-vq28,LOW,"BIT-tensorflow-2021-29619,CVE-2021-29619,PYSEC-2021-256,PYSEC-2021-547,PYSEC-2021-745",CWE-755,CVSS:4.0/AV:L/AC:L/AT:P/PR:L/UI:N/VC:N/VI:N/VA:L/SC:N/SI:N/SA:N,"PYSEC-2021-547,GHSA-wvjw-p9f5-vq28",
,lockfile,tensorflow-cpu,2.1.0,PyPI,GHSA-wxjj-cgcx-r3vq,MODERATE,"BIT-tensorflow-2022-35959,CVE-2022-35959",CWE-617,CVSS:3.1/AV:N/AC:H/PR:N/UI:N/S:U/C:N/I:N/A:H,GHSA-wxjj-cgcx-r3vq,
,lockfile,tensorflow-cpu,2.1.0,PyPI,GHSA-x3v8-c8qx-3j3r,MODERATE,"BIT-tensorflow-2021-41215,CVE-2021-41215,PYSEC-2021-407,PYSEC-2021-624,PYSEC-2021-822",CWE-476,CVSS:3.1/AV:L/AC:L/PR:L/UI:N/S:U/C:N/I:N/A:H,"PYSEC-2021-624,GHSA-x3v8-c8qx-3j3r",
,lockfile,tensorflow-cpu,2.1.0,PyPI,GHSA-x4g7-fvjj-prg8,LOW,"BIT-tensorflow-2021-29527,CVE-2021-29527,PYSEC-2021-164,PYSEC-2021-455,PYSEC-2021-653",CWE-369,CVSS:4.0/AV:L/AC:L/AT:P/PR:L/UI:N/VC:N/VI:N/VA:L/SC:N/SI:N/SA:N,"PYSEC-2021-455,GHSA-x4g7-fvjj-prg8",
,lockfile,tensorflow-cpu,2.1.0,PyPI,GHSA-x4qx-4fjv-hmw6,HIGH,"BIT-tensorflow-2022-21738,CVE-2022-21738,PYSEC-2022-117,PYSEC-2022-62",CWE-190,CVSS:4.0/AV:N/AC:L/AT:N/PR:L/UI:N/VC:N/VI:N/VA:H/SC:N/SI:N/SA:N,"PYSEC-2022-62,GHSA-x4qx-4fjv-hmw6",
,lockfile,tensorflow-cpu,2.1.0,PyPI,GHSA-x83m-p7pv-ch8v,LOW,"BIT-tensorflow-2021-29549,CVE-2021-29549,PYSEC-2021-186,PYSEC-2021-477,PYSEC-2021-675",CWE-369,CVSS:4.0/AV:L/AC:L/AT:P/PR:L/UI:N/VC:N/VI:N/VA:L/SC:N/SI:N/SA:N,"PYSEC-2021-477,GHSA-x83m-p7pv-ch8v",
,lockfile,tensorflow-cpu,2.1.0,PyPI,GHSA-x8h6-xgqx-jqgp,LOW,"BIT-tensorflow-2021-29580,CVE-2021-29580,PYSEC-2021-217,PYSEC-2021-508,PYSEC-2021-706",CWE-908,CVSS:4.0/AV:L/AC:L/AT:P/PR:L/UI:N/VC:N/VI:N/VA:L/SC:N/SI:N/SA:N,"PYSEC-2021-508,GHSA-x8h6-xgqx-jqgp",
,lockfile,tensorflow-cpu,2.1.0,PyPI,GHSA-x989-q2pq-4q5x,MODERATE,"BIT-tensorflow-2022-35940,CVE-2022-35940",CWE-190,CVSS:3.1/AV:N/AC:H/PR:N/UI:N/S:U/C:N/I:N/A:H,GHSA-x989-q2pq-4q5x,
,lockfile,tensorflow-cpu,2.1.0,PyPI,GHSA-x9j7-x98r-r4w2,HIGH,"BIT-tensorflow-2020-15210,CVE-2020-15210,PYSEC-2020-133,PYSEC-2020-290,PYSEC-2020-325","CWE-20,CWE-787",CVSS:4.0/AV:N/AC:L/AT:P/PR:N/UI:N/VC:N/VI:L/VA:H/SC:N/SI:N/SA:N,"PYSEC-2020-290,GHSA-x9j7-x98r-r4w2",
,lockfile,tensorflow-cpu,2.1.0,PyPI,GHSA-xcwj-wfcm-m23c,LOW,"BIT-tensorflow-2021-29530,CVE-2021-29530,PYSEC-2021-167,PYSEC-2021-458,PYSEC-2021-656",CWE-476,CVSS:4.0/AV:L/AC:L/AT:P/PR:L/UI:N/VC:N/VI:N/VA:L/SC:N/SI:N/SA:N,"PYSEC-2021-458,GHSA-xcwj-wfcm-m23c",
,lockfile,tensorflow-cpu,2.1.0,PyPI,GHSA-xf83-q765-xm6m,LOW,,,,GHSA-xf83-q765-xm6m,
,lockfile,tensorflow-cpu,2.1.0,PyPI,GHSA-xgc3-m89p-vr3x,LOW,"BIT-tensorflow-2021-29540,CVE-2021-29540,PYSEC-2021-177,PYSEC-2021-468,PYSEC-2021-666","CWE-120,CWE-787",CVSS:4.0/AV:L/AC:L/AT:P/PR:L/UI:N/VC:N/VI:N/VA:L/SC:N/SI:N/SA:N,"PYSEC-2021-468,GHSA-xgc3-m89p-vr3x",
,lockfile,tensorflow-cpu,2.1.0,PyPI,GHSA-xm2v-8rrw-w9pm,LOW,"BIT-tensorflow-2021-29525,CVE-2021-29525,PYSEC-2021-162,PYSEC-2021-453,PYSEC-2021-651",CWE-369,CVSS:4.0/AV:L/AC:L/AT:P/PR:L/UI:N/VC:N/VI:N/VA:L/SC:N/SI:N/SA:N,"PYSEC-2021-453,GHSA-xm2v-8rrw-w9pm",
,lockfile,tensorflow-cpu,2.1.0,PyPI,GHSA-xmq7-7fxm-rr79,HIGH,"BIT-tensorflow-2020-15203,CVE-2020-15203,PYSEC-2020-126,PYSEC-2020-283,PYSEC-2020-318","CWE-134,CWE-20",CVSS:4.0/AV:N/AC:L/AT:N/PR:N/UI:N/VC:N/VI:N/VA:H/SC:N/SI:N/SA:N,"PYSEC-2020-283,GHSA-xmq7-7fxm-rr79",
,lockfile,tensorflow-cpu,2.1.0,PyPI,GHSA-xqfj-35wv-m3cr,LOW,"BIT-tensorflow-2021-29541,CVE-2021-29541,PYSEC-2021-178,PYSEC-2021-469,PYSEC-2021-667",CWE-476,CVSS:4.0/AV:L/AC:L/AT:P/PR:L/UI:N/VC:N/VI:N/VA:L/SC:N/SI:N/SA:N,"PYSEC-2021-469,GHSA-xqfj-35wv-m3cr",
,lockfile,tensorflow-cpu,2.1.0,PyPI,GHSA-xqfj-cr6q-pc8w,LOW,"BIT-tensorflow-2021-29618,CVE-2021-29618,PYSEC-2021-255,PYSEC-2021-546,PYSEC-2021-744",CWE-755,CVSS:4.0/AV:L/AC:L/AT:P/PR:L/UI:N/VC:N/VI:N/VA:L/SC:N/SI:N/SA:N,"PYSEC-2021-546,GHSA-xqfj-cr6q-pc8w",
,lockfile,tensorflow-cpu,2.1.0,PyPI,GHSA-xrp2-fhq4-4q3w,MODERATE,"BIT-tensorflow-2022-29211,CVE-2022-29211",CWE-20,CVSS:3.1/AV:L/AC:L/PR:L/UI:N/S:U/C:N/I:N/A:H,GHSA-xrp2-fhq4-4q3w,
,lockfile,tensorflow-cpu,2.1.0,PyPI,GHSA-xrqm-fpgr-6hhx,MODERATE,"BIT-tensorflow-2021-41202,CVE-2021-41202,PYSEC-2021-395,PYSEC-2021-612,PYSEC-2021-810",CWE-681,CVSS:4.0/AV:L/AC:L/AT:N/PR:L/UI:N/VC:N/VI:N/VA:H/SC:N/SI:N/SA:N,"PYSEC-2021-612,GHSA-xrqm-fpgr-6hhx",
,lockfile,tensorflow-cpu,2.1.0,PyPI,GHSA-xvjm-fvxx-q3hv,LOW,"BIT-tensorflow-2021-29584,CVE-2021-29584,PYSEC-2021-221,PYSEC-2021-512,PYSEC-2021-710",CWE-190,CVSS:4.0/AV:L/AC:L/AT:P/PR:L/UI:N/VC:N/VI:N/VA:L/SC:N/SI:N/SA:N,"PYSEC-2021-512,GHSA-xvjm-fvxx-q3hv",
,lockfile,tensorflow-cpu,2.1.0,PyPI,GHSA-xvwp-h6jv-7472,HIGH,"BIT-tensorflow-2022-41900,CVE-2022-41900","CWE-125,CWE-787",CVSS:3.1/AV:N/AC:H/PR:L/UI:R/S:U/C:H/I:H/A:H,GHSA-xvwp-h6jv-7472,
,lockfile,tensorflow-cpu,2.1.0,PyPI,GHSA-xw93-v57j-fcgh,LOW,"BIT-tensorflow-2021-29557,CVE-2021-29557,PYSEC-2021-194,PYSEC-2021-485,PYSEC-2021-683",CWE-369,CVSS:4.0/AV:L/AC:L/AT:P/PR:L/UI:N/VC:N/VI:N/VA:L/SC:N/SI:N/SA:N,"PYSEC-2021-485,GHSA-xw93-v57j-fcgh",
,lockfile,tensorflow-cpu,2.1.0,PyPI,GHSA-xwhf-g6j5-j5gc,MODERATE,"BIT-tensorflow-2020-15266,CVE-2020-15266,PYSEC-2020-139,PYSEC-2020-296,PYSEC-2020-331",CWE-119,CVSS:4.0/AV:N/AC:L/AT:P/PR:N/UI:N/VC:N/VI:N/VA:L/SC:N/SI:N/SA:N,"PYSEC-2020-296,GHSA-xwhf-g6j5-j5gc",
,lockfile,tensorflow-cpu,2.1.0,PyPI,GHSA-xxcj-rhqg-m46g,MODERATE,"BIT-tensorflow-2022-41889,CVE-2022-41889",CWE-476,CVSS:3.1/AV:L/AC:L/PR:L/UI:N/S:U/C:N/I:N/A:H,GHSA-xxcj-rhqg-m46g,
,lockfile,tensorflow-cpu,2.1.0,PyPI,PYSEC-2020-270,,"BIT-tensorflow-2020-15190,CVE-2020-15190,GHSA-4g9f-63rx-5cw4,PYSEC-2020-113,PYSEC-2020-305",,,"PYSEC-2020-270,GHSA-4g9f-63rx-5cw4",
,lockfile,tensorflow-cpu,2.1.0,PyPI,PYSEC-2020-271,,"BIT-tensorflow-2020-15191,CVE-2020-15191,GHSA-q8qj-fc9q-cphr,PYSEC-2020-114,PYSEC-2020-306",,,PYSEC-2020-271,
,lockfile,tensorflow-cpu,2.1.0,PyPI,PYSEC-2020-272,,"BIT-tensorflow-2020-15192,CVE-2020-15192,GHSA-8fxw-76px-3rxv,PYSEC-2020-115,PYSEC-2020-307",,,PYSEC-2020-272,
,lockfile,tensorflow-cpu,2.1.0,PyPI,PYSEC-2020-273,,"BIT-tensorflow-2020-15193,CVE-2020-15193,GHSA-rjjg-hgv6-h69v,PYSEC-2020-116,PYSEC-2020-308",,,PYSEC-2020-273,
,lockfile,tensorflow-cpu,2.1.0,PyPI,PYSEC-2020-274,,"BIT-tensorflow-2020-15194,CVE-2020-15194,GHSA-9mqp-7v2h-2382,PYSEC-2020-117,PYSEC-2020-309",,,"PYSEC-2020-274,GHSA-9mqp-7v2h-2382",
,lockfile,tensorflow-cpu,2.1.0,PyPI,PYSEC-2020-275,,"BIT-tensorflow-2020-15195,CVE-2020-15195,GHSA-63xm-rx5p-xvqr,PYSEC-2020-118,PYSEC-2020-310",,,"PYSEC-2020-275,GHSA-63xm-rx5p-xvqr",
,lockfile,tensorflow-cpu,2.1.0,PyPI,PYSEC-2020-276,,"BIT-tensorflow-2020-15196,CVE-2020-15196,GHSA-pg59-2f92-5cph,PYSEC-2020-119,PYSEC-2020-311",,,PYSEC-2020-276,
,lockfile,tensorflow-cpu,2.1.0,PyPI,PYSEC-2020-277,,"BIT-tensorflow-2020-15197,CVE-2020-15197,GHSA-qc53-44cj-vfvx,PYSEC-2020-120,PYSEC-2020-312",,,PYSEC-2020-277,
,lockfile,tensorflow-cpu,2.1.0,PyPI,PYSEC-2020-278,,"BIT-tensorflow-2020-15198,CVE-2020-15198,GHSA-jc87-6vpp-7ff3,PYSEC-2020-121,PYSEC-2020-313",,,PYSEC-2020-278,
,lockfile,tensorflow-cpu,2.1.0,PyPI,PYSEC-2020-279,,"BIT-tensorflow-2020-15199,CVE-2020-15199,GHSA-x5cp-9pcf-pp3h,PYSEC-2020-122,PYSEC-2020-314",,,PYSEC-2020-279,
,lockfile,tensorflow-cpu,2.1.0,PyPI,PYSEC-2020-280,,"BIT-tensorflow-2020-15200,CVE-2020-15200,GHSA-x7rp-74x2-mjf3,PYSEC-2020-123,PYSEC-2020-315",,,PYSEC-2020-280,
,lockfile,tensorflow-cpu,2.1.0,PyPI,PYSEC-2020-281,,"BIT-tensorflow-2020-15201,CVE-2020-15201,GHSA-p5f8-gfw5-33w4,PYSEC-2020-124,PYSEC-2020-316",,,PYSEC-2020-281,
,lockfile,tensorflow-cpu,2.1.0,PyPI,PYSEC-2020-282,,"BIT-tensorflow-2020-15202,CVE-2020-15202,GHSA-h6fg-mjxg-hqq4,PYSEC-2020-125,PYSEC-2020-317",,,"PYSEC-2020-282,GHSA-h6fg-mjxg-hqq4",
,lockfile,tensorflow-cpu,2.1.0,PyPI,PYSEC-2020-283,,"BIT-tensorflow-2020-15203,CVE-2020-15203,GHSA-xmq7-7fxm-rr79,PYSEC-2020-126,PYSEC-2020-318",,,"PYSEC-2020-283,GHSA-xmq7-7fxm-rr79",
,lockfile,tensorflow-cpu,2.1.0,PyPI,PYSEC-2020-284,,"BIT-tensorflow-2020-15204,CVE-2020-15204,GHSA-q8gv-q7wr-9jf8,PYSEC-2020-127,PYSEC-2020-319",,,"PYSEC-2020-284,GHSA-q8gv-q7wr-9jf8",
,lockfile,tensorflow-cpu,2.1.0,PyPI,PYSEC-2020-285,,"BIT-tensorflow-2020-15205,CVE-2020-15205,GHSA-g7p5-5759-qv46,PYSEC-2020-128,PYSEC-2020-320",,,"PYSEC-2020-285,GHSA-g7p5-5759-qv46",
,lockfile,tensorflow-cpu,2.1.0,PyPI,PYSEC-2020-286,,"BIT-tensorflow-2020-15206,CVE-2020-15206,GHSA-w5gh-2wr2-pm6g,PYSEC-2020-129,PYSEC-2020-321",,,"PYSEC-2020-286,GHSA-w5gh-2wr2-pm6g",
,lockfile,tensorflow-cpu,2.1.0,PyPI,PYSEC-2020-287,,"BIT-tensorflow-2020-15207,CVE-2020-15207,GHSA-q4qf-3fc6-8x34,PYSEC-2020-130,PYSEC-2020-322",,,"PYSEC-2020-287,GHSA-q4qf-3fc6-8x34",
,lockfile,tensorflow-cpu,2.1.0,PyPI,PYSEC-2020-288,,"BIT-tensorflow-2020-15208,CVE-2020-15208,GHSA-mxjj-953w-2c2v,PYSEC-2020-131,PYSEC-2020-323",,,"PYSEC-2020-288,GHSA-mxjj-953w-2c2v",
,lockfile,tensorflow-cpu,2.1.0,PyPI,PYSEC-2020-289,,"BIT-tensorflow-2020-15209,CVE-2020-15209,GHSA-qh32-6jjc-qprm,PYSEC-2020-132,PYSEC-2020-324",,,"PYSEC-2020-289,GHSA-qh32-6jjc-qprm",
,lockfile,tensorflow-cpu,2.1.0,PyPI,PYSEC-2020-290,,"BIT-tensorflow-2020-15210,CVE-2020-15210,GHSA-x9j7-x98r-r4w2,PYSEC-2020-133,PYSEC-2020-325",,,"PYSEC-2020-290,GHSA-x9j7-x98r-r4w2",
,lockfile,tensorflow-cpu,2.1.0,PyPI,PYSEC-2020-291,,"BIT-tensorflow-2020-15211,CVE-2020-15211,GHSA-cvpc-8phh-8f45,PYSEC-2020-134,PYSEC-2020-326",,,"PYSEC-2020-291,GHSA-cvpc-8phh-8f45",
,lockfile,tensorflow-cpu,2.1.0,PyPI,PYSEC-2020-295,,"BIT-tensorflow-2020-15265,CVE-2020-15265,GHSA-rrfp-j2mp-hq9c,PYSEC-2020-138,PYSEC-2020-330",,,"PYSEC-2020-295,GHSA-rrfp-j2mp-hq9c",
,lockfile,tensorflow-cpu,2.1.0,PyPI,PYSEC-2020-296,,"BIT-tensorflow-2020-15266,CVE-2020-15266,GHSA-xwhf-g6j5-j5gc,PYSEC-2020-139,PYSEC-2020-331",,,"PYSEC-2020-296,GHSA-xwhf-g6j5-j5gc",
,lockfile,tensorflow-cpu,2.1.0,PyPI,PYSEC-2020-297,,"BIT-tensorflow-2020-26266,CVE-2020-26266,GHSA-qhxx-j73r-qpm2,PYSEC-2020-254,PYSEC-2020-332",,,"PYSEC-2020-297,GHSA-qhxx-j73r-qpm2",
,lockfile,tensorflow-cpu,2.1.0,PyPI,PYSEC-2020-298,,"BIT-tensorflow-2020-26267,CVE-2020-26267,GHSA-c9f3-9wfr-wgh7,PYSEC-2020-140,PYSEC-2020-333",,,"PYSEC-2020-298,GHSA-c9f3-9wfr-wgh7",
,lockfile,tensorflow-cpu,2.1.0,PyPI,PYSEC-2020-299,,"BIT-tensorflow-2020-26268,CVE-2020-26268,GHSA-hhvc-g5hv-48c6,PYSEC-2020-255,PYSEC-2020-334",,,"PYSEC-2020-299,GHSA-hhvc-g5hv-48c6",
,lockfile,tensorflow-cpu,2.1.0,PyPI,PYSEC-2020-301,,"BIT-tensorflow-2020-26270,CVE-2020-26270,GHSA-m648-33qf-v3gp,PYSEC-2020-256,PYSEC-2020-336",,,"PYSEC-2020-301,GHSA-m648-33qf-v3gp",
,lockfile,tensorflow-cpu,2.1.0,PyPI,PYSEC-2020-302,,"BIT-tensorflow-2020-26271,CVE-2020-26271,GHSA-q263-fvxm-m5mw,PYSEC-2020-257,PYSEC-2020-337",,,"PYSEC-2020-302,GHSA-q263-fvxm-m5mw",
,lockfile,tensorflow-cpu,2.1.0,PyPI,PYSEC-2021-441,,"BIT-tensorflow-2021-29513,CVE-2021-29513,GHSA-452g-f7fp-9jf7,PYSEC-2021-150,PYSEC-2021-639",,,"PYSEC-2021-441,GHSA-452g-f7fp-9jf7",
,lockfile,tensorflow-cpu,2.1.0,PyPI,PYSEC-2021-442,,"BIT-tensorflow-2021-29514,CVE-2021-29514,GHSA-8h46-5m9h-7553,PYSEC-2021-151,PYSEC-2021-640",,,PYSEC-2021-442,
,lockfile,tensorflow-cpu,2.1.0,PyPI,PYSEC-2021-443,,"BIT-tensorflow-2021-29515,CVE-2021-29515,GHSA-hc6c-75p4-hmq4,PYSEC-2021-152,PYSEC-2021-641",,,"PYSEC-2021-443,GHSA-hc6c-75p4-hmq4",
,lockfile,tensorflow-cpu,2.1.0,PyPI,PYSEC-2021-444,,"BIT-tensorflow-2021-29516,CVE-2021-29516,GHSA-84mw-34w6-2q43,PYSEC-2021-153,PYSEC-2021-642",,,"PYSEC-2021-444,GHSA-84mw-34w6-2q43",
,lockfile,tensorflow-cpu,2.1.0,PyPI,PYSEC-2021-445,,"BIT-tensorflow-2021-29517,CVE-2021-29517,GHSA-772p-x54p-hjrv,PYSEC-2021-154,PYSEC-2021-643",,,"PYSEC-2021-445,GHSA-772p-x54p-hjrv",
,lockfile,tensorflow-cpu,2.1.0,PyPI,PYSEC-2021-446,,"BIT-tensorflow-2021-29518,CVE-2021-29518,GHSA-62gx-355r-9fhg,PYSEC-2021-155,PYSEC-2021-644",,,"PYSEC-2021-446,GHSA-62gx-355r-9fhg",
,lockfile,tensorflow-cpu,2.1.0,PyPI,PYSEC-2021-447,,"BIT-tensorflow-2021-29519,CVE-2021-29519,GHSA-772j-h9xw-ffp5,PYSEC-2021-156,PYSEC-2021-645",,,"PYSEC-2021-447,GHSA-772j-h9xw-ffp5",
,lockfile,tensorflow-cpu,2.1.0,PyPI,PYSEC-2021-448,,"BIT-tensorflow-2021-29520,CVE-2021-29520,GHSA-wcv5-qrj6-9pfm,PYSEC-2021-157,PYSEC-2021-646",,,"PYSEC-2021-448,GHSA-wcv5-qrj6-9pfm",
,lockfile,tensorflow-cpu,2.1.0,PyPI,PYSEC-2021-450,,"BIT-tensorflow-2021-29522,CVE-2021-29522,GHSA-c968-pq7h-7fxv,PYSEC-2021-159,PYSEC-2021-648",,,"PYSEC-2021-450,GHSA-c968-pq7h-7fxv",
,lockfile,tensorflow-cpu,2.1.0,PyPI,PYSEC-2021-451,,"BIT-tensorflow-2021-29523,CVE-2021-29523,GHSA-2cpx-427x-q2c6,PYSEC-2021-160,PYSEC-2021-649",,,"PYSEC-2021-451,GHSA-2cpx-427x-q2c6",
,lockfile,tensorflow-cpu,2.1.0,PyPI,PYSEC-2021-452,,"BIT-tensorflow-2021-29524,CVE-2021-29524,GHSA-r4pj-74mg-8868,PYSEC-2021-161,PYSEC-2021-650",,,"PYSEC-2021-452,GHSA-r4pj-74mg-8868",
,lockfile,tensorflow-cpu,2.1.0,PyPI,PYSEC-2021-453,,"BIT-tensorflow-2021-29525,CVE-2021-29525,GHSA-xm2v-8rrw-w9pm,PYSEC-2021-162,PYSEC-2021-651",,,"PYSEC-2021-453,GHSA-xm2v-8rrw-w9pm",
,lockfile,tensorflow-cpu,2.1.0,PyPI,PYSEC-2021-454,,"BIT-tensorflow-2021-29526,CVE-2021-29526,GHSA-4vf2-4xcg-65cx,PYSEC-2021-163,PYSEC-2021-652",,,"PYSEC-2021-454,GHSA-4vf2-4xcg-65cx",
,lockfile,tensorflow-cpu,2.1.0,PyPI,PYSEC-2021-455,,"BIT-tensorflow-2021-29527,CVE-2021-29527,GHSA-x4g7-fvjj-prg8,PYSEC-2021-164,PYSEC-2021-653",,,"PYSEC-2021-455,GHSA-x4g7-fvjj-prg8",
,lockfile,tensorflow-cpu,2.1.0,PyPI,PYSEC-2021-456,,"BIT-tensorflow-2021-29528,CVE-2021-29528,GHSA-6f84-42vf-ppwp,PYSEC-2021-165,PYSEC-2021-654",,,"PYSEC-2021-456,GHSA-6f84-42vf-ppwp",
,lockfile,tensorflow-cpu,2.1.0,PyPI,PYSEC-2021-457,,"BIT-tensorflow-2021-29529,CVE-2021-29529,GHSA-jfp7-4j67-8r3q,PYSEC-2021-166,PYSEC-2021-655",,,"PYSEC-2021-457,GHSA-jfp7-4j67-8r3q",
,lockfile,tensorflow-cpu,2.1.0,PyPI,PYSEC-2021-458,,"BIT-tensorflow-2021-29530,CVE-2021-29530,GHSA-xcwj-wfcm-m23c,PYSEC-2021-167,PYSEC-2021-656",,,"PYSEC-2021-458,GHSA-xcwj-wfcm-m23c",
,lockfile,tensorflow-cpu,2.1.0,PyPI,PYSEC-2021-459,,"BIT-tensorflow-2021-29531,CVE-2021-29531,GHSA-3qxp-qjq7-w4hf,PYSEC-2021-168,PYSEC-2021-657",,,"PYSEC-2021-459,GHSA-3qxp-qjq7-w4hf",
,lockfile,tensorflow-cpu,2.1.0,PyPI,PYSEC-2021-460,,"BIT-tensorflow-2021-29532,CVE-2021-29532,GHSA-j47f-4232-hvv8,PYSEC-2021-169,PYSEC-2021-658",,,"PYSEC-2021-460,GHSA-j47f-4232-hvv8",
,lockfile,tensorflow-cpu,2.1.0,PyPI,PYSEC-2021-461,,"BIT-tensorflow-2021-29533,CVE-2021-29533,GHSA-393f-2jr3-cp69,PYSEC-2021-170,PYSEC-2021-659",,,"PYSEC-2021-461,GHSA-393f-2jr3-cp69",
,lockfile,tensorflow-cpu,2.1.0,PyPI,PYSEC-2021-462,,"BIT-tensorflow-2021-29534,CVE-2021-29534,GHSA-6j9c-grc6-5m6g,PYSEC-2021-171,PYSEC-2021-660",,,"PYSEC-2021-462,GHSA-6j9c-grc6-5m6g",
,lockfile,tensorflow-cpu,2.1.0,PyPI,PYSEC-2021-463,,"BIT-tensorflow-2021-29535,CVE-2021-29535,GHSA-m3f9-w3p3-p669,PYSEC-2021-172,PYSEC-2021-661",,,"PYSEC-2021-463,GHSA-m3f9-w3p3-p669",
,lockfile,tensorflow-cpu,2.1.0,PyPI,PYSEC-2021-464,,"BIT-tensorflow-2021-29536,CVE-2021-29536,GHSA-2gfx-95x2-5v3x,PYSEC-2021-173,PYSEC-2021-662",,,"PYSEC-2021-464,GHSA-2gfx-95x2-5v3x",
,lockfile,tensorflow-cpu,2.1.0,PyPI,PYSEC-2021-465,,"BIT-tensorflow-2021-29537,CVE-2021-29537,GHSA-8c89-2vwr-chcq,PYSEC-2021-174,PYSEC-2021-663",,,"PYSEC-2021-465,GHSA-8c89-2vwr-chcq",
,lockfile,tensorflow-cpu,2.1.0,PyPI,PYSEC-2021-466,,"BIT-tensorflow-2021-29538,CVE-2021-29538,GHSA-j8qc-5fqr-52fp,PYSEC-2021-175,PYSEC-2021-664",,,"PYSEC-2021-466,GHSA-j8qc-5fqr-52fp",
,lockfile,tensorflow-cpu,2.1.0,PyPI,PYSEC-2021-467,,"BIT-tensorflow-2021-29539,CVE-2021-29539,GHSA-g4h2-gqm3-c9wq,PYSEC-2021-176,PYSEC-2021-665",,,"PYSEC-2021-467,GHSA-g4h2-gqm3-c9wq",
,lockfile,tensorflow-cpu,2.1.0,PyPI,PYSEC-2021-468,,"BIT-tensorflow-2021-29540,CVE-2021-29540,GHSA-xgc3-m89p-vr3x,PYSEC-2021-177,PYSEC-2021-666",,,"PYSEC-2021-468,GHSA-xgc3-m89p-vr3x",
,lockfile,tensorflow-cpu,2.1.0,PyPI,PYSEC-2021-469,,"BIT-tensorflow-2021-29541,CVE-2021-29541,GHSA-xqfj-35wv-m3cr,PYSEC-2021-178,PYSEC-2021-667",,,"PYSEC-2021-469,GHSA-xqfj-35wv-m3cr",
,lockfile,tensorflow-cpu,2.1.0,PyPI,PYSEC-2021-470,,"BIT-tensorflow-2021-29542,CVE-2021-29542,GHSA-4hrh-9vmp-2jgg,PYSEC-2021-179,PYSEC-2021-668",,,"PYSEC-2021-470,GHSA-4hrh-9vmp-2jgg",
,lockfile,tensorflow-cpu,2.1.0,PyPI,PYSEC-2021-471,,"BIT-tensorflow-2021-29543,CVE-2021-29543,GHSA-fphq-gw9m-ghrv,PYSEC-2021-180,PYSEC-2021-669",,,"PYSEC-2021-471,GHSA-fphq-gw9m-ghrv",
,lockfile,tensorflow-cpu,2.1.0,PyPI,PYSEC-2021-472,,"BIT-tensorflow-2021-29544,CVE-2021-29544,GHSA-6g85-3hm8-83f9,PYSEC-2021-181,PYSEC-2021-670",,,PYSEC-2021-472,
,lockfile,tensorflow-cpu,2.1.0,PyPI,PYSEC-2021-473,,"BIT-tensorflow-2021-29545,CVE-2021-29545,GHSA-hmg3-c7xj-6qwm,PYSEC-2021-182,PYSEC-2021-671",,,"PYSEC-2021-473,GHSA-hmg3-c7xj-6qwm",
,lockfile,tensorflow-cpu,2.1.0,PyPI,PYSEC-2021-474,,"BIT-tensorflow-2021-29546,CVE-2021-29546,GHSA-m34j-p8rj-wjxq,PYSEC-2021-183,PYSEC-2021-672",,,"PYSEC-2021-474,GHSA-m34j-p8rj-wjxq",
,lockfile,tensorflow-cpu,2.1.0,PyPI,PYSEC-2021-475,,"BIT-tensorflow-2021-29547,CVE-2021-29547,GHSA-4fg4-p75j-w5xj,PYSEC-2021-184,PYSEC-2021-673",,,"PYSEC-2021-475,GHSA-4fg4-p75j-w5xj",
,lockfile,tensorflow-cpu,2.1.0,PyPI,PYSEC-2021-476,,"BIT-tensorflow-2021-29548,CVE-2021-29548,GHSA-p45v-v4pw-77jr,PYSEC-2021-185,PYSEC-2021-674",,,"PYSEC-2021-476,GHSA-p45v-v4pw-77jr",
,lockfile,tensorflow-cpu,2.1.0,PyPI,PYSEC-2021-477,,"BIT-tensorflow-2021-29549,CVE-2021-29549,GHSA-x83m-p7pv-ch8v,PYSEC-2021-186,PYSEC-2021-675",,,"PYSEC-2021-477,GHSA-x83m-p7pv-ch8v",
,lockfile,tensorflow-cpu,2.1.0,PyPI,PYSEC-2021-478,,"BIT-tensorflow-2021-29550,CVE-2021-29550,GHSA-f78g-q7r4-9wcv,PYSEC-2021-187,PYSEC-2021-676",,,"PYSEC-2021-478,GHSA-f78g-q7r4-9wcv",
,lockfile,tensorflow-cpu,2.1.0,PyPI,PYSEC-2021-479,,"BIT-tensorflow-2021-29551,CVE-2021-29551,GHSA-vqw6-72r7-fgw7,PYSEC-2021-188,PYSEC-2021-677",,,"PYSEC-2021-479,GHSA-vqw6-72r7-fgw7",
,lockfile,tensorflow-cpu,2.1.0,PyPI,PYSEC-2021-480,,"BIT-tensorflow-2021-29552,CVE-2021-29552,GHSA-jhq9-wm9m-cf89,PYSEC-2021-189,PYSEC-2021-678",,,"PYSEC-2021-480,GHSA-jhq9-wm9m-cf89",
,lockfile,tensorflow-cpu,2.1.0,PyPI,PYSEC-2021-481,,"BIT-tensorflow-2021-29553,CVE-2021-29553,GHSA-h9px-9vqg-222h,PYSEC-2021-190,PYSEC-2021-679",,,"PYSEC-2021-481,GHSA-h9px-9vqg-222h",
,lockfile,tensorflow-cpu,2.1.0,PyPI,PYSEC-2021-482,,"BIT-tensorflow-2021-29554,CVE-2021-29554,GHSA-qg48-85hg-mqc5,PYSEC-2021-191,PYSEC-2021-680",,,PYSEC-2021-482,
,lockfile,tensorflow-cpu,2.1.0,PyPI,PYSEC-2021-483,,"BIT-tensorflow-2021-29555,CVE-2021-29555,GHSA-r35g-4525-29fq,PYSEC-2021-192,PYSEC-2021-681",,,"PYSEC-2021-483,GHSA-r35g-4525-29fq",
,lockfile,tensorflow-cpu,2.1.0,PyPI,PYSEC-2021-484,,"BIT-tensorflow-2021-29556,CVE-2021-29556,GHSA-fxqh-cfjm-fp93,PYSEC-2021-193,PYSEC-2021-682",,,"PYSEC-2021-484,GHSA-fxqh-cfjm-fp93",
,lockfile,tensorflow-cpu,2.1.0,PyPI,PYSEC-2021-485,,"BIT-tensorflow-2021-29557,CVE-2021-29557,GHSA-xw93-v57j-fcgh,PYSEC-2021-194,PYSEC-2021-683",,,"PYSEC-2021-485,GHSA-xw93-v57j-fcgh",
,lockfile,tensorflow-cpu,2.1.0,PyPI,PYSEC-2021-486,,"BIT-tensorflow-2021-29558,CVE-2021-29558,GHSA-mqh2-9wrp-vx84,PYSEC-2021-195,PYSEC-2021-684",,,"PYSEC-2021-486,GHSA-mqh2-9wrp-vx84",
,lockfile,tensorflow-cpu,2.1.0,PyPI,PYSEC-2021-487,,"BIT-tensorflow-2021-29559,CVE-2021-29559,GHSA-59q2-x2qc-4c97,PYSEC-2021-196,PYSEC-2021-685",,,"PYSEC-2021-487,GHSA-59q2-x2qc-4c97",
,lockfile,tensorflow-cpu,2.1.0,PyPI,PYSEC-2021-488,,"BIT-tensorflow-2021-29560,CVE-2021-29560,GHSA-8gv3-57p6-g35r,PYSEC-2021-197,PYSEC-2021-686",,,"PYSEC-2021-488,GHSA-8gv3-57p6-g35r",
,lockfile,tensorflow-cpu,2.1.0,PyPI,PYSEC-2021-489,,"BIT-tensorflow-2021-29561,CVE-2021-29561,GHSA-gvm4-h8j3-rjrq,PYSEC-2021-198,PYSEC-2021-687",,,"PYSEC-2021-489,GHSA-gvm4-h8j3-rjrq",
,lockfile,tensorflow-cpu,2.1.0,PyPI,PYSEC-2021-490,,"BIT-tensorflow-2021-29562,CVE-2021-29562,GHSA-36vm-xw34-x4pj,PYSEC-2021-199,PYSEC-2021-688",,,"PYSEC-2021-490,GHSA-36vm-xw34-x4pj",
,lockfile,tensorflow-cpu,2.1.0,PyPI,PYSEC-2021-491,,"BIT-tensorflow-2021-29563,CVE-2021-29563,GHSA-ph87-fvjr-v33w,PYSEC-2021-200,PYSEC-2021-689",,,"PYSEC-2021-491,GHSA-ph87-fvjr-v33w",
,lockfile,tensorflow-cpu,2.1.0,PyPI,PYSEC-2021-492,,"BIT-tensorflow-2021-29564,CVE-2021-29564,GHSA-75f6-78jr-4656,PYSEC-2021-201,PYSEC-2021-690",,,"PYSEC-2021-492,GHSA-75f6-78jr-4656",
,lockfile,tensorflow-cpu,2.1.0,PyPI,PYSEC-2021-493,,"BIT-tensorflow-2021-29565,CVE-2021-29565,GHSA-r6pg-pjwc-j585,PYSEC-2021-202,PYSEC-2021-691",,,"PYSEC-2021-493,GHSA-r6pg-pjwc-j585",
,lockfile,tensorflow-cpu,2.1.0,PyPI,PYSEC-2021-494,,"BIT-tensorflow-2021-29566,CVE-2021-29566,GHSA-pvrc-hg3f-58r6,PYSEC-2021-203,PYSEC-2021-692",,,"PYSEC-2021-494,GHSA-pvrc-hg3f-58r6",
,lockfile,tensorflow-cpu,2.1.0,PyPI,PYSEC-2021-495,,"BIT-tensorflow-2021-29567,CVE-2021-29567,GHSA-wp3c-xw9g-gpcg,PYSEC-2021-204,PYSEC-2021-693",,,"PYSEC-2021-495,GHSA-wp3c-xw9g-gpcg",
,lockfile,tensorflow-cpu,2.1.0,PyPI,PYSEC-2021-496,,"BIT-tensorflow-2021-29568,CVE-2021-29568,GHSA-4p4p-www8-8fv9,PYSEC-2021-205,PYSEC-2021-694",,,"PYSEC-2021-496,GHSA-4p4p-www8-8fv9",
,lockfile,tensorflow-cpu,2.1.0,PyPI,PYSEC-2021-497,,"BIT-tensorflow-2021-29569,CVE-2021-29569,GHSA-3h8m-483j-7xxm,PYSEC-2021-206,PYSEC-2021-695",,,"PYSEC-2021-497,GHSA-3h8m-483j-7xxm",
,lockfile,tensorflow-cpu,2.1.0,PyPI,PYSEC-2021-498,,"BIT-tensorflow-2021-29570,CVE-2021-29570,GHSA-545v-42p7-98fq,PYSEC-2021-207,PYSEC-2021-696",,,"PYSEC-2021-498,GHSA-545v-42p7-98fq",
,lockfile,tensorflow-cpu,2.1.0,PyPI,PYSEC-2021-499,,"BIT-tensorflow-2021-29571,CVE-2021-29571,GHSA-whr9-vfh2-7hm6,PYSEC-2021-208,PYSEC-2021-697",,,"PYSEC-2021-499,GHSA-whr9-vfh2-7hm6",
,lockfile,tensorflow-cpu,2.1.0,PyPI,PYSEC-2021-500,,"BIT-tensorflow-2021-29572,CVE-2021-29572,GHSA-5gqf-456p-4836,PYSEC-2021-209,PYSEC-2021-698",,,"PYSEC-2021-500,GHSA-5gqf-456p-4836",
,lockfile,tensorflow-cpu,2.1.0,PyPI,PYSEC-2021-501,,"BIT-tensorflow-2021-29573,CVE-2021-29573,GHSA-9vpm-rcf4-9wqw,PYSEC-2021-210,PYSEC-2021-699",,,"PYSEC-2021-501,GHSA-9vpm-rcf4-9wqw",
,lockfile,tensorflow-cpu,2.1.0,PyPI,PYSEC-2021-502,,"BIT-tensorflow-2021-29574,CVE-2021-29574,GHSA-828x-qc2p-wprq,PYSEC-2021-211,PYSEC-2021-700",,,"PYSEC-2021-502,GHSA-828x-qc2p-wprq",
,lockfile,tensorflow-cpu,2.1.0,PyPI,PYSEC-2021-503,,"BIT-tensorflow-2021-29575,CVE-2021-29575,GHSA-6qgm-fv6v-rfpv,PYSEC-2021-212,PYSEC-2021-701",,,"PYSEC-2021-503,GHSA-6qgm-fv6v-rfpv",
,lockfile,tensorflow-cpu,2.1.0,PyPI,PYSEC-2021-504,,"BIT-tensorflow-2021-29576,CVE-2021-29576,GHSA-7cqx-92hp-x6wh,PYSEC-2021-213,PYSEC-2021-702",,,"PYSEC-2021-504,GHSA-7cqx-92hp-x6wh",
,lockfile,tensorflow-cpu,2.1.0,PyPI,PYSEC-2021-505,,"BIT-tensorflow-2021-29577,CVE-2021-29577,GHSA-v6r6-84gr-92rm,PYSEC-2021-214,PYSEC-2021-703",,,"PYSEC-2021-505,GHSA-v6r6-84gr-92rm",
,lockfile,tensorflow-cpu,2.1.0,PyPI,PYSEC-2021-506,,"BIT-tensorflow-2021-29578,CVE-2021-29578,GHSA-6f89-8j54-29xf,PYSEC-2021-215,PYSEC-2021-704",,,"PYSEC-2021-506,GHSA-6f89-8j54-29xf",
,lockfile,tensorflow-cpu,2.1.0,PyPI,PYSEC-2021-507,,"BIT-tensorflow-2021-29579,CVE-2021-29579,GHSA-79fv-9865-4qcv,PYSEC-2021-216,PYSEC-2021-705",,,"PYSEC-2021-507,GHSA-79fv-9865-4qcv",
,lockfile,tensorflow-cpu,2.1.0,PyPI,PYSEC-2021-508,,"BIT-tensorflow-2021-29580,CVE-2021-29580,GHSA-x8h6-xgqx-jqgp,PYSEC-2021-217,PYSEC-2021-706",,,"PYSEC-2021-508,GHSA-x8h6-xgqx-jqgp",
,lockfile,tensorflow-cpu,2.1.0,PyPI,PYSEC-2021-509,,"BIT-tensorflow-2021-29581,CVE-2021-29581,GHSA-vq2r-5xvm-3hc3,PYSEC-2021-218,PYSEC-2021-707",,,"PYSEC-2021-509,GHSA-vq2r-5xvm-3hc3",
,lockfile,tensorflow-cpu,2.1.0,PyPI,PYSEC-2021-510,,"BIT-tensorflow-2021-29582,CVE-2021-29582,GHSA-c45w-2wxr-pp53,PYSEC-2021-219,PYSEC-2021-708",,,"PYSEC-2021-510,GHSA-c45w-2wxr-pp53",
,lockfile,tensorflow-cpu,2.1.0,PyPI,PYSEC-2021-511,,"BIT-tensorflow-2021-29583,CVE-2021-29583,GHSA-9xh4-23q4-v6wr,PYSEC-2021-220,PYSEC-2021-709",,,"PYSEC-2021-511,GHSA-9xh4-23q4-v6wr",
,lockfile,tensorflow-cpu,2.1.0,PyPI,PYSEC-2021-512,,"BIT-tensorflow-2021-29584,CVE-2021-29584,GHSA-xvjm-fvxx-q3hv,PYSEC-2021-221,PYSEC-2021-710",,,"PYSEC-2021-512,GHSA-xvjm-fvxx-q3hv",
,lockfile,tensorflow-cpu,2.1.0,PyPI,PYSEC-2021-513,,"BIT-tensorflow-2021-29585,CVE-2021-29585,GHSA-mv78-g7wq-mhp4,PYSEC-2021-222,PYSEC-2021-711",,,"PYSEC-2021-513,GHSA-mv78-g7wq-mhp4",
,lockfile,tensorflow-cpu,2.1.0,PyPI,PYSEC-2021-514,,"BIT-tensorflow-2021-29586,CVE-2021-29586,GHSA-26j7-6w8w-7922,PYSEC-2021-223,PYSEC-2021-712",,,"PYSEC-2021-514,GHSA-26j7-6w8w-7922",
,lockfile,tensorflow-cpu,2.1.0,PyPI,PYSEC-2021-515,,"BIT-tensorflow-2021-29587,CVE-2021-29587,GHSA-j7rm-8ww4-xx2g,PYSEC-2021-224,PYSEC-2021-713",,,"PYSEC-2021-515,GHSA-j7rm-8ww4-xx2g",
,lockfile,tensorflow-cpu,2.1.0,PyPI,PYSEC-2021-516,,"BIT-tensorflow-2021-29588,CVE-2021-29588,GHSA-vfr4-x8j2-3rf9,PYSEC-2021-225,PYSEC-2021-714",,,"PYSEC-2021-516,GHSA-vfr4-x8j2-3rf9",
,lockfile,tensorflow-cpu,2.1.0,PyPI,PYSEC-2021-517,,"BIT-tensorflow-2021-29589,CVE-2021-29589,GHSA-3w67-q784-6w7c,PYSEC-2021-226,PYSEC-2021-715",,,"PYSEC-2021-517,GHSA-3w67-q784-6w7c",
,lockfile,tensorflow-cpu,2.1.0,PyPI,PYSEC-2021-518,,"BIT-tensorflow-2021-29590,CVE-2021-29590,GHSA-24x6-8c7m-hv3f,PYSEC-2021-227,PYSEC-2021-716",,,"PYSEC-2021-518,GHSA-24x6-8c7m-hv3f",
,lockfile,tensorflow-cpu,2.1.0,PyPI,PYSEC-2021-519,,"BIT-tensorflow-2021-29591,CVE-2021-29591,GHSA-cwv3-863g-39vx,PYSEC-2021-228,PYSEC-2021-717",,,"PYSEC-2021-519,GHSA-cwv3-863g-39vx",
,lockfile,tensorflow-cpu,2.1.0,PyPI,PYSEC-2021-520,,"BIT-tensorflow-2021-29592,CVE-2021-29592,GHSA-jjr8-m8g8-p6wv,PYSEC-2021-229,PYSEC-2021-718",,,"PYSEC-2021-520,GHSA-jjr8-m8g8-p6wv",
,lockfile,tensorflow-cpu,2.1.0,PyPI,PYSEC-2021-521,,"BIT-tensorflow-2021-29593,CVE-2021-29593,GHSA-cfx7-2xpc-8w4h,PYSEC-2021-230,PYSEC-2021-719",,,"PYSEC-2021-521,GHSA-cfx7-2xpc-8w4h",
,lockfile,tensorflow-cpu,2.1.0,PyPI,PYSEC-2021-522,,"BIT-tensorflow-2021-29594,CVE-2021-29594,GHSA-3qgw-p4fm-x7gf,PYSEC-2021-231,PYSEC-2021-720",,,"PYSEC-2021-522,GHSA-3qgw-p4fm-x7gf",
,lockfile,tensorflow-cpu,2.1.0,PyPI,PYSEC-2021-523,,"BIT-tensorflow-2021-29595,CVE-2021-29595,GHSA-vf94-36g5-69v8,PYSEC-2021-232,PYSEC-2021-721",,,"PYSEC-2021-523,GHSA-vf94-36g5-69v8",
,lockfile,tensorflow-cpu,2.1.0,PyPI,PYSEC-2021-524,,"BIT-tensorflow-2021-29596,CVE-2021-29596,GHSA-4vrf-ff7v-hpgr,PYSEC-2021-233,PYSEC-2021-722",,,"PYSEC-2021-524,GHSA-4vrf-ff7v-hpgr",
,lockfile,tensorflow-cpu,2.1.0,PyPI,PYSEC-2021-525,,"BIT-tensorflow-2021-29597,CVE-2021-29597,GHSA-v52p-hfjf-wg88,PYSEC-2021-234,PYSEC-2021-723",,,"PYSEC-2021-525,GHSA-v52p-hfjf-wg88",
,lockfile,tensorflow-cpu,2.1.0,PyPI,PYSEC-2021-526,,"BIT-tensorflow-2021-29598,CVE-2021-29598,GHSA-pmpr-55fj-r229,PYSEC-2021-235,PYSEC-2021-724",,,"PYSEC-2021-526,GHSA-pmpr-55fj-r229",
,lockfile,tensorflow-cpu,2.1.0,PyPI,PYSEC-2021-527,,"BIT-tensorflow-2021-29599,CVE-2021-29599,GHSA-97wf-p777-86jq,PYSEC-2021-236,PYSEC-2021-725",,,"PYSEC-2021-527,GHSA-97wf-p777-86jq",
,lockfile,tensorflow-cpu,2.1.0,PyPI,PYSEC-2021-528,,"BIT-tensorflow-2021-29600,CVE-2021-29600,GHSA-j8qh-3xrq-c825,PYSEC-2021-237,PYSEC-2021-726",,,"PYSEC-2021-528,GHSA-j8qh-3xrq-c825",
,lockfile,tensorflow-cpu,2.1.0,PyPI,PYSEC-2021-529,,"BIT-tensorflow-2021-29601,CVE-2021-29601,GHSA-9c84-4hx6-xmm4,PYSEC-2021-238,PYSEC-2021-727",,,"PYSEC-2021-529,GHSA-9c84-4hx6-xmm4",
,lockfile,tensorflow-cpu,2.1.0,PyPI,PYSEC-2021-530,,"BIT-tensorflow-2021-29602,CVE-2021-29602,GHSA-rf3h-xgv5-2q39,PYSEC-2021-239,PYSEC-2021-728",,,"PYSEC-2021-530,GHSA-rf3h-xgv5-2q39",
,lockfile,tensorflow-cpu,2.1.0,PyPI,PYSEC-2021-531,,"BIT-tensorflow-2021-29603,CVE-2021-29603,GHSA-crch-j389-5f84,PYSEC-2021-240,PYSEC-2021-729",,,"PYSEC-2021-531,GHSA-crch-j389-5f84",
,lockfile,tensorflow-cpu,2.1.0,PyPI,PYSEC-2021-532,,"BIT-tensorflow-2021-29604,CVE-2021-29604,GHSA-8rm6-75mf-7r7r,PYSEC-2021-241,PYSEC-2021-730",,,"PYSEC-2021-532,GHSA-8rm6-75mf-7r7r",
,lockfile,tensorflow-cpu,2.1.0,PyPI,PYSEC-2021-533,,"BIT-tensorflow-2021-29605,CVE-2021-29605,GHSA-jf7h-7m85-w2v2,PYSEC-2021-242,PYSEC-2021-731",,,"PYSEC-2021-533,GHSA-jf7h-7m85-w2v2",
,lockfile,tensorflow-cpu,2.1.0,PyPI,PYSEC-2021-534,,"BIT-tensorflow-2021-29606,CVE-2021-29606,GHSA-h4pc-gx2w-f2xv,PYSEC-2021-243,PYSEC-2021-732",,,"PYSEC-2021-534,GHSA-h4pc-gx2w-f2xv",
,lockfile,tensorflow-cpu,2.1.0,PyPI,PYSEC-2021-535,,"BIT-tensorflow-2021-29607,CVE-2021-29607,GHSA-gv26-jpj9-c8gq,PYSEC-2021-244,PYSEC-2021-733",,,"PYSEC-2021-535,GHSA-gv26-jpj9-c8gq",
,lockfile,tensorflow-cpu,2.1.0,PyPI,PYSEC-2021-536,,"BIT-tensorflow-2021-29608,CVE-2021-29608,GHSA-rgvq-pcvf-hx75,PYSEC-2021-245,PYSEC-2021-734",,,"PYSEC-2021-536,GHSA-rgvq-pcvf-hx75",
,lockfile,tensorflow-cpu,2.1.0,PyPI,PYSEC-2021-537,,"BIT-tensorflow-2021-29609,CVE-2021-29609,GHSA-cjc7-49v2-jp64,PYSEC-2021-246,PYSEC-2021-735",,,"PYSEC-2021-537,GHSA-cjc7-49v2-jp64",
,lockfile,tensorflow-cpu,2.1.0,PyPI,PYSEC-2021-538,,"BIT-tensorflow-2021-29610,CVE-2021-29610,GHSA-mq5c-prh3-3f3h,PYSEC-2021-247,PYSEC-2021-736",,,"PYSEC-2021-538,GHSA-mq5c-prh3-3f3h",
,lockfile,tensorflow-cpu,2.1.0,PyPI,PYSEC-2021-539,,"BIT-tensorflow-2021-29611,CVE-2021-29611,GHSA-9rpc-5v9q-5r7f,PYSEC-2021-248,PYSEC-2021-737",,,PYSEC-2021-539,
,lockfile,tensorflow-cpu,2.1.0,PyPI,PYSEC-2021-540,,"BIT-tensorflow-2021-29612,CVE-2021-29612,GHSA-2xgj-xhgf-ggjv,PYSEC-2021-249,PYSEC-2021-738",,,"PYSEC-2021-540,GHSA-2xgj-xhgf-ggjv",
,lockfile,tensorflow-cpu,2.1.0,PyPI,PYSEC-2021-541,,"BIT-tensorflow-2021-29613,CVE-2021-29613,GHSA-vvg4-vgrv-xfr7,PYSEC-2021-250,PYSEC-2021-739",,,"PYSEC-2021-541,GHSA-vvg4-vgrv-xfr7",
,lockfile,tensorflow-cpu,2.1.0,PyPI,PYSEC-2021-542,,"BIT-tensorflow-2021-29614,CVE-2021-29614,GHSA-8pmx-p244-g88h,PYSEC-2021-251,PYSEC-2021-740",,,"PYSEC-2021-542,GHSA-8pmx-p244-g88h",
,lockfile,tensorflow-cpu,2.1.0,PyPI,PYSEC-2021-543,,"BIT-tensorflow-2021-29615,CVE-2021-29615,GHSA-qw5h-7f53-xrp6,PYSEC-2021-252,PYSEC-2021-741",,,"PYSEC-2021-543,GHSA-qw5h-7f53-xrp6",
,lockfile,tensorflow-cpu,2.1.0,PyPI,PYSEC-2021-544,,"BIT-tensorflow-2021-29616,CVE-2021-29616,GHSA-4hvv-7x94-7vq8,PYSEC-2021-253,PYSEC-2021-742",,,"PYSEC-2021-544,GHSA-4hvv-7x94-7vq8",
,lockfile,tensorflow-cpu,2.1.0,PyPI,PYSEC-2021-545,,"BIT-tensorflow-2021-29617,CVE-2021-29617,GHSA-mmq6-q8r3-48fm,PYSEC-2021-254,PYSEC-2021-743",,,"PYSEC-2021-545,GHSA-mmq6-q8r3-48fm",
,lockfile,tensorflow-cpu,2.1.0,PyPI,PYSEC-2021-546,,"BIT-tensorflow-2021-29618,CVE-2021-29618,GHSA-xqfj-cr6q-pc8w,PYSEC-2021-255,PYSEC-2021-744",,,"PYSEC-2021-546,GHSA-xqfj-cr6q-pc8w",
,lockfile,tensorflow-cpu,2.1.0,PyPI,PYSEC-2021-547,,"BIT-tensorflow-2021-29619,CVE-2021-29619,GHSA-wvjw-p9f5-vq28,PYSEC-2021-256,PYSEC-2021-745",,,"PYSEC-2021-547,GHSA-wvjw-p9f5-vq28",
,lockfile,tensorflow-cpu,2.1.0,PyPI,PYSEC-2021-606,,"BIT-tensorflow-2021-41196,CVE-2021-41196,GHSA-m539-j985-hcr8,PYSEC-2021-389,PYSEC-2021-804",,,"PYSEC-2021-606,GHSA-m539-j985-hcr8",
,lockfile,tensorflow-cpu,2.1.0,PyPI,PYSEC-2021-607,,"BIT-tensorflow-2021-41197,CVE-2021-41197,GHSA-prcg-wp5q-rv7p,PYSEC-2021-390,PYSEC-2021-805",,,"PYSEC-2021-607,GHSA-prcg-wp5q-rv7p",
,lockfile,tensorflow-cpu,2.1.0,PyPI,PYSEC-2021-608,,"BIT-tensorflow-2021-41198,CVE-2021-41198,GHSA-2p25-55c9-h58q,PYSEC-2021-391,PYSEC-2021-806",,,"PYSEC-2021-608,GHSA-2p25-55c9-h58q",
,lockfile,tensorflow-cpu,2.1.0,PyPI,PYSEC-2021-609,,"BIT-tensorflow-2021-41199,CVE-2021-41199,GHSA-5hx2-qx8j-qjqm,PYSEC-2021-392,PYSEC-2021-807",,,"PYSEC-2021-609,GHSA-5hx2-qx8j-qjqm",
,lockfile,tensorflow-cpu,2.1.0,PyPI,PYSEC-2021-610,,"BIT-tensorflow-2021-41200,CVE-2021-41200,GHSA-gh8h-7j2j-qv4f,PYSEC-2021-393,PYSEC-2021-808",,,"PYSEC-2021-610,GHSA-gh8h-7j2j-qv4f",
,lockfile,tensorflow-cpu,2.1.0,PyPI,PYSEC-2021-611,,"BIT-tensorflow-2021-41201,CVE-2021-41201,GHSA-j86v-p27c-73fm,PYSEC-2021-394,PYSEC-2021-809",,,"PYSEC-2021-611,GHSA-j86v-p27c-73fm",
,lockfile,tensorflow-cpu,2.1.0,PyPI,PYSEC-2021-612,,"BIT-tensorflow-2021-41202,CVE-2021-41202,GHSA-xrqm-fpgr-6hhx,PYSEC-2021-395,PYSEC-2021-810",,,"PYSEC-2021-612,GHSA-xrqm-fpgr-6hhx",
,lockfile,tensorflow-cpu,2.1.0,PyPI,PYSEC-2021-613,,"BIT-tensorflow-2021-41203,CVE-2021-41203,GHSA-7pxj-m4jf-r6h2,PYSEC-2021-396,PYSEC-2021-811",,,"PYSEC-2021-613,GHSA-7pxj-m4jf-r6h2",
,lockfile,tensorflow-cpu,2.1.0,PyPI,PYSEC-2021-614,,"BIT-tensorflow-2021-41204,CVE-2021-41204,GHSA-786j-5qwq-r36x,PYSEC-2021-397,PYSEC-2021-812",,,"PYSEC-2021-614,GHSA-786j-5qwq-r36x",
,lockfile,tensorflow-cpu,2.1.0,PyPI,PYSEC-2021-615,,"BIT-tensorflow-2021-41205,CVE-2021-41205,GHSA-49rx-x2rw-pc6f,PYSEC-2021-398,PYSEC-2021-813",,,"PYSEC-2021-615,GHSA-49rx-x2rw-pc6f",
,lockfile,tensorflow-cpu,2.1.0,PyPI,PYSEC-2021-616,,"BIT-tensorflow-2021-41207,CVE-2021-41207,GHSA-7v94-64hj-m82h,PYSEC-2021-399,PYSEC-2021-814",,,"PYSEC-2021-616,GHSA-7v94-64hj-m82h",
,lockfile,tensorflow-cpu,2.1.0,PyPI,PYSEC-2021-617,,"BIT-tensorflow-2021-41208,CVE-2021-41208,GHSA-57wx-m983-2f88,PYSEC-2021-400,PYSEC-2021-815",,,"PYSEC-2021-617,GHSA-57wx-m983-2f88",
,lockfile,tensorflow-cpu,2.1.0,PyPI,PYSEC-2021-618,,"BIT-tensorflow-2021-41209,CVE-2021-41209,GHSA-6hpv-v2rx-c5g6,PYSEC-2021-401,PYSEC-2021-816",,,"PYSEC-2021-618,GHSA-6hpv-v2rx-c5g6",
,lockfile,tensorflow-cpu,2.1.0,PyPI,PYSEC-2021-619,,"BIT-tensorflow-2021-41210,CVE-2021-41210,GHSA-m342-ff57-4jcc,PYSEC-2021-402,PYSEC-2021-817",,,"PYSEC-2021-619,GHSA-m342-ff57-4jcc",
,lockfile,tensorflow-cpu,2.1.0,PyPI,PYSEC-2021-621,,"BIT-tensorflow-2021-41212,CVE-2021-41212,GHSA-fr77-rrx3-cp7g,PYSEC-2021-404,PYSEC-2021-819",,,"PYSEC-2021-621,GHSA-fr77-rrx3-cp7g",
,lockfile,tensorflow-cpu,2.1.0,PyPI,PYSEC-2021-622,,"BIT-tensorflow-2021-41213,CVE-2021-41213,GHSA-h67m-xg8f-fxcf,PYSEC-2021-405,PYSEC-2021-820",,,"PYSEC-2021-622,GHSA-h67m-xg8f-fxcf",
,lockfile,tensorflow-cpu,2.1.0,PyPI,PYSEC-2021-623,,"BIT-tensorflow-2021-41214,CVE-2021-41214,GHSA-vwhq-49r4-gj9v,PYSEC-2021-406,PYSEC-2021-821",,,"PYSEC-2021-623,GHSA-vwhq-49r4-gj9v",
,lockfile,tensorflow-cpu,2.1.0,PyPI,PYSEC-2021-624,,"BIT-tensorflow-2021-41215,CVE-2021-41215,GHSA-x3v8-c8qx-3j3r,PYSEC-2021-407,PYSEC-2021-822",,,"PYSEC-2021-624,GHSA-x3v8-c8qx-3j3r",
,lockfile,tensorflow-cpu,2.1.0,PyPI,PYSEC-2021-625,,"BIT-tensorflow-2021-41216,CVE-2021-41216,GHSA-3ff2-r28g-w7h9,PYSEC-2021-408,PYSEC-2021-823",,,"PYSEC-2021-625,GHSA-3ff2-r28g-w7h9",
,lockfile,tensorflow-cpu,2.1.0,PyPI,PYSEC-2021-626,,"BIT-tensorflow-2021-41217,CVE-2021-41217,GHSA-5crj-c72x-m7gq,PYSEC-2021-409,PYSEC-2021-824",,,"PYSEC-2021-626,GHSA-5crj-c72x-m7gq",
,lockfile,tensorflow-cpu,2.1.0,PyPI,PYSEC-2021-627,,"BIT-tensorflow-2021-41218,CVE-2021-41218,GHSA-9crf-c6qr-r273,PYSEC-2021-410,PYSEC-2021-825",,,"PYSEC-2021-627,GHSA-9crf-c6qr-r273",
,lockfile,tensorflow-cpu,2.1.0,PyPI,PYSEC-2021-628,,"BIT-tensorflow-2021-41219,CVE-2021-41219,GHSA-4f99-p9c2-3j8x,PYSEC-2021-411,PYSEC-2021-826",,,"PYSEC-2021-628,GHSA-4f99-p9c2-3j8x",
,lockfile,tensorflow-cpu,2.1.0,PyPI,PYSEC-2021-630,,"BIT-tensorflow-2021-41221,CVE-2021-41221,GHSA-cqv6-3phm-hcwx,PYSEC-2021-413,PYSEC-2021-828",,,"PYSEC-2021-630,GHSA-cqv6-3phm-hcwx",
,lockfile,tensorflow-cpu,2.1.0,PyPI,PYSEC-2021-631,,"BIT-tensorflow-2021-41222,CVE-2021-41222,GHSA-cpf4-wx82-gxp6,PYSEC-2021-414,PYSEC-2021-829",,,"PYSEC-2021-631,GHSA-cpf4-wx82-gxp6",
,lockfile,tensorflow-cpu,2.1.0,PyPI,PYSEC-2021-632,,"BIT-tensorflow-2021-41223,CVE-2021-41223,GHSA-f54p-f6jp-4rhr,PYSEC-2021-415,PYSEC-2021-830",,,"PYSEC-2021-632,GHSA-f54p-f6jp-4rhr",
,lockfile,tensorflow-cpu,2.1.0,PyPI,PYSEC-2021-633,,"BIT-tensorflow-2021-41224,CVE-2021-41224,GHSA-rg3m-hqc5-344v,PYSEC-2021-416,PYSEC-2021-831",,,"PYSEC-2021-633,GHSA-rg3m-hqc5-344v",
,lockfile,tensorflow-cpu,2.1.0,PyPI,PYSEC-2021-634,,"BIT-tensorflow-2021-41225,CVE-2021-41225,GHSA-7r94-xv9v-63jw,PYSEC-2021-417,PYSEC-2021-832",,,"PYSEC-2021-634,GHSA-7r94-xv9v-63jw",
,lockfile,tensorflow-cpu,2.1.0,PyPI,PYSEC-2021-635,,"BIT-tensorflow-2021-41226,CVE-2021-41226,GHSA-374m-jm66-3vj8,PYSEC-2021-418,PYSEC-2021-833",,,"PYSEC-2021-635,GHSA-374m-jm66-3vj8",
,lockfile,tensorflow-cpu,2.1.0,PyPI,PYSEC-2021-636,,"BIT-tensorflow-2021-41227,CVE-2021-41227,GHSA-j8c8-67vp-6mx7,PYSEC-2021-419,PYSEC-2021-834",,,"PYSEC-2021-636,GHSA-j8c8-67vp-6mx7",
,lockfile,tensorflow-cpu,2.1.0,PyPI,PYSEC-2021-637,,"BIT-tensorflow-2021-41228,CVE-2021-41228,GHSA-3rcw-9p9x-582v,PYSEC-2021-420,PYSEC-2021-835",,,"PYSEC-2021-637,GHSA-3rcw-9p9x-582v",
,lockfile,tensorflow-cpu,2.1.0,PyPI,PYSEC-2021-844,,"BIT-tensorflow-2021-41195,CVE-2021-41195,GHSA-cq76-mxrc-vchh,PYSEC-2021-842,PYSEC-2021-846",,,"PYSEC-2021-844,GHSA-cq76-mxrc-vchh",
,lockfile,tensorflow-cpu,2.1.0,PyPI,PYSEC-2021-845,,"BIT-tensorflow-2021-41206,CVE-2021-41206,GHSA-pgcq-h79j-2f69,PYSEC-2021-843,PYSEC-2021-847",,,"PYSEC-2021-845,GHSA-pgcq-h79j-2f69",
,lockfile,tensorflow-cpu,2.1.0,PyPI,PYSEC-2022-100,,"BIT-tensorflow-2022-23591,CVE-2022-23591,GHSA-247x-2f9f-5wp7,PYSEC-2022-155",,,"PYSEC-2022-100,GHSA-247x-2f9f-5wp7",
,lockfile,tensorflow-cpu,2.1.0,PyPI,PYSEC-2022-103,,"BIT-tensorflow-2022-23595,CVE-2022-23595,GHSA-fpcp-9h7m-ffpx,PYSEC-2022-158",,,"PYSEC-2022-103,GHSA-fpcp-9h7m-ffpx",
,lockfile,tensorflow-cpu,2.1.0,PyPI,PYSEC-2022-49,,"BIT-tensorflow-2022-21725,CVE-2022-21725,GHSA-v3f7-j968-4h5f,PYSEC-2022-104",,,"PYSEC-2022-49,GHSA-v3f7-j968-4h5f",
,lockfile,tensorflow-cpu,2.1.0,PyPI,PYSEC-2022-50,,"BIT-tensorflow-2022-21726,CVE-2022-21726,GHSA-23hm-7w47-xw72,PYSEC-2022-105",,,"PYSEC-2022-50,GHSA-23hm-7w47-xw72",
,lockfile,tensorflow-cpu,2.1.0,PyPI,PYSEC-2022-51,,"BIT-tensorflow-2022-21727,CVE-2022-21727,GHSA-c6fh-56w7-fvjw,PYSEC-2022-106",,,"PYSEC-2022-51,GHSA-c6fh-56w7-fvjw",
,lockfile,tensorflow-cpu,2.1.0,PyPI,PYSEC-2022-52,,"BIT-tensorflow-2022-21728,CVE-2022-21728,GHSA-6gmv-pjp9-p8w8,PYSEC-2022-107",,,"PYSEC-2022-52,GHSA-6gmv-pjp9-p8w8",
,lockfile,tensorflow-cpu,2.1.0,PyPI,PYSEC-2022-53,,"BIT-tensorflow-2022-21729,CVE-2022-21729,GHSA-34f9-hjfq-rr8j,PYSEC-2022-108",,,"PYSEC-2022-53,GHSA-34f9-hjfq-rr8j",
,lockfile,tensorflow-cpu,2.1.0,PyPI,PYSEC-2022-54,,"BIT-tensorflow-2022-21730,CVE-2022-21730,GHSA-vjg4-v33c-ggc4,PYSEC-2022-109",,,"PYSEC-2022-54,GHSA-vjg4-v33c-ggc4",
,lockfile,tensorflow-cpu,2.1.0,PyPI,PYSEC-2022-55,,"BIT-tensorflow-2022-21731,CVE-2022-21731,GHSA-m4hf-j54p-p353,PYSEC-2022-110",,,"PYSEC-2022-55,GHSA-m4hf-j54p-p353",
,lockfile,tensorflow-cpu,2.1.0,PyPI,PYSEC-2022-56,,"BIT-tensorflow-2022-21732,CVE-2022-21732,GHSA-c582-c96p-r5cq,PYSEC-2022-111",,,"PYSEC-2022-56,GHSA-c582-c96p-r5cq",
,lockfile,tensorflow-cpu,2.1.0,PyPI,PYSEC-2022-57,,"BIT-tensorflow-2022-21733,CVE-2022-21733,GHSA-98j8-c9q4-r38g,PYSEC-2022-112",,,"PYSEC-2022-57,GHSA-98j8-c9q4-r38g",
,lockfile,tensorflow-cpu,2.1.0,PyPI,PYSEC-2022-58,,"BIT-tensorflow-2022-21734,CVE-2022-21734,GHSA-gcvh-66ff-4mwm,PYSEC-2022-113",,,"PYSEC-2022-58,GHSA-gcvh-66ff-4mwm",
,lockfile,tensorflow-cpu,2.1.0,PyPI,PYSEC-2022-59,,"BIT-tensorflow-2022-21735,CVE-2022-21735,GHSA-87v6-crgm-2gfj,PYSEC-2022-114",,,"PYSEC-2022-59,GHSA-87v6-crgm-2gfj",
,lockfile,tensorflow-cpu,2.1.0,PyPI,PYSEC-2022-60,,"BIT-tensorflow-2022-21736,CVE-2022-21736,GHSA-pfjj-m3jj-9jc9,PYSEC-2022-115",,,"PYSEC-2022-60,GHSA-pfjj-m3jj-9jc9",
,lockfile,tensorflow-cpu,2.1.0,PyPI,PYSEC-2022-61,,"BIT-tensorflow-2022-21737,CVE-2022-21737,GHSA-f2vv-v9cg-qhh7,PYSEC-2022-116",,,"PYSEC-2022-61,GHSA-f2vv-v9cg-qhh7",
,lockfile,tensorflow-cpu,2.1.0,PyPI,PYSEC-2022-62,,"BIT-tensorflow-2022-21738,CVE-2022-21738,GHSA-x4qx-4fjv-hmw6,PYSEC-2022-117",,,"PYSEC-2022-62,GHSA-x4qx-4fjv-hmw6",
,lockfile,tensorflow-cpu,2.1.0,PyPI,PYSEC-2022-63,,"BIT-tensorflow-2022-21739,CVE-2022-21739,GHSA-3mw4-6rj6-74g5,PYSEC-2022-118",,,"PYSEC-2022-63,GHSA-3mw4-6rj6-74g5",
,lockfile,tensorflow-cpu,2.1.0,PyPI,PYSEC-2022-64,,"BIT-tensorflow-2022-21740,CVE-2022-21740,GHSA-44qp-9wwf-734r,PYSEC-2022-119",,,"PYSEC-2022-64,GHSA-44qp-9wwf-734r",
,lockfile,tensorflow-cpu,2.1.0,PyPI,PYSEC-2022-65,,"BIT-tensorflow-2022-21741,CVE-2022-21741,GHSA-428x-9xc2-m8mj,PYSEC-2022-120",,,"PYSEC-2022-65,GHSA-428x-9xc2-m8mj",
,lockfile,tensorflow-cpu,2.1.0,PyPI,PYSEC-2022-66,,"BIT-tensorflow-2022-23557,CVE-2022-23557,GHSA-gf2j-f278-xh4v,PYSEC-2022-121",,,"PYSEC-2022-66,GHSA-gf2j-f278-xh4v",
,lockfile,tensorflow-cpu,2.1.0,PyPI,PYSEC-2022-67,,"BIT-tensorflow-2022-23558,CVE-2022-23558,GHSA-9gwq-6cwj-47h3,PYSEC-2022-122",,,"PYSEC-2022-67,GHSA-9gwq-6cwj-47h3",
,lockfile,tensorflow-cpu,2.1.0,PyPI,PYSEC-2022-68,,"BIT-tensorflow-2022-23559,CVE-2022-23559,GHSA-98p5-x8x4-c9m5,PYSEC-2022-123",,,"PYSEC-2022-68,GHSA-98p5-x8x4-c9m5",
,lockfile,tensorflow-cpu,2.1.0,PyPI,PYSEC-2022-69,,"BIT-tensorflow-2022-23560,CVE-2022-23560,GHSA-4hvf-hxvg-f67v,PYSEC-2022-124",,,"PYSEC-2022-69,GHSA-4hvf-hxvg-f67v",
,lockfile,tensorflow-cpu,2.1.0,PyPI,PYSEC-2022-70,,"BIT-tensorflow-2022-23561,CVE-2022-23561,GHSA-9c78-vcq7-7vxq,PYSEC-2022-125",,,"PYSEC-2022-70,GHSA-9c78-vcq7-7vxq",
,lockfile,tensorflow-cpu,2.1.0,PyPI,PYSEC-2022-71,,"BIT-tensorflow-2022-23562,CVE-2022-23562,GHSA-qx3f-p745-w4hr,PYSEC-2022-126",,,"PYSEC-2022-71,GHSA-qx3f-p745-w4hr",
,lockfile,tensorflow-cpu,2.1.0,PyPI,PYSEC-2022-72,,"BIT-tensorflow-2022-23563,CVE-2022-23563,GHSA-wc4g-r73w-x8mm,PYSEC-2022-127",,,"PYSEC-2022-72,GHSA-wc4g-r73w-x8mm",
,lockfile,tensorflow-cpu,2.1.0,PyPI,PYSEC-2022-73,,"BIT-tensorflow-2022-23564,CVE-2022-23564,GHSA-8rcj-c8pj-v3m3,PYSEC-2022-128",,,"PYSEC-2022-73,GHSA-8rcj-c8pj-v3m3",
,lockfile,tensorflow-cpu,2.1.0,PyPI,PYSEC-2022-74,,"BIT-tensorflow-2022-23565,CVE-2022-23565,GHSA-4v5p-v5h9-6xjx,PYSEC-2022-129",,,"PYSEC-2022-74,GHSA-4v5p-v5h9-6xjx",
,lockfile,tensorflow-cpu,2.1.0,PyPI,PYSEC-2022-75,,"BIT-tensorflow-2022-23566,CVE-2022-23566,GHSA-5qw5-89mw-wcg2,PYSEC-2022-130",,,"PYSEC-2022-75,GHSA-5qw5-89mw-wcg2",
,lockfile,tensorflow-cpu,2.1.0,PyPI,PYSEC-2022-76,,"BIT-tensorflow-2022-23567,CVE-2022-23567,GHSA-rrx2-r989-2c43,PYSEC-2022-131",,,"PYSEC-2022-76,GHSA-rrx2-r989-2c43",
,lockfile,tensorflow-cpu,2.1.0,PyPI,PYSEC-2022-77,,"BIT-tensorflow-2022-23568,CVE-2022-23568,GHSA-6445-fm66-fvq2,PYSEC-2022-132",,,"PYSEC-2022-77,GHSA-6445-fm66-fvq2",
,lockfile,tensorflow-cpu,2.1.0,PyPI,PYSEC-2022-78,,"BIT-tensorflow-2022-23569,CVE-2022-23569,GHSA-qj5r-f9mv-rffh,PYSEC-2022-133",,,"PYSEC-2022-78,GHSA-qj5r-f9mv-rffh",
,lockfile,tensorflow-cpu,2.1.0,PyPI,PYSEC-2022-79,,"BIT-tensorflow-2022-23570,CVE-2022-23570,GHSA-9p77-mmrw-69c7,PYSEC-2022-134",,,"PYSEC-2022-79,GHSA-9p77-mmrw-69c7",
,lockfile,tensorflow-cpu,2.1.0,PyPI,PYSEC-2022-80,,"BIT-tensorflow-2022-23571,CVE-2022-23571,GHSA-j3mj-fhpq-qqjj,PYSEC-2022-135",,,"PYSEC-2022-80,GHSA-j3mj-fhpq-qqjj",
,lockfile,tensorflow-cpu,2.1.0,PyPI,PYSEC-2022-81,,"BIT-tensorflow-2022-23572,CVE-2022-23572,GHSA-rww7-2gpw-fv6j,PYSEC-2022-136",,,"PYSEC-2022-81,GHSA-rww7-2gpw-fv6j",
,lockfile,tensorflow-cpu,2.1.0,PyPI,PYSEC-2022-82,,"BIT-tensorflow-2022-23573,CVE-2022-23573,GHSA-q85f-69q7-55h2,PYSEC-2022-137",,,"PYSEC-2022-82,GHSA-q85f-69q7-55h2",
,lockfile,tensorflow-cpu,2.1.0,PyPI,PYSEC-2022-83,,"BIT-tensorflow-2022-23574,CVE-2022-23574,GHSA-77gp-3h4r-6428,PYSEC-2022-138",,,"PYSEC-2022-83,GHSA-77gp-3h4r-6428",
,lockfile,tensorflow-cpu,2.1.0,PyPI,PYSEC-2022-84,,"BIT-tensorflow-2022-23575,CVE-2022-23575,GHSA-c94w-c95p-phf8,PYSEC-2022-139",,,"PYSEC-2022-84,GHSA-c94w-c95p-phf8",
,lockfile,tensorflow-cpu,2.1.0,PyPI,PYSEC-2022-85,,"BIT-tensorflow-2022-23576,CVE-2022-23576,GHSA-wm93-f238-7v37,PYSEC-2022-140",,,"PYSEC-2022-85,GHSA-wm93-f238-7v37",
,lockfile,tensorflow-cpu,2.1.0,PyPI,PYSEC-2022-86,,"BIT-tensorflow-2022-23577,CVE-2022-23577,GHSA-8cxv-76p7-jxwr,PYSEC-2022-141",,,"PYSEC-2022-86,GHSA-8cxv-76p7-jxwr",
,lockfile,tensorflow-cpu,2.1.0,PyPI,PYSEC-2022-87,,"BIT-tensorflow-2022-23578,CVE-2022-23578,GHSA-8r7c-3cm2-3h8f,PYSEC-2022-142",,,"PYSEC-2022-87,GHSA-8r7c-3cm2-3h8f",
,lockfile,tensorflow-cpu,2.1.0,PyPI,PYSEC-2022-88,,"BIT-tensorflow-2022-23579,CVE-2022-23579,GHSA-5f2r-qp73-37mr,PYSEC-2022-143",,,"PYSEC-2022-88,GHSA-5f2r-qp73-37mr",
,lockfile,tensorflow-cpu,2.1.0,PyPI,PYSEC-2022-89,,"BIT-tensorflow-2022-23580,CVE-2022-23580,GHSA-627q-g293-49q7,PYSEC-2022-144",,,"PYSEC-2022-89,GHSA-627q-g293-49q7",
,lockfile,tensorflow-cpu,2.1.0,PyPI,PYSEC-2022-90,,"BIT-tensorflow-2022-23581,CVE-2022-23581,GHSA-fq86-3f29-px2c,PYSEC-2022-145",,,"PYSEC-2022-90,GHSA-fq86-3f29-px2c",
,lockfile,tensorflow-cpu,2.1.0,PyPI,PYSEC-2022-91,,"BIT-tensorflow-2022-23582,CVE-2022-23582,GHSA-4j82-5ccr-4r8v,PYSEC-2022-146",,,"PYSEC-2022-91,GHSA-4j82-5ccr-4r8v",
,lockfile,tensorflow-cpu,2.1.0,PyPI,PYSEC-2022-92,,"BIT-tensorflow-2022-23583,CVE-2022-23583,GHSA-gjqc-q9g6-q2j3,PYSEC-2022-147",,,"PYSEC-2022-92,GHSA-gjqc-q9g6-q2j3",
,lockfile,tensorflow-cpu,2.1.0,PyPI,PYSEC-2022-93,,"BIT-tensorflow-2022-23584,CVE-2022-23584,GHSA-24x4-6qmh-88qg,PYSEC-2022-148",,,"PYSEC-2022-93,GHSA-24x4-6qmh-88qg",
,lockfile,tensorflow-cpu,2.1.0,PyPI,PYSEC-2022-94,,"BIT-tensorflow-2022-23585,CVE-2022-23585,GHSA-fq6p-6334-8gr4,PYSEC-2022-149",,,"PYSEC-2022-94,GHSA-fq6p-6334-8gr4",
,lockfile,tensorflow-cpu,2.1.0,PyPI,PYSEC-2022-95,,"BIT-tensorflow-2022-23586,CVE-2022-23586,GHSA-43jf-985q-588j,PYSEC-2022-150",,,"PYSEC-2022-95,GHSA-43jf-985q-588j",
,lockfile,tensorflow-cpu,2.1.0,PyPI,PYSEC-2022-96,,"BIT-tensorflow-2022-23587,CVE-2022-23587,GHSA-8jj7-5vxc-pg2q,PYSEC-2022-151",,,"PYSEC-2022-96,GHSA-8jj7-5vxc-pg2q",
,lockfile,tensorflow-cpu,2.1.0,PyPI,PYSEC-2022-97,,"BIT-tensorflow-2022-23588,CVE-2022-23588,GHSA-fx5c-h9f6-rv7c,PYSEC-2022-152",,,"PYSEC-2022-97,GHSA-fx5c-h9f6-rv7c",
,lockfile,tensorflow-cpu,2.1.0,PyPI,PYSEC-2022-98,,"BIT-tensorflow-2022-23589,CVE-2022-23589,GHSA-9px9-73fg-3fqp,PYSEC-2022-153",,,"PYSEC-2022-98,GHSA-9px9-73fg-3fqp",
,lockfile,tensorflow-cpu,2.1.0,PyPI,PYSEC-2022-99,,"BIT-tensorflow-2022-23590,CVE-2022-23590,GHSA-pqrv-8r2f-7278,PYSEC-2022-154",,,"PYSEC-2022-99,GHSA-pqrv-8r2f-7278",
,lockfile,tensorflow-cpu,2.10.0,PyPI,GHSA-27rc-728f-x5w2,MODERATE,"BIT-tensorflow-2022-41899,CVE-2022-41899","CWE-20,CWE-617",CVSS:3.1/AV:N/AC:H/PR:L/UI:R/S:U/C:N/I:N/A:H,GHSA-27rc-728f-x5w2,
,lockfile,tensorflow-cpu,2.10.0,PyPI,GHSA-368v-7v32-52fx,MODERATE,"BIT-tensorflow-2022-41907,CVE-2022-41907",CWE-131,CVSS:3.1/AV:N/AC:H/PR:L/UI:R/S:U/C:N/I:N/A:H,GHSA-368v-7v32-52fx,
,lockfile,tensorflow-cpu,2.10.0,PyPI,GHSA-49rq-hwc3-x77w,HIGH,"BIT-tensorflow-2023-25670,CVE-2023-25670",CWE-476,CVSS:3.1/AV:N/AC:L/PR:N/UI:N/S:U/C:N/I:N/A:H,GHSA-49rq-hwc3-x77w,
,lockfile,tensorflow-cpu,2.10.0,PyPI,GHSA-54pp-c6pp-7fpx,MODERATE,"BIT-tensorflow-2022-41886,CVE-2022-41886",CWE-131,CVSS:3.1/AV:N/AC:H/PR:L/UI:R/S:U/C:N/I:N/A:H,GHSA-54pp-c6pp-7fpx,
,lockfile,tensorflow-cpu,2.10.0,PyPI,GHSA-558h-mq8x-7q9g,HIGH,"BIT-tensorflow-2023-25665,CVE-2023-25665",CWE-476,CVSS:3.1/AV:N/AC:L/PR:N/UI:N/S:U/C:N/I:N/A:H,GHSA-558h-mq8x-7q9g,
,lockfile,tensorflow-cpu,2.10.0,PyPI,GHSA-5w96-866f-6rm8,HIGH,"BIT-tensorflow-2023-27579,CVE-2023-27579",CWE-697,CVSS:3.1/AV:N/AC:L/PR:N/UI:N/S:U/C:N/I:N/A:H,GHSA-5w96-866f-6rm8,
,lockfile,tensorflow-cpu,2.10.0,PyPI,GHSA-647v-r7qq-24fh,HIGH,"BIT-tensorflow-2023-25673,CVE-2023-25673",CWE-697,CVSS:3.1/AV:N/AC:L/PR:N/UI:N/S:U/C:N/I:N/A:H,GHSA-647v-r7qq-24fh,
,lockfile,tensorflow-cpu,2.10.0,PyPI,GHSA-64jg-wjww-7c5w,HIGH,"BIT-tensorflow-2023-25663,CVE-2023-25663",CWE-476,CVSS:3.1/AV:N/AC:L/PR:N/UI:N/S:U/C:N/I:N/A:H,GHSA-64jg-wjww-7c5w,
,lockfile,tensorflow-cpu,2.10.0,PyPI,GHSA-66vq-54fq-6jvv,MODERATE,"BIT-tensorflow-2022-41891,CVE-2022-41891",CWE-20,CVSS:3.1/AV:N/AC:H/PR:L/UI:R/S:U/C:N/I:N/A:H,GHSA-66vq-54fq-6jvv,
,lockfile,tensorflow-cpu,2.10.0,PyPI,GHSA-67pf-62xr-q35m,MODERATE,"BIT-tensorflow-2022-41893,CVE-2022-41893",CWE-617,CVSS:3.1/AV:N/AC:H/PR:L/UI:R/S:U/C:N/I:N/A:H,GHSA-67pf-62xr-q35m,
,lockfile,tensorflow-cpu,2.10.0,PyPI,GHSA-68v3-g9cm-rmm6,HIGH,"BIT-tensorflow-2023-25658,CVE-2023-25658",CWE-125,CVSS:3.1/AV:N/AC:L/PR:N/UI:N/S:U/C:N/I:N/A:H,GHSA-68v3-g9cm-rmm6,
,lockfile,tensorflow-cpu,2.10.0,PyPI,GHSA-6hg6-5c2q-7rcr,HIGH,"BIT-tensorflow-2023-25664,CVE-2023-25664","CWE-120,CWE-122",CVSS:3.1/AV:N/AC:L/PR:N/UI:N/S:U/C:N/I:N/A:H,GHSA-6hg6-5c2q-7rcr,
,lockfile,tensorflow-cpu,2.10.0,PyPI,GHSA-6wfh-89q8-44jq,HIGH,"BIT-tensorflow-2023-25676,CVE-2023-25676",CWE-476,CVSS:3.1/AV:N/AC:L/PR:N/UI:N/S:U/C:N/I:N/A:H,GHSA-6wfh-89q8-44jq,
,lockfile,tensorflow-cpu,2.10.0,PyPI,GHSA-6x99-gv2v-q76v,MODERATE,"BIT-tensorflow-2022-41888,CVE-2022-41888",CWE-20,CVSS:3.1/AV:N/AC:H/PR:L/UI:R/S:U/C:N/I:N/A:H,GHSA-6x99-gv2v-q76v,
,lockfile,tensorflow-cpu,2.10.0,PyPI,GHSA-7jvm-xxmr-v5cw,HIGH,"BIT-tensorflow-2023-25662,CVE-2023-25662",CWE-190,CVSS:3.1/AV:N/AC:L/PR:N/UI:N/S:U/C:N/I:N/A:H,GHSA-7jvm-xxmr-v5cw,
,lockfile,tensorflow-cpu,2.10.0,PyPI,GHSA-7x4v-9gxg-9hwj,HIGH,"BIT-tensorflow-2023-25675,CVE-2023-25675",CWE-697,CVSS:3.1/AV:N/AC:L/PR:N/UI:N/S:U/C:N/I:N/A:H,GHSA-7x4v-9gxg-9hwj,
,lockfile,tensorflow-cpu,2.10.0,PyPI,GHSA-8fvv-46hw-vpg3,MODERATE,"BIT-tensorflow-2022-41887,CVE-2022-41887",CWE-131,CVSS:3.1/AV:N/AC:H/PR:L/UI:R/S:U/C:N/I:N/A:H,GHSA-8fvv-46hw-vpg3,
,lockfile,tensorflow-cpu,2.10.0,PyPI,GHSA-8w5g-3wcv-9g2j,MODERATE,"BIT-tensorflow-2022-41880,CVE-2022-41880",CWE-125,CVSS:3.1/AV:N/AC:L/PR:L/UI:R/S:U/C:L/I:L/A:H,GHSA-8w5g-3wcv-9g2j,
,lockfile,tensorflow-cpu,2.10.0,PyPI,GHSA-93vr-9q9m-pj8p,HIGH,"BIT-tensorflow-2023-25659,CVE-2023-25659",CWE-125,CVSS:3.1/AV:N/AC:L/PR:N/UI:N/S:U/C:N/I:N/A:H,GHSA-93vr-9q9m-pj8p,
,lockfile,tensorflow-cpu,2.10.0,PyPI,GHSA-94mm-g2mv-8p7r,HIGH,"BIT-tensorflow-2023-25672,CVE-2023-25672",CWE-476,CVSS:3.1/AV:N/AC:L/PR:N/UI:N/S:U/C:N/I:N/A:H,GHSA-94mm-g2mv-8p7r,
,lockfile,tensorflow-cpu,2.10.0,PyPI,GHSA-cg88-rpvp-cjv5,HIGH,"BIT-tensorflow-2022-41902,CVE-2022-41902","CWE-125,CWE-787",CVSS:3.1/AV:N/AC:H/PR:L/UI:R/S:U/C:H/I:H/A:H,GHSA-cg88-rpvp-cjv5,
,lockfile,tensorflow-cpu,2.10.0,PyPI,GHSA-cqvq-fvhr-v6hc,LOW,,,,GHSA-cqvq-fvhr-v6hc,
,lockfile,tensorflow-cpu,2.10.0,PyPI,GHSA-f2w8-jw48-fr7j,MODERATE,"BIT-tensorflow-2022-41897,CVE-2022-41897",CWE-125,CVSS:3.1/AV:N/AC:H/PR:L/UI:R/S:U/C:N/I:N/A:H,GHSA-f2w8-jw48-fr7j,
,lockfile,tensorflow-cpu,2.10.0,PyPI,GHSA-f49c-87jh-g47q,HIGH,"BIT-tensorflow-2023-25801,CVE-2023-25801",CWE-415,CVSS:3.1/AV:L/AC:L/PR:N/UI:N/S:U/C:L/I:H/A:H,GHSA-f49c-87jh-g47q,
,lockfile,tensorflow-cpu,2.10.0,PyPI,GHSA-f637-vh3r-vfh2,HIGH,"BIT-tensorflow-2023-25666,CVE-2023-25666",CWE-697,CVSS:3.1/AV:N/AC:L/PR:N/UI:N/S:U/C:N/I:N/A:H,GHSA-f637-vh3r-vfh2,
,lockfile,tensorflow-cpu,2.10.0,PyPI,GHSA-fqm2-gh8w-gr68,MODERATE,"BIT-tensorflow-2023-25667,CVE-2023-25667",CWE-190,CVSS:3.1/AV:N/AC:L/PR:N/UI:R/S:U/C:N/I:N/A:H,GHSA-fqm2-gh8w-gr68,
,lockfile,tensorflow-cpu,2.10.0,PyPI,GHSA-frqp-wp83-qggv,MODERATE,"BIT-tensorflow-2022-41910,CVE-2022-41910",CWE-125,CVSS:3.1/AV:N/AC:H/PR:L/UI:R/S:U/C:N/I:N/A:H,GHSA-frqp-wp83-qggv,
,lockfile,tensorflow-cpu,2.10.0,PyPI,GHSA-fxgc-95xx-grvq,MODERATE,"BIT-tensorflow-2023-25661,CVE-2023-25661",CWE-20,CVSS:3.1/AV:N/AC:L/PR:L/UI:N/S:U/C:N/I:N/A:H,GHSA-fxgc-95xx-grvq,
,lockfile,tensorflow-cpu,2.10.0,PyPI,GHSA-g9fm-r5mm-rf9f,MODERATE,"BIT-tensorflow-2022-41901,CVE-2022-41901","CWE-20,CWE-617",CVSS:3.1/AV:N/AC:H/PR:L/UI:R/S:U/C:N/I:N/A:H,GHSA-g9fm-r5mm-rf9f,
,lockfile,tensorflow-cpu,2.10.0,PyPI,GHSA-gf97-q72m-7579,HIGH,"BIT-tensorflow-2023-25674,CVE-2023-25674",CWE-476,CVSS:3.1/AV:N/AC:L/PR:N/UI:N/S:U/C:N/I:N/A:H,GHSA-gf97-q72m-7579,
,lockfile,tensorflow-cpu,2.10.0,PyPI,GHSA-gjh7-xx4r-x345,HIGH,"BIT-tensorflow-2023-33976,CVE-2023-33976",CWE-190,CVSS:4.0/AV:N/AC:L/AT:N/PR:N/UI:N/VC:N/VI:N/VA:H/SC:N/SI:N/SA:N,GHSA-gjh7-xx4r-x345,
,lockfile,tensorflow-cpu,2.10.0,PyPI,GHSA-gq2j-cr96-gvqx,MODERATE,"BIT-tensorflow-2022-41895,CVE-2022-41895",CWE-125,CVSS:3.1/AV:N/AC:H/PR:L/UI:R/S:U/C:N/I:N/A:H,GHSA-gq2j-cr96-gvqx,
,lockfile,tensorflow-cpu,2.10.0,PyPI,GHSA-gw97-ff7c-9v96,CRITICAL,"BIT-tensorflow-2023-25668,CVE-2023-25668","CWE-122,CWE-125",CVSS:3.1/AV:N/AC:L/PR:N/UI:N/S:U/C:H/I:H/A:H,GHSA-gw97-ff7c-9v96,
,lockfile,tensorflow-cpu,2.10.0,PyPI,GHSA-h246-cgh4-7475,MODERATE,"BIT-tensorflow-2022-41890,CVE-2022-41890",CWE-704,CVSS:3.1/AV:N/AC:H/PR:L/UI:R/S:U/C:N/I:N/A:H,GHSA-h246-cgh4-7475,
,lockfile,tensorflow-cpu,2.10.0,PyPI,GHSA-hq7g-wwwp-q46h,MODERATE,"BIT-tensorflow-2022-41898,CVE-2022-41898",CWE-20,CVSS:3.1/AV:N/AC:H/PR:L/UI:R/S:U/C:N/I:N/A:H,GHSA-hq7g-wwwp-q46h,
,lockfile,tensorflow-cpu,2.10.0,PyPI,GHSA-j5w9-hmfh-4cr6,HIGH,"BIT-tensorflow-2023-25671,CVE-2023-25671",CWE-787,CVSS:3.1/AV:N/AC:L/PR:N/UI:N/S:U/C:N/I:N/A:H,GHSA-j5w9-hmfh-4cr6,
,lockfile,tensorflow-cpu,2.10.0,PyPI,GHSA-jq6x-99hj-q636,MODERATE,"BIT-tensorflow-2022-41884,CVE-2022-41884",CWE-670,CVSS:3.1/AV:N/AC:H/PR:L/UI:R/S:U/C:N/I:N/A:H,GHSA-jq6x-99hj-q636,
,lockfile,tensorflow-cpu,2.10.0,PyPI,GHSA-mv77-9g28-cwg3,MODERATE,"BIT-tensorflow-2022-41908,CVE-2022-41908",CWE-20,CVSS:3.1/AV:N/AC:H/PR:L/UI:R/S:U/C:N/I:N/A:H,GHSA-mv77-9g28-cwg3,
,lockfile,tensorflow-cpu,2.10.0,PyPI,GHSA-pf36-r9c6-h97j,MODERATE,"BIT-tensorflow-2022-41911,CVE-2022-41911",CWE-704,CVSS:3.1/AV:N/AC:H/PR:L/UI:R/S:U/C:N/I:N/A:H,GHSA-pf36-r9c6-h97j,
,lockfile,tensorflow-cpu,2.10.0,PyPI,GHSA-qjqc-vqcf-5qvj,HIGH,"BIT-tensorflow-2023-25660,CVE-2023-25660",CWE-476,CVSS:3.1/AV:N/AC:L/PR:N/UI:N/S:U/C:N/I:N/A:H,GHSA-qjqc-vqcf-5qvj,
,lockfile,tensorflow-cpu,2.10.0,PyPI,GHSA-rcf8-g8jv-vg6p,HIGH,"BIT-tensorflow-2023-25669,CVE-2023-25669",CWE-697,CVSS:3.1/AV:N/AC:L/PR:N/UI:N/S:U/C:N/I:N/A:H,GHSA-rcf8-g8jv-vg6p,
,lockfile,tensorflow-cpu,2.10.0,PyPI,GHSA-rjx6-v474-2ch9,MODERATE,"BIT-tensorflow-2022-41909,CVE-2022-41909","CWE-20,CWE-476",CVSS:3.1/AV:N/AC:H/PR:L/UI:R/S:U/C:N/I:N/A:H,GHSA-rjx6-v474-2ch9,
,lockfile,tensorflow-cpu,2.10.0,PyPI,GHSA-rmg2-f698-wq35,MODERATE,"BIT-tensorflow-2022-41896,CVE-2022-41896","CWE-1284,CWE-20",CVSS:3.1/AV:N/AC:H/PR:L/UI:R/S:U/C:N/I:N/A:H,GHSA-rmg2-f698-wq35,
,lockfile,tensorflow-cpu,2.10.0,PyPI,GHSA-w58w-79xv-6vcj,MODERATE,"BIT-tensorflow-2022-41883,CVE-2022-41883",CWE-125,CVSS:3.1/AV:N/AC:L/PR:L/UI:R/S:U/C:L/I:L/A:H,GHSA-w58w-79xv-6vcj,
,lockfile,tensorflow-cpu,2.10.0,PyPI,GHSA-xf83-q765-xm6m,LOW,,,,GHSA-xf83-q765-xm6m,
,lockfile,tensorflow-cpu,2.10.0,PyPI,GHSA-xvwp-h6jv-7472,HIGH,"BIT-tensorflow-2022-41900,CVE-2022-41900","CWE-125,CWE-787",CVSS:3.1/AV:N/AC:H/PR:L/UI:R/S:U/C:H/I:H/A:H,GHSA-xvwp-h6jv-7472,
,lockfile,tensorflow-cpu,2.10.0,PyPI,GHSA-xxcj-rhqg-m46g,MODERATE,"BIT-tensorflow-2022-41889,CVE-2022-41889",CWE-476,CVSS:3.1/AV:L/AC:L/PR:L/UI:N/S:U/C:N/I:N/A:H,GHSA-xxcj-rhqg-m46g,
,lockfile,tensorflow-cpu,2.10.1,PyPI,GHSA-49rq-hwc3-x77w,HIGH,"BIT-tensorflow-2023-25670,CVE-2023-25670",CWE-476,CVSS:3.1/AV:N/AC:L/PR:N/UI:N/S:U/C:N/I:N/A:H,GHSA-49rq-hwc3-x77w,
,lockfile,tensorflow-cpu,2.10.1,PyPI,GHSA-558h-mq8x-7q9g,HIGH,"BIT-tensorflow-2023-25665,CVE-2023-25665",CWE-476,CVSS:3.1/AV:N/AC:L/PR:N/UI:N/S:U/C:N/I:N/A:H,GHSA-558h-mq8x-7q9g,
,lockfile,tensorflow-cpu,2.10.1,PyPI,GHSA-5w96-866f-6rm8,HIGH,"BIT-tensorflow-2023-27579,CVE-2023-27579",CWE-697,CVSS:3.1/AV:N/AC:L/PR:N/UI:N/S:U/C:N/I:N/A:H,GHSA-5w96-866f-6rm8,
,lockfile,tensorflow-cpu,2.10.1,PyPI,GHSA-647v-r7qq-24fh,HIGH,"BIT-tensorflow-2023-25673,CVE-2023-25673",CWE-697,CVSS:3.1/AV:N/AC:L/PR:N/UI:N/S:U/C:N/I:N/A:H,GHSA-647v-r7qq-24fh,
,lockfile,tensorflow-cpu,2.10.1,PyPI,GHSA-64jg-wjww-7c5w,HIGH,"BIT-tensorflow-2023-25663,CVE-2023-25663",CWE-476,CVSS:3.1/AV:N/AC:L/PR:N/UI:N/S:U/C:N/I:N/A:H,GHSA-64jg-wjww-7c5w,
,lockfile,tensorflow-cpu,2.10.1,PyPI,GHSA-68v3-g9cm-rmm6,HIGH,"BIT-tensorflow-2023-25658,CVE-2023-25658",CWE-125,CVSS:3.1/AV:N/AC:L/PR:N/UI:N/S:U/C:N/I:N/A:H,GHSA-68v3-g9cm-rmm6,
,lockfile,tensorflow-cpu,2.10.1,PyPI,GHSA-6hg6-5c2q-7rcr,HIGH,"BIT-tensorflow-2023-25664,CVE-2023-25664","CWE-120,CWE-122",CVSS:3.1/AV:N/AC:L/PR:N/UI:N/S:U/C:N/I:N/A:H,GHSA-6hg6-5c2q-7rcr,
,lockfile,tensorflow-cpu,2.10.1,PyPI,GHSA-6wfh-89q8-44jq,HIGH,"BIT-tensorflow-2023-25676,CVE-2023-25676",CWE-476,CVSS:3.1/AV:N/AC:L/PR:N/UI:N/S:U/C:N/I:N/A:H,GHSA-6wfh-89q8-44jq,
,lockfile,tensorflow-cpu,2.10.1,PyPI,GHSA-7jvm-xxmr-v5cw,HIGH,"BIT-tensorflow-2023-25662,CVE-2023-25662",CWE-190,CVSS:3.1/AV:N/AC:L/PR:N/UI:N/S:U/C:N/I:N/A:H,GHSA-7jvm-xxmr-v5cw,
,lockfile,tensorflow-cpu,2.10.1,PyPI,GHSA-7x4v-9gxg-9hwj,HIGH,"BIT-tensorflow-2023-25675,CVE-2023-25675",CWE-697,CVSS:3.1/AV:N/AC:L/PR:N/UI:N/S:U/C:N/I:N/A:H,GHSA-7x4v-9gxg-9hwj,
,lockfile,tensorflow-cpu,2.10.1,PyPI,GHSA-93vr-9q9m-pj8p,HIGH,"BIT-tensorflow-2023-25659,CVE-2023-25659",CWE-125,CVSS:3.1/AV:N/AC:L/PR:N/UI:N/S:U/C:N/I:N/A:H,GHSA-93vr-9q9m-pj8p,
,lockfile,tensorflow-cpu,2.10.1,PyPI,GHSA-94mm-g2mv-8p7r,HIGH,"BIT-tensorflow-2023-25672,CVE-2023-25672",CWE-476,CVSS:3.1/AV:N/AC:L/PR:N/UI:N/S:U/C:N/I:N/A:H,GHSA-94mm-g2mv-8p7r,
,lockfile,tensorflow-cpu,2.10.1,PyPI,GHSA-f49c-87jh-g47q,HIGH,"BIT-tensorflow-2023-25801,CVE-2023-25801",CWE-415,CVSS:3.1/AV:L/AC:L/PR:N/UI:N/S:U/C:L/I:H/A:H,GHSA-f49c-87jh-g47q,
,lockfile,tensorflow-cpu,2.10.1,PyPI,GHSA-f637-vh3r-vfh2,HIGH,"BIT-tensorflow-2023-25666,CVE-2023-25666",CWE-697,CVSS:3.1/AV:N/AC:L/PR:N/UI:N/S:U/C:N/I:N/A:H,GHSA-f637-vh3r-vfh2,
,lockfile,tensorflow-cpu,2.10.1,PyPI,GHSA-fqm2-gh8w-gr68,MODERATE,"BIT-tensorflow-2023-25667,CVE-2023-25667",CWE-190,CVSS:3.1/AV:N/AC:L/PR:N/UI:R/S:U/C:N/I:N/A:H,GHSA-fqm2-gh8w-gr68,
,lockfile,tensorflow-cpu,2.10.1,PyPI,GHSA-fxgc-95xx-grvq,MODERATE,"BIT-tensorflow-2023-25661,CVE-2023-25661",CWE-20,CVSS:3.1/AV:N/AC:L/PR:L/UI:N/S:U/C:N/I:N/A:H,GHSA-fxgc-95xx-grvq,
,lockfile,tensorflow-cpu,2.10.1,PyPI,GHSA-gf97-q72m-7579,HIGH,"BIT-tensorflow-2023-25674,CVE-2023-25674",CWE-476,CVSS:3.1/AV:N/AC:L/PR:N/UI:N/S:U/C:N/I:N/A:H,GHSA-gf97-q72m-7579,
,lockfile,tensorflow-cpu,2.10.1,PyPI,GHSA-gjh7-xx4r-x345,HIGH,"BIT-tensorflow-2023-33976,CVE-2023-33976",CWE-190,CVSS:4.0/AV:N/AC:L/AT:N/PR:N/UI:N/VC:N/VI:N/VA:H/SC:N/SI:N/SA:N,GHSA-gjh7-xx4r-x345,
,lockfile,tensorflow-cpu,2.10.1,PyPI,GHSA-gw97-ff7c-9v96,CRITICAL,"BIT-tensorflow-2023-25668,CVE-2023-25668","CWE-122,CWE-125",CVSS:3.1/AV:N/AC:L/PR:N/UI:N/S:U/C:H/I:H/A:H,GHSA-gw97-ff7c-9v96,
,lockfile,tensorflow-cpu,2.10.1,PyPI,GHSA-j5w9-hmfh-4cr6,HIGH,"BIT-tensorflow-2023-25671,CVE-2023-25671",CWE-787,CVSS:3.1/AV:N/AC:L/PR:N/UI:N/S:U/C:N/I:N/A:H,GHSA-j5w9-hmfh-4cr6,
,lockfile,tensorflow-cpu,2.10.1,PyPI,GHSA-qjqc-vqcf-5qvj,HIGH,"BIT-tensorflow-2023-25660,CVE-2023-25660",CWE-476,CVSS:3.1/AV:N/AC:L/PR:N/UI:N/S:U/C:N/I:N/A:H,GHSA-qjqc-vqcf-5qvj,
,lockfile,tensorflow-cpu,2.10.1,PyPI,GHSA-rcf8-g8jv-vg6p,HIGH,"BIT-tensorflow-2023-25669,CVE-2023-25669",CWE-697,CVSS:3.1/AV:N/AC:L/PR:N/UI:N/S:U/C:N/I:N/A:H,GHSA-rcf8-g8jv-vg6p,
,lockfile,tensorflow-cpu,2.11.0,PyPI,GHSA-49rq-hwc3-x77w,HIGH,"BIT-tensorflow-2023-25670,CVE-2023-25670",CWE-476,CVSS:3.1/AV:N/AC:L/PR:N/UI:N/S:U/C:N/I:N/A:H,GHSA-49rq-hwc3-x77w,
,lockfile,tensorflow-cpu,2.11.0,PyPI,GHSA-558h-mq8x-7q9g,HIGH,"BIT-tensorflow-2023-25665,CVE-2023-25665",CWE-476,CVSS:3.1/AV:N/AC:L/PR:N/UI:N/S:U/C:N/I:N/A:H,GHSA-558h-mq8x-7q9g,
,lockfile,tensorflow-cpu,2.11.0,PyPI,GHSA-5w96-866f-6rm8,HIGH,"BIT-tensorflow-2023-27579,CVE-2023-27579",CWE-697,CVSS:3.1/AV:N/AC:L/PR:N/UI:N/S:U/C:N/I:N/A:H,GHSA-5w96-866f-6rm8,
,lockfile,tensorflow-cpu,2.11.0,PyPI,GHSA-647v-r7qq-24fh,HIGH,"BIT-tensorflow-2023-25673,CVE-2023-25673",CWE-697,CVSS:3.1/AV:N/AC:L/PR:N/UI:N/S:U/C:N/I:N/A:H,GHSA-647v-r7qq-24fh,
,lockfile,tensorflow-cpu,2.11.0,PyPI,GHSA-64jg-wjww-7c5w,HIGH,"BIT-tensorflow-2023-25663,CVE-2023-25663",CWE-476,CVSS:3.1/AV:N/AC:L/PR:N/UI:N/S:U/C:N/I:N/A:H,GHSA-64jg-wjww-7c5w,
,lockfile,tensorflow-cpu,2.11.0,PyPI,GHSA-68v3-g9cm-rmm6,HIGH,"BIT-tensorflow-2023-25658,CVE-2023-25658",CWE-125,CVSS:3.1/AV:N/AC:L/PR:N/UI:N/S:U/C:N/I:N/A:H,GHSA-68v3-g9cm-rmm6,
,lockfile,tensorflow-cpu,2.11.0,PyPI,GHSA-6hg6-5c2q-7rcr,HIGH,"BIT-tensorflow-2023-25664,CVE-2023-25664","CWE-120,CWE-122",CVSS:3.1/AV:N/AC:L/PR:N/UI:N/S:U/C:N/I:N/A:H,GHSA-6hg6-5c2q-7rcr,
,lockfile,tensorflow-cpu,2.11.0,PyPI,GHSA-6wfh-89q8-44jq,HIGH,"BIT-tensorflow-2023-25676,CVE-2023-25676",CWE-476,CVSS:3.1/AV:N/AC:L/PR:N/UI:N/S:U/C:N/I:N/A:H,GHSA-6wfh-89q8-44jq,
,lockfile,tensorflow-cpu,2.11.0,PyPI,GHSA-7jvm-xxmr-v5cw,HIGH,"BIT-tensorflow-2023-25662,CVE-2023-25662",CWE-190,CVSS:3.1/AV:N/AC:L/PR:N/UI:N/S:U/C:N/I:N/A:H,GHSA-7jvm-xxmr-v5cw,
,lockfile,tensorflow-cpu,2.11.0,PyPI,GHSA-7x4v-9gxg-9hwj,HIGH,"BIT-tensorflow-2023-25675,CVE-2023-25675",CWE-697,CVSS:3.1/AV:N/AC:L/PR:N/UI:N/S:U/C:N/I:N/A:H,GHSA-7x4v-9gxg-9hwj,
,lockfile,tensorflow-cpu,2.11.0,PyPI,GHSA-93vr-9q9m-pj8p,HIGH,"BIT-tensorflow-2023-25659,CVE-2023-25659",CWE-125,CVSS:3.1/AV:N/AC:L/PR:N/UI:N/S:U/C:N/I:N/A:H,GHSA-93vr-9q9m-pj8p,
,lockfile,tensorflow-cpu,2.11.0,PyPI,GHSA-94mm-g2mv-8p7r,HIGH,"BIT-tensorflow-2023-25672,CVE-2023-25672",CWE-476,CVSS:3.1/AV:N/AC:L/PR:N/UI:N/S:U/C:N/I:N/A:H,GHSA-94mm-g2mv-8p7r,
,lockfile,tensorflow-cpu,2.11.0,PyPI,GHSA-f49c-87jh-g47q,HIGH,"BIT-tensorflow-2023-25801,CVE-2023-25801",CWE-415,CVSS:3.1/AV:L/AC:L/PR:N/UI:N/S:U/C:L/I:H/A:H,GHSA-f49c-87jh-g47q,
,lockfile,tensorflow-cpu,2.11.0,PyPI,GHSA-f637-vh3r-vfh2,HIGH,"BIT-tensorflow-2023-25666,CVE-2023-25666",CWE-697,CVSS:3.1/AV:N/AC:L/PR:N/UI:N/S:U/C:N/I:N/A:H,GHSA-f637-vh3r-vfh2,
,lockfile,tensorflow-cpu,2.11.0,PyPI,GHSA-fqm2-gh8w-gr68,MODERATE,"BIT-tensorflow-2023-25667,CVE-2023-25667",CWE-190,CVSS:3.1/AV:N/AC:L/PR:N/UI:R/S:U/C:N/I:N/A:H,GHSA-fqm2-gh8w-gr68,
,lockfile,tensorflow-cpu,2.11.0,PyPI,GHSA-fxgc-95xx-grvq,MODERATE,"BIT-tensorflow-2023-25661,CVE-2023-25661",CWE-20,CVSS:3.1/AV:N/AC:L/PR:L/UI:N/S:U/C:N/I:N/A:H,GHSA-fxgc-95xx-grvq,
,lockfile,tensorflow-cpu,2.11.0,PyPI,GHSA-gf97-q72m-7579,HIGH,"BIT-tensorflow-2023-25674,CVE-2023-25674",CWE-476,CVSS:3.1/AV:N/AC:L/PR:N/UI:N/S:U/C:N/I:N/A:H,GHSA-gf97-q72m-7579,
,lockfile,tensorflow-cpu,2.11.0,PyPI,GHSA-gjh7-xx4r-x345,HIGH,"BIT-tensorflow-2023-33976,CVE-2023-33976",CWE-190,CVSS:4.0/AV:N/AC:L/AT:N/PR:N/UI:N/VC:N/VI:N/VA:H/SC:N/SI:N/SA:N,GHSA-gjh7-xx4r-x345,
,lockfile,tensorflow-cpu,2.11.0,PyPI,GHSA-gw97-ff7c-9v96,CRITICAL,"BIT-tensorflow-2023-25668,CVE-2023-25668","CWE-122,CWE-125",CVSS:3.1/AV:N/AC:L/PR:N/UI:N/S:U/C:H/I:H/A:H,GHSA-gw97-ff7c-9v96,
,lockfile,tensorflow-cpu,2.11.0,PyPI,GHSA-j5w9-hmfh-4cr6,HIGH,"BIT-tensorflow-2023-25671,CVE-2023-25671",CWE-787,CVSS:3.1/AV:N/AC:L/PR:N/UI:N/S:U/C:N/I:N/A:H,GHSA-j5w9-hmfh-4cr6,
,lockfile,tensorflow-cpu,2.11.0,PyPI,GHSA-qjqc-vqcf-5qvj,HIGH,"BIT-tensorflow-2023-25660,CVE-2023-25660",CWE-476,CVSS:3.1/AV:N/AC:L/PR:N/UI:N/S:U/C:N/I:N/A:H,GHSA-qjqc-vqcf-5qvj,
,lockfile,tensorflow-cpu,2.11.0,PyPI,GHSA-rcf8-g8jv-vg6p,HIGH,"BIT-tensorflow-2023-25669,CVE-2023-25669",CWE-697,CVSS:3.1/AV:N/AC:L/PR:N/UI:N/S:U/C:N/I:N/A:H,GHSA-rcf8-g8jv-vg6p,
,lockfile,tensorflow-cpu,2.11.1,PyPI,GHSA-gjh7-xx4r-x345,HIGH,"BIT-tensorflow-2023-33976,CVE-2023-33976",CWE-190,CVSS:4.0/AV:N/AC:L/AT:N/PR:N/UI:N/VC:N/VI:N/VA:H/SC:N/SI:N/SA:N,GHSA-gjh7-xx4r-x345,
,lockfile,tensorflow-cpu,2.12.0,PyPI,GHSA-gjh7-xx4r-x345,HIGH,"BIT-tensorflow-2023-33976,CVE-2023-33976",CWE-190,CVSS:4.0/AV:N/AC:L/AT:N/PR:N/UI:N/VC:N/VI:N/VA:H/SC:N/SI:N/SA:N,GHSA-gjh7-xx4r-x345,
,lockfile,tensorflow-cpu,2.3.4,PyPI,GHSA-23hm-7w47-xw72,HIGH,"BIT-tensorflow-2022-21726,CVE-2022-21726,PYSEC-2022-105,PYSEC-2022-50",CWE-125,CVSS:4.0/AV:N/AC:L/AT:N/PR:L/UI:N/VC:H/VI:N/VA:H/SC:N/SI:N/SA:N,"PYSEC-2022-50,GHSA-23hm-7w47-xw72",
,lockfile,tensorflow-cpu,2.3.4,PyPI,GHSA-2475-53vw-vp25,MODERATE,"BIT-tensorflow-2022-35968,CVE-2022-35968",CWE-617,CVSS:3.1/AV:N/AC:H/PR:N/UI:N/S:U/C:N/I:N/A:H,GHSA-2475-53vw-vp25,
,lockfile,tensorflow-cpu,2.3.4,PyPI,GHSA-247x-2f9f-5wp7,HIGH,"BIT-tensorflow-2022-23591,CVE-2022-23591,PYSEC-2022-100,PYSEC-2022-155","CWE-400,CWE-674",CVSS:4.0/AV:N/AC:L/AT:N/PR:L/UI:N/VC:N/VI:N/VA:H/SC:N/SI:N/SA:N,"PYSEC-2022-100,GHSA-247x-2f9f-5wp7",
,lockfile,tensorflow-cpu,2.3.4,PyPI,GHSA-24x4-6qmh-88qg,HIGH,"BIT-tensorflow-2022-23584,CVE-2022-23584,PYSEC-2022-148,PYSEC-2022-93",CWE-416,CVSS:3.1/AV:N/AC:L/PR:L/UI:N/S:U/C:L/I:L/A:H,"PYSEC-2022-93,GHSA-24x4-6qmh-88qg",
,lockfile,tensorflow-cpu,2.3.4,PyPI,GHSA-27rc-728f-x5w2,MODERATE,"BIT-tensorflow-2022-41899,CVE-2022-41899","CWE-20,CWE-617",CVSS:3.1/AV:N/AC:H/PR:L/UI:R/S:U/C:N/I:N/A:H,GHSA-27rc-728f-x5w2,
,lockfile,tensorflow-cpu,2.3.4,PyPI,GHSA-2p25-55c9-h58q,MODERATE,"BIT-tensorflow-2021-41198,CVE-2021-41198,PYSEC-2021-391,PYSEC-2021-608,PYSEC-2021-806",CWE-190,CVSS:4.0/AV:L/AC:L/AT:N/PR:L/UI:N/VC:N/VI:N/VA:H/SC:N/SI:N/SA:N,"PYSEC-2021-608,GHSA-2p25-55c9-h58q",
,lockfile,tensorflow-cpu,2.3.4,PyPI,GHSA-2p9q-h29j-3f5v,MODERATE,"BIT-tensorflow-2022-29193,CVE-2022-29193",CWE-20,CVSS:3.1/AV:L/AC:L/PR:L/UI:N/S:U/C:N/I:N/A:H,GHSA-2p9q-h29j-3f5v,
,lockfile,tensorflow-cpu,2.3.4,PyPI,GHSA-2r2f-g8mw-9gvr,HIGH,"BIT-tensorflow-2022-29208,CVE-2022-29208",CWE-787,CVSS:3.1/AV:L/AC:L/PR:L/UI:N/S:U/C:N/I:H/A:H,GHSA-2r2f-g8mw-9gvr,
,lockfile,tensorflow-cpu,2.3.4,PyPI,GHSA-2vv3-56qg-g2cf,MODERATE,"BIT-tensorflow-2022-29200,CVE-2022-29200","CWE-1284,CWE-20",CVSS:3.1/AV:L/AC:L/PR:L/UI:N/S:U/C:N/I:N/A:H,GHSA-2vv3-56qg-g2cf,
,lockfile,tensorflow-cpu,2.3.4,PyPI,GHSA-34f9-hjfq-rr8j,HIGH,"BIT-tensorflow-2022-21729,CVE-2022-21729,PYSEC-2022-108,PYSEC-2022-53",CWE-190,CVSS:4.0/AV:N/AC:L/AT:N/PR:L/UI:N/VC:N/VI:N/VA:H/SC:N/SI:N/SA:N,"PYSEC-2022-53,GHSA-34f9-hjfq-rr8j",
,lockfile,tensorflow-cpu,2.3.4,PyPI,GHSA-368v-7v32-52fx,MODERATE,"BIT-tensorflow-2022-41907,CVE-2022-41907",CWE-131,CVSS:3.1/AV:N/AC:H/PR:L/UI:R/S:U/C:N/I:N/A:H,GHSA-368v-7v32-52fx,
,lockfile,tensorflow-cpu,2.3.4,PyPI,GHSA-374m-jm66-3vj8,MODERATE,"BIT-tensorflow-2021-41226,CVE-2021-41226,PYSEC-2021-418,PYSEC-2021-635,PYSEC-2021-833",CWE-125,CVSS:4.0/AV:L/AC:L/AT:N/PR:L/UI:N/VC:H/VI:N/VA:H/SC:N/SI:N/SA:N,"PYSEC-2021-635,GHSA-374m-jm66-3vj8",
,lockfile,tensorflow-cpu,2.3.4,PyPI,GHSA-37jf-mjv6-xfqw,MODERATE,"BIT-tensorflow-2022-35999,CVE-2022-35999",CWE-617,CVSS:3.1/AV:N/AC:H/PR:N/UI:N/S:U/C:N/I:N/A:H,GHSA-37jf-mjv6-xfqw,
,lockfile,tensorflow-cpu,2.3.4,PyPI,GHSA-397c-5g2j-qxpv,MODERATE,"BIT-tensorflow-2022-35982,CVE-2022-35982",CWE-20,CVSS:3.1/AV:N/AC:H/PR:N/UI:N/S:U/C:N/I:N/A:H,GHSA-397c-5g2j-qxpv,
,lockfile,tensorflow-cpu,2.3.4,PyPI,GHSA-3ff2-r28g-w7h9,MODERATE,"BIT-tensorflow-2021-41216,CVE-2021-41216,PYSEC-2021-408,PYSEC-2021-625,PYSEC-2021-823","CWE-120,CWE-787",CVSS:3.1/AV:L/AC:L/PR:L/UI:N/S:U/C:N/I:N/A:H,"PYSEC-2021-625,GHSA-3ff2-r28g-w7h9",
,lockfile,tensorflow-cpu,2.3.4,PyPI,GHSA-3mw4-6rj6-74g5,HIGH,"BIT-tensorflow-2022-21739,CVE-2022-21739,PYSEC-2022-118,PYSEC-2022-63",CWE-476,CVSS:4.0/AV:N/AC:L/AT:N/PR:L/UI:N/VC:N/VI:N/VA:H/SC:N/SI:N/SA:N,"PYSEC-2022-63,GHSA-3mw4-6rj6-74g5",
,lockfile,tensorflow-cpu,2.3.4,PyPI,GHSA-3rcw-9p9x-582v,MODERATE,"BIT-tensorflow-2021-41228,CVE-2021-41228,PYSEC-2021-420,PYSEC-2021-637,PYSEC-2021-835","CWE-78,CWE-94",CVSS:4.0/AV:L/AC:L/AT:P/PR:H/UI:N/VC:N/VI:N/VA:N/SC:H/SI:H/SA:H,"PYSEC-2021-637,GHSA-3rcw-9p9x-582v",
,lockfile,tensorflow-cpu,2.3.4,PyPI,GHSA-428x-9xc2-m8mj,HIGH,"BIT-tensorflow-2022-21741,CVE-2022-21741,PYSEC-2022-120,PYSEC-2022-65",CWE-369,CVSS:4.0/AV:N/AC:L/AT:N/PR:L/UI:N/VC:N/VI:N/VA:H/SC:N/SI:N/SA:N,"PYSEC-2022-65,GHSA-428x-9xc2-m8mj",
,lockfile,tensorflow-cpu,2.3.4,PyPI,GHSA-43jf-985q-588j,MODERATE,"BIT-tensorflow-2022-23586,CVE-2022-23586,PYSEC-2022-150,PYSEC-2022-95",CWE-617,CVSS:3.1/AV:N/AC:L/PR:L/UI:N/S:U/C:N/I:N/A:H,"PYSEC-2022-95,GHSA-43jf-985q-588j",
,lockfile,tensorflow-cpu,2.3.4,PyPI,GHSA-43q8-3fv7-pr5x,HIGH,,CWE-354,CVSS:3.1/AV:L/AC:H/PR:L/UI:N/S:U/C:H/I:H/A:H,GHSA-43q8-3fv7-pr5x,
,lockfile,tensorflow-cpu,2.3.4,PyPI,GHSA-44qp-9wwf-734r,HIGH,"BIT-tensorflow-2022-21740,CVE-2022-21740,PYSEC-2022-119,PYSEC-2022-64","CWE-120,CWE-787",CVSS:4.0/AV:N/AC:L/AT:N/PR:L/UI:N/VC:L/VI:L/VA:H/SC:N/SI:N/SA:N,"PYSEC-2022-64,GHSA-44qp-9wwf-734r",
,lockfile,tensorflow-cpu,2.3.4,PyPI,GHSA-49rq-hwc3-x77w,HIGH,"BIT-tensorflow-2023-25670,CVE-2023-25670",CWE-476,CVSS:3.1/AV:N/AC:L/PR:N/UI:N/S:U/C:N/I:N/A:H,GHSA-49rq-hwc3-x77w,
,lockfile,tensorflow-cpu,2.3.4,PyPI,GHSA-49rx-x2rw-pc6f,MODERATE,"BIT-tensorflow-2021-41205,CVE-2021-41205,PYSEC-2021-398,PYSEC-2021-615,PYSEC-2021-813",CWE-125,CVSS:4.0/AV:L/AC:L/AT:N/PR:L/UI:N/VC:H/VI:N/VA:H/SC:N/SI:N/SA:N,"PYSEC-2021-615,GHSA-49rx-x2rw-pc6f",
,lockfile,tensorflow-cpu,2.3.4,PyPI,GHSA-4f99-p9c2-3j8x,HIGH,"BIT-tensorflow-2021-41219,CVE-2021-41219,PYSEC-2021-411,PYSEC-2021-628,PYSEC-2021-826","CWE-125,CWE-824",CVSS:3.1/AV:L/AC:L/PR:L/UI:N/S:U/C:H/I:H/A:H,"PYSEC-2021-628,GHSA-4f99-p9c2-3j8x",
,lockfile,tensorflow-cpu,2.3.4,PyPI,GHSA-4hvf-hxvg-f67v,HIGH,"BIT-tensorflow-2022-23560,CVE-2022-23560,PYSEC-2022-124,PYSEC-2022-69","CWE-125,CWE-787",CVSS:4.0/AV:N/AC:L/AT:N/PR:L/UI:N/VC:H/VI:H/VA:H/SC:N/SI:N/SA:N,"PYSEC-2022-69,GHSA-4hvf-hxvg-f67v",
,lockfile,tensorflow-cpu,2.3.4,PyPI,GHSA-4j82-5ccr-4r8v,MODERATE,"BIT-tensorflow-2022-23582,CVE-2022-23582,PYSEC-2022-146,PYSEC-2022-91",CWE-617,CVSS:3.1/AV:N/AC:L/PR:L/UI:N/S:U/C:N/I:N/A:H,"PYSEC-2022-91,GHSA-4j82-5ccr-4r8v",
,lockfile,tensorflow-cpu,2.3.4,PyPI,GHSA-4pc4-m9mj-v2r9,MODERATE,"BIT-tensorflow-2022-35972,CVE-2022-35972",CWE-20,CVSS:3.1/AV:N/AC:H/PR:N/UI:N/S:U/C:N/I:N/A:H,GHSA-4pc4-m9mj-v2r9,
,lockfile,tensorflow-cpu,2.3.4,PyPI,GHSA-4v5p-v5h9-6xjx,HIGH,"BIT-tensorflow-2022-23565,CVE-2022-23565,PYSEC-2022-129,PYSEC-2022-74",CWE-617,CVSS:4.0/AV:N/AC:L/AT:N/PR:L/UI:N/VC:N/VI:N/VA:H/SC:N/SI:N/SA:N,"PYSEC-2022-74,GHSA-4v5p-v5h9-6xjx",
,lockfile,tensorflow-cpu,2.3.4,PyPI,GHSA-4w68-4x85-mjj9,MODERATE,"BIT-tensorflow-2022-35966,CVE-2022-35966",CWE-20,CVSS:3.1/AV:N/AC:H/PR:N/UI:N/S:U/C:N/I:N/A:H,GHSA-4w68-4x85-mjj9,
,lockfile,tensorflow-cpu,2.3.4,PyPI,GHSA-54ch-gjq5-4976,MODERATE,"BIT-tensorflow-2022-29205,CVE-2022-29205","CWE-476,CWE-908",CVSS:3.1/AV:L/AC:L/PR:L/UI:N/S:U/C:N/I:N/A:H,GHSA-54ch-gjq5-4976,
,lockfile,tensorflow-cpu,2.3.4,PyPI,GHSA-54pp-c6pp-7fpx,MODERATE,"BIT-tensorflow-2022-41886,CVE-2022-41886",CWE-131,CVSS:3.1/AV:N/AC:H/PR:L/UI:R/S:U/C:N/I:N/A:H,GHSA-54pp-c6pp-7fpx,
,lockfile,tensorflow-cpu,2.3.4,PyPI,GHSA-558h-mq8x-7q9g,HIGH,"BIT-tensorflow-2023-25665,CVE-2023-25665",CWE-476,CVSS:3.1/AV:N/AC:L/PR:N/UI:N/S:U/C:N/I:N/A:H,GHSA-558h-mq8x-7q9g,
,lockfile,tensorflow-cpu,2.3.4,PyPI,GHSA-57wx-m983-2f88,CRITICAL,"BIT-tensorflow-2021-41208,CVE-2021-41208,PYSEC-2021-400,PYSEC-2021-617,PYSEC-2021-815","CWE-476,CWE-824",CVSS:3.1/AV:L/AC:L/PR:N/UI:N/S:C/C:H/I:H/A:H,"PYSEC-2021-617,GHSA-57wx-m983-2f88",
,lockfile,tensorflow-cpu,2.3.4,PyPI,GHSA-5889-7v45-q28m,MODERATE,"BIT-tensorflow-2022-29213,CVE-2022-29213","CWE-20,CWE-617",CVSS:3.1/AV:L/AC:L/PR:L/UI:N/S:U/C:N/I:N/A:H,GHSA-5889-7v45-q28m,
,lockfile,tensorflow-cpu,2.3.4,PyPI,GHSA-5crj-c72x-m7gq,MODERATE,"BIT-tensorflow-2021-41217,CVE-2021-41217,PYSEC-2021-409,PYSEC-2021-626,PYSEC-2021-824",CWE-476,CVSS:3.1/AV:L/AC:L/PR:L/UI:N/S:U/C:N/I:N/A:H,"PYSEC-2021-626,GHSA-5crj-c72x-m7gq",
,lockfile,tensorflow-cpu,2.3.4,PyPI,GHSA-5f2r-qp73-37mr,MODERATE,"BIT-tensorflow-2022-23579,CVE-2022-23579,PYSEC-2022-143,PYSEC-2022-88",CWE-617,CVSS:3.1/AV:N/AC:L/PR:L/UI:N/S:U/C:N/I:N/A:H,"PYSEC-2022-88,GHSA-5f2r-qp73-37mr",
,lockfile,tensorflow-cpu,2.3.4,PyPI,GHSA-5hx2-qx8j-qjqm,MODERATE,"BIT-tensorflow-2021-41199,CVE-2021-41199,PYSEC-2021-392,PYSEC-2021-609,PYSEC-2021-807",CWE-190,CVSS:3.1/AV:L/AC:L/PR:L/UI:N/S:U/C:N/I:N/A:H,"PYSEC-2021-609,GHSA-5hx2-qx8j-qjqm",
,lockfile,tensorflow-cpu,2.3.4,PyPI,GHSA-5qw5-89mw-wcg2,HIGH,"BIT-tensorflow-2022-23566,CVE-2022-23566,PYSEC-2022-130,PYSEC-2022-75",CWE-787,CVSS:4.0/AV:N/AC:L/AT:N/PR:L/UI:N/VC:H/VI:H/VA:H/SC:N/SI:N/SA:N,"PYSEC-2022-75,GHSA-5qw5-89mw-wcg2",
,lockfile,tensorflow-cpu,2.3.4,PyPI,GHSA-5v77-j66x-4c4g,MODERATE,"BIT-tensorflow-2022-29196,CVE-2022-29196","CWE-1284,CWE-20",CVSS:3.1/AV:L/AC:L/PR:L/UI:N/S:U/C:N/I:N/A:H,GHSA-5v77-j66x-4c4g,
,lockfile,tensorflow-cpu,2.3.4,PyPI,GHSA-5w96-866f-6rm8,HIGH,"BIT-tensorflow-2023-27579,CVE-2023-27579",CWE-697,CVSS:3.1/AV:N/AC:L/PR:N/UI:N/S:U/C:N/I:N/A:H,GHSA-5w96-866f-6rm8,
,lockfile,tensorflow-cpu,2.3.4,PyPI,GHSA-5wpj-c6f7-24x8,MODERATE,"BIT-tensorflow-2022-29207,CVE-2022-29207","CWE-20,CWE-475",CVSS:3.1/AV:L/AC:L/PR:L/UI:N/S:U/C:N/I:N/A:H,GHSA-5wpj-c6f7-24x8,
,lockfile,tensorflow-cpu,2.3.4,PyPI,GHSA-627q-g293-49q7,MODERATE,"BIT-tensorflow-2022-23580,CVE-2022-23580,PYSEC-2022-144,PYSEC-2022-89","CWE-1284,CWE-400",CVSS:3.1/AV:N/AC:L/PR:L/UI:N/S:U/C:N/I:N/A:H,"PYSEC-2022-89,GHSA-627q-g293-49q7",
,lockfile,tensorflow-cpu,2.3.4,PyPI,GHSA-6445-fm66-fvq2,HIGH,"BIT-tensorflow-2022-23568,CVE-2022-23568,PYSEC-2022-132,PYSEC-2022-77",CWE-190,CVSS:4.0/AV:N/AC:L/AT:N/PR:L/UI:N/VC:N/VI:N/VA:H/SC:N/SI:N/SA:N,"PYSEC-2022-77,GHSA-6445-fm66-fvq2",
,lockfile,tensorflow-cpu,2.3.4,PyPI,GHSA-647v-r7qq-24fh,HIGH,"BIT-tensorflow-2023-25673,CVE-2023-25673",CWE-697,CVSS:3.1/AV:N/AC:L/PR:N/UI:N/S:U/C:N/I:N/A:H,GHSA-647v-r7qq-24fh,
,lockfile,tensorflow-cpu,2.3.4,PyPI,GHSA-64jg-wjww-7c5w,HIGH,"BIT-tensorflow-2023-25663,CVE-2023-25663",CWE-476,CVSS:3.1/AV:N/AC:L/PR:N/UI:N/S:U/C:N/I:N/A:H,GHSA-64jg-wjww-7c5w,
,lockfile,tensorflow-cpu,2.3.4,PyPI,GHSA-66vq-54fq-6jvv,MODERATE,"BIT-tensorflow-2022-41891,CVE-2022-41891",CWE-20,CVSS:3.1/AV:N/AC:H/PR:L/UI:R/S:U/C:N/I:N/A:H,GHSA-66vq-54fq-6jvv,
,lockfile,tensorflow-cpu,2.3.4,PyPI,GHSA-67pf-62xr-q35m,MODERATE,"BIT-tensorflow-2022-41893,CVE-2022-41893",CWE-617,CVSS:3.1/AV:N/AC:H/PR:L/UI:R/S:U/C:N/I:N/A:H,GHSA-67pf-62xr-q35m,
,lockfile,tensorflow-cpu,2.3.4,PyPI,GHSA-689c-r7h2-fv9v,MODERATE,"BIT-tensorflow-2022-35973,CVE-2022-35973",CWE-20,CVSS:3.1/AV:N/AC:H/PR:N/UI:N/S:U/C:N/I:N/A:H,GHSA-689c-r7h2-fv9v,
,lockfile,tensorflow-cpu,2.3.4,PyPI,GHSA-68v3-g9cm-rmm6,HIGH,"BIT-tensorflow-2023-25658,CVE-2023-25658",CWE-125,CVSS:3.1/AV:N/AC:L/PR:N/UI:N/S:U/C:N/I:N/A:H,GHSA-68v3-g9cm-rmm6,
,lockfile,tensorflow-cpu,2.3.4,PyPI,GHSA-6gmv-pjp9-p8w8,HIGH,"BIT-tensorflow-2022-21728,CVE-2022-21728,PYSEC-2022-107,PYSEC-2022-52",CWE-125,CVSS:4.0/AV:N/AC:L/AT:N/PR:L/UI:N/VC:H/VI:N/VA:H/SC:N/SI:N/SA:N,"PYSEC-2022-52,GHSA-6gmv-pjp9-p8w8",
,lockfile,tensorflow-cpu,2.3.4,PyPI,GHSA-6hg6-5c2q-7rcr,HIGH,"BIT-tensorflow-2023-25664,CVE-2023-25664","CWE-120,CWE-122",CVSS:3.1/AV:N/AC:L/PR:N/UI:N/S:U/C:N/I:N/A:H,GHSA-6hg6-5c2q-7rcr,
,lockfile,tensorflow-cpu,2.3.4,PyPI,GHSA-6hpv-v2rx-c5g6,MODERATE,"BIT-tensorflow-2021-41209,CVE-2021-41209,PYSEC-2021-401,PYSEC-2021-618,PYSEC-2021-816",CWE-369,CVSS:3.1/AV:L/AC:L/PR:L/UI:N/S:U/C:N/I:N/A:H,"PYSEC-2021-618,GHSA-6hpv-v2rx-c5g6",
,lockfile,tensorflow-cpu,2.3.4,PyPI,GHSA-6wfh-89q8-44jq,HIGH,"BIT-tensorflow-2023-25676,CVE-2023-25676",CWE-476,CVSS:3.1/AV:N/AC:L/PR:N/UI:N/S:U/C:N/I:N/A:H,GHSA-6wfh-89q8-44jq,
,lockfile,tensorflow-cpu,2.3.4,PyPI,GHSA-6x99-gv2v-q76v,MODERATE,"BIT-tensorflow-2022-41888,CVE-2022-41888",CWE-20,CVSS:3.1/AV:N/AC:H/PR:L/UI:R/S:U/C:N/I:N/A:H,GHSA-6x99-gv2v-q76v,
,lockfile,tensorflow-cpu,2.3.4,PyPI,GHSA-75c9-jrh4-79mc,HIGH,"BIT-tensorflow-2022-29216,CVE-2022-29216",CWE-94,CVSS:3.1/AV:L/AC:L/PR:L/UI:N/S:U/C:H/I:H/A:H,GHSA-75c9-jrh4-79mc,
,lockfile,tensorflow-cpu,2.3.4,PyPI,GHSA-762h-vpvw-3rcx,MODERATE,"BIT-tensorflow-2022-41885,CVE-2022-41885",CWE-131,CVSS:3.1/AV:N/AC:H/PR:L/UI:R/S:U/C:N/I:N/A:H,GHSA-762h-vpvw-3rcx,
,lockfile,tensorflow-cpu,2.3.4,PyPI,GHSA-77gp-3h4r-6428,HIGH,"BIT-tensorflow-2022-23574,CVE-2022-23574,PYSEC-2022-138,PYSEC-2022-83","CWE-125,CWE-787",CVSS:4.0/AV:N/AC:L/AT:N/PR:L/UI:N/VC:H/VI:H/VA:H/SC:N/SI:N/SA:N,"PYSEC-2022-83,GHSA-77gp-3h4r-6428",
,lockfile,tensorflow-cpu,2.3.4,PyPI,GHSA-786j-5qwq-r36x,MODERATE,"BIT-tensorflow-2021-41204,CVE-2021-41204,PYSEC-2021-397,PYSEC-2021-614,PYSEC-2021-812",CWE-824,CVSS:4.0/AV:L/AC:L/AT:N/PR:L/UI:N/VC:N/VI:N/VA:H/SC:N/SI:N/SA:N,"PYSEC-2021-614,GHSA-786j-5qwq-r36x",
,lockfile,tensorflow-cpu,2.3.4,PyPI,GHSA-79h2-q768-fpxr,MODERATE,"BIT-tensorflow-2022-36027,CVE-2022-36027",CWE-20,CVSS:3.1/AV:N/AC:H/PR:N/UI:N/S:U/C:N/I:N/A:H,GHSA-79h2-q768-fpxr,
,lockfile,tensorflow-cpu,2.3.4,PyPI,GHSA-7j3m-8g3c-9qqq,MODERATE,"BIT-tensorflow-2022-36014,CVE-2022-36014",CWE-476,CVSS:3.1/AV:N/AC:H/PR:N/UI:N/S:U/C:N/I:N/A:H,GHSA-7j3m-8g3c-9qqq,
,lockfile,tensorflow-cpu,2.3.4,PyPI,GHSA-7jvm-xxmr-v5cw,HIGH,"BIT-tensorflow-2023-25662,CVE-2023-25662",CWE-190,CVSS:3.1/AV:N/AC:L/PR:N/UI:N/S:U/C:N/I:N/A:H,GHSA-7jvm-xxmr-v5cw,
,lockfile,tensorflow-cpu,2.3.4,PyPI,GHSA-7pxj-m4jf-r6h2,HIGH,"BIT-tensorflow-2021-41203,CVE-2021-41203,PYSEC-2021-396,PYSEC-2021-613,PYSEC-2021-811","CWE-190,CWE-345",CVSS:4.0/AV:L/AC:L/AT:N/PR:L/UI:N/VC:H/VI:H/VA:H/SC:N/SI:N/SA:N,"PYSEC-2021-613,GHSA-7pxj-m4jf-r6h2",
,lockfile,tensorflow-cpu,2.3.4,PyPI,GHSA-7r94-xv9v-63jw,MODERATE,"BIT-tensorflow-2021-41225,CVE-2021-41225,PYSEC-2021-417,PYSEC-2021-634,PYSEC-2021-832",CWE-908,CVSS:4.0/AV:L/AC:L/AT:N/PR:L/UI:N/VC:N/VI:N/VA:H/SC:N/SI:N/SA:N,"PYSEC-2021-634,GHSA-7r94-xv9v-63jw",
,lockfile,tensorflow-cpu,2.3.4,PyPI,GHSA-7v94-64hj-m82h,MODERATE,"BIT-tensorflow-2021-41207,CVE-2021-41207,PYSEC-2021-399,PYSEC-2021-616,PYSEC-2021-814",CWE-369,CVSS:4.0/AV:L/AC:L/AT:N/PR:L/UI:N/VC:N/VI:N/VA:H/SC:N/SI:N/SA:N,"PYSEC-2021-616,GHSA-7v94-64hj-m82h",
,lockfile,tensorflow-cpu,2.3.4,PyPI,GHSA-7x4v-9gxg-9hwj,HIGH,"BIT-tensorflow-2023-25675,CVE-2023-25675",CWE-697,CVSS:3.1/AV:N/AC:L/PR:N/UI:N/S:U/C:N/I:N/A:H,GHSA-7x4v-9gxg-9hwj,
,lockfile,tensorflow-cpu,2.3.4,PyPI,GHSA-828c-5j5q-vrjq,MODERATE,"BIT-tensorflow-2022-36013,CVE-2022-36013",CWE-476,CVSS:3.1/AV:N/AC:H/PR:N/UI:N/S:U/C:N/I:N/A:H,GHSA-828c-5j5q-vrjq,
,lockfile,tensorflow-cpu,2.3.4,PyPI,GHSA-84jm-4cf3-9jfm,MODERATE,"BIT-tensorflow-2022-35963,CVE-2022-35963",CWE-617,CVSS:3.1/AV:N/AC:H/PR:N/UI:N/S:U/C:N/I:N/A:H,GHSA-84jm-4cf3-9jfm,
,lockfile,tensorflow-cpu,2.3.4,PyPI,GHSA-87v6-crgm-2gfj,HIGH,"BIT-tensorflow-2022-21735,CVE-2022-21735,PYSEC-2022-114,PYSEC-2022-59",CWE-369,CVSS:4.0/AV:N/AC:L/AT:N/PR:L/UI:N/VC:N/VI:N/VA:H/SC:N/SI:N/SA:N,"PYSEC-2022-59,GHSA-87v6-crgm-2gfj",
,lockfile,tensorflow-cpu,2.3.4,PyPI,GHSA-8cxv-76p7-jxwr,HIGH,"BIT-tensorflow-2022-23577,CVE-2022-23577,PYSEC-2022-141,PYSEC-2022-86",CWE-476,CVSS:4.0/AV:N/AC:L/AT:N/PR:L/UI:N/VC:N/VI:N/VA:H/SC:N/SI:N/SA:N,"PYSEC-2022-86,GHSA-8cxv-76p7-jxwr",
,lockfile,tensorflow-cpu,2.3.4,PyPI,GHSA-8fvv-46hw-vpg3,MODERATE,"BIT-tensorflow-2022-41887,CVE-2022-41887",CWE-131,CVSS:3.1/AV:N/AC:H/PR:L/UI:R/S:U/C:N/I:N/A:H,GHSA-8fvv-46hw-vpg3,
,lockfile,tensorflow-cpu,2.3.4,PyPI,GHSA-8jj7-5vxc-pg2q,HIGH,"BIT-tensorflow-2022-23587,CVE-2022-23587,PYSEC-2022-151,PYSEC-2022-96",CWE-190,CVSS:3.1/AV:N/AC:L/PR:L/UI:N/S:U/C:H/I:H/A:H,"PYSEC-2022-96,GHSA-8jj7-5vxc-pg2q",
,lockfile,tensorflow-cpu,2.3.4,PyPI,GHSA-8r7c-3cm2-3h8f,MODERATE,"BIT-tensorflow-2022-23578,CVE-2022-23578,PYSEC-2022-142,PYSEC-2022-87",CWE-401,CVSS:4.0/AV:N/AC:L/AT:N/PR:L/UI:N/VC:N/VI:N/VA:L/SC:N/SI:N/SA:N,"PYSEC-2022-87,GHSA-8r7c-3cm2-3h8f",
,lockfile,tensorflow-cpu,2.3.4,PyPI,GHSA-8rcj-c8pj-v3m3,HIGH,"BIT-tensorflow-2022-23564,CVE-2022-23564,PYSEC-2022-128,PYSEC-2022-73",CWE-617,CVSS:4.0/AV:N/AC:L/AT:N/PR:L/UI:N/VC:N/VI:N/VA:H/SC:N/SI:N/SA:N,"PYSEC-2022-73,GHSA-8rcj-c8pj-v3m3",
,lockfile,tensorflow-cpu,2.3.4,PyPI,GHSA-8w5g-3wcv-9g2j,MODERATE,"BIT-tensorflow-2022-41880,CVE-2022-41880",CWE-125,CVSS:3.1/AV:N/AC:L/PR:L/UI:R/S:U/C:L/I:L/A:H,GHSA-8w5g-3wcv-9g2j,
,lockfile,tensorflow-cpu,2.3.4,PyPI,GHSA-8wwm-6264-x792,MODERATE,"BIT-tensorflow-2022-29212,CVE-2022-29212",CWE-20,CVSS:3.1/AV:L/AC:L/PR:L/UI:N/S:U/C:N/I:N/A:H,GHSA-8wwm-6264-x792,
,lockfile,tensorflow-cpu,2.3.4,PyPI,GHSA-93vr-9q9m-pj8p,HIGH,"BIT-tensorflow-2023-25659,CVE-2023-25659",CWE-125,CVSS:3.1/AV:N/AC:L/PR:N/UI:N/S:U/C:N/I:N/A:H,GHSA-93vr-9q9m-pj8p,
,lockfile,tensorflow-cpu,2.3.4,PyPI,GHSA-94mm-g2mv-8p7r,HIGH,"BIT-tensorflow-2023-25672,CVE-2023-25672",CWE-476,CVSS:3.1/AV:N/AC:L/PR:N/UI:N/S:U/C:N/I:N/A:H,GHSA-94mm-g2mv-8p7r,
,lockfile,tensorflow-cpu,2.3.4,PyPI,GHSA-97p7-w86h-vcf9,MODERATE,"BIT-tensorflow-2022-35935,CVE-2022-35935",CWE-617,CVSS:3.1/AV:N/AC:H/PR:N/UI:N/S:U/C:N/I:N/A:H,GHSA-97p7-w86h-vcf9,
,lockfile,tensorflow-cpu,2.3.4,PyPI,GHSA-98j8-c9q4-r38g,MODERATE,"BIT-tensorflow-2022-21733,CVE-2022-21733,PYSEC-2022-112,PYSEC-2022-57","CWE-190,CWE-400",CVSS:4.0/AV:N/AC:L/AT:N/PR:L/UI:N/VC:N/VI:N/VA:L/SC:N/SI:N/SA:N,"PYSEC-2022-57,GHSA-98j8-c9q4-r38g",
,lockfile,tensorflow-cpu,2.3.4,PyPI,GHSA-98p5-x8x4-c9m5,HIGH,"BIT-tensorflow-2022-23559,CVE-2022-23559,PYSEC-2022-123,PYSEC-2022-68",CWE-190,CVSS:4.0/AV:N/AC:L/AT:N/PR:L/UI:N/VC:H/VI:H/VA:H/SC:N/SI:N/SA:N,"PYSEC-2022-68,GHSA-98p5-x8x4-c9m5",
,lockfile,tensorflow-cpu,2.3.4,PyPI,GHSA-9942-r22v-78cp,MODERATE,"BIT-tensorflow-2022-35985,CVE-2022-35985",CWE-617,CVSS:3.1/AV:N/AC:H/PR:N/UI:N/S:U/C:N/I:N/A:H,GHSA-9942-r22v-78cp,
,lockfile,tensorflow-cpu,2.3.4,PyPI,GHSA-9c78-vcq7-7vxq,HIGH,"BIT-tensorflow-2022-23561,CVE-2022-23561,PYSEC-2022-125,PYSEC-2022-70",CWE-787,CVSS:4.0/AV:N/AC:L/AT:N/PR:L/UI:N/VC:H/VI:H/VA:H/SC:N/SI:N/SA:N,"PYSEC-2022-70,GHSA-9c78-vcq7-7vxq",
,lockfile,tensorflow-cpu,2.3.4,PyPI,GHSA-9cr2-8pwr-fhfq,MODERATE,"BIT-tensorflow-2022-36026,CVE-2022-36026",CWE-617,CVSS:3.1/AV:N/AC:H/PR:N/UI:N/S:U/C:N/I:N/A:H,GHSA-9cr2-8pwr-fhfq,
,lockfile,tensorflow-cpu,2.3.4,PyPI,GHSA-9crf-c6qr-r273,MODERATE,"BIT-tensorflow-2021-41218,CVE-2021-41218,PYSEC-2021-410,PYSEC-2021-627,PYSEC-2021-825",CWE-369,CVSS:3.1/AV:L/AC:L/PR:L/UI:N/S:U/C:N/I:N/A:H,"PYSEC-2021-627,GHSA-9crf-c6qr-r273",
,lockfile,tensorflow-cpu,2.3.4,PyPI,GHSA-9fpg-838v-wpv7,MODERATE,"BIT-tensorflow-2022-35971,CVE-2022-35971",CWE-617,CVSS:3.1/AV:N/AC:H/PR:N/UI:N/S:U/C:N/I:N/A:H,GHSA-9fpg-838v-wpv7,
,lockfile,tensorflow-cpu,2.3.4,PyPI,GHSA-9gwq-6cwj-47h3,HIGH,"BIT-tensorflow-2022-23558,CVE-2022-23558,PYSEC-2022-122,PYSEC-2022-67",CWE-190,CVSS:4.0/AV:N/AC:L/AT:N/PR:L/UI:N/VC:L/VI:L/VA:H/SC:N/SI:N/SA:N,"PYSEC-2022-67,GHSA-9gwq-6cwj-47h3",
,lockfile,tensorflow-cpu,2.3.4,PyPI,GHSA-9j4v-pp28-mxv7,MODERATE,"BIT-tensorflow-2022-36019,CVE-2022-36019",CWE-617,CVSS:3.1/AV:N/AC:H/PR:N/UI:N/S:U/C:N/I:N/A:H,GHSA-9j4v-pp28-mxv7,
,lockfile,tensorflow-cpu,2.3.4,PyPI,GHSA-9p77-mmrw-69c7,HIGH,"BIT-tensorflow-2022-23570,CVE-2022-23570,PYSEC-2022-134,PYSEC-2022-79",CWE-476,CVSS:4.0/AV:N/AC:L/AT:N/PR:L/UI:N/VC:N/VI:N/VA:H/SC:N/SI:N/SA:N,"PYSEC-2022-79,GHSA-9p77-mmrw-69c7",
,lockfile,tensorflow-cpu,2.3.4,PyPI,GHSA-9px9-73fg-3fqp,MODERATE,"BIT-tensorflow-2022-23589,CVE-2022-23589,PYSEC-2022-153,PYSEC-2022-98",CWE-476,CVSS:3.1/AV:N/AC:L/PR:L/UI:N/S:U/C:N/I:N/A:H,"PYSEC-2022-98,GHSA-9px9-73fg-3fqp",
,lockfile,tensorflow-cpu,2.3.4,PyPI,GHSA-9v8w-xmr4-wgxp,MODERATE,"BIT-tensorflow-2022-35992,CVE-2022-35992",CWE-617,CVSS:3.1/AV:N/AC:H/PR:N/UI:N/S:U/C:N/I:N/A:H,GHSA-9v8w-xmr4-wgxp,
,lockfile,tensorflow-cpu,2.3.4,PyPI,GHSA-9vqj-64pv-w55c,MODERATE,"BIT-tensorflow-2022-35988,CVE-2022-35988",CWE-617,CVSS:3.1/AV:N/AC:H/PR:N/UI:N/S:U/C:N/I:N/A:H,GHSA-9vqj-64pv-w55c,
,lockfile,tensorflow-cpu,2.3.4,PyPI,GHSA-9w2p-5mgw-p94c,MODERATE,"BIT-tensorflow-2021-37645,CVE-2021-37645,PYSEC-2021-267,PYSEC-2021-558,PYSEC-2021-756",CWE-681,CVSS:4.0/AV:L/AC:L/AT:P/PR:L/UI:N/VC:N/VI:N/VA:H/SC:N/SI:N/SA:N,GHSA-9w2p-5mgw-p94c,
,lockfile,tensorflow-cpu,2.3.4,PyPI,GHSA-c582-c96p-r5cq,MODERATE,"BIT-tensorflow-2022-21732,CVE-2022-21732,PYSEC-2022-111,PYSEC-2022-56","CWE-400,CWE-770",CVSS:4.0/AV:N/AC:L/AT:N/PR:L/UI:N/VC:N/VI:N/VA:L/SC:N/SI:N/SA:N,"PYSEC-2022-56,GHSA-c582-c96p-r5cq",
,lockfile,tensorflow-cpu,2.3.4,PyPI,GHSA-c6fh-56w7-fvjw,HIGH,"BIT-tensorflow-2022-21727,CVE-2022-21727,PYSEC-2022-106,PYSEC-2022-51",CWE-190,CVSS:4.0/AV:N/AC:L/AT:N/PR:L/UI:N/VC:L/VI:L/VA:H/SC:N/SI:N/SA:N,"PYSEC-2022-51,GHSA-c6fh-56w7-fvjw",
,lockfile,tensorflow-cpu,2.3.4,PyPI,GHSA-c94w-c95p-phf8,HIGH,"BIT-tensorflow-2022-23575,CVE-2022-23575,PYSEC-2022-139,PYSEC-2022-84",CWE-190,CVSS:4.0/AV:N/AC:L/AT:N/PR:L/UI:N/VC:N/VI:N/VA:H/SC:N/SI:N/SA:N,"PYSEC-2022-84,GHSA-c94w-c95p-phf8",
,lockfile,tensorflow-cpu,2.3.4,PyPI,GHSA-cg88-rpvp-cjv5,HIGH,"BIT-tensorflow-2022-41902,CVE-2022-41902","CWE-125,CWE-787",CVSS:3.1/AV:N/AC:H/PR:L/UI:R/S:U/C:H/I:H/A:H,GHSA-cg88-rpvp-cjv5,
,lockfile,tensorflow-cpu,2.3.4,PyPI,GHSA-cpf4-wx82-gxp6,MODERATE,"BIT-tensorflow-2021-41222,CVE-2021-41222,PYSEC-2021-414,PYSEC-2021-631,PYSEC-2021-829",CWE-682,CVSS:4.0/AV:L/AC:L/AT:N/PR:L/UI:N/VC:N/VI:N/VA:H/SC:N/SI:N/SA:N,"PYSEC-2021-631,GHSA-cpf4-wx82-gxp6",
,lockfile,tensorflow-cpu,2.3.4,PyPI,GHSA-cq76-mxrc-vchh,MODERATE,"BIT-tensorflow-2021-41195,CVE-2021-41195,PYSEC-2021-842,PYSEC-2021-844,PYSEC-2021-846",CWE-190,CVSS:4.0/AV:L/AC:L/AT:N/PR:L/UI:N/VC:N/VI:N/VA:H/SC:N/SI:N/SA:N,"PYSEC-2021-844,GHSA-cq76-mxrc-vchh",
,lockfile,tensorflow-cpu,2.3.4,PyPI,GHSA-cqv6-3phm-hcwx,HIGH,"BIT-tensorflow-2021-41221,CVE-2021-41221,PYSEC-2021-413,PYSEC-2021-630,PYSEC-2021-828","CWE-120,CWE-787",CVSS:3.1/AV:L/AC:L/PR:L/UI:N/S:U/C:H/I:H/A:H,"PYSEC-2021-630,GHSA-cqv6-3phm-hcwx",
,lockfile,tensorflow-cpu,2.3.4,PyPI,GHSA-cqvq-fvhr-v6hc,LOW,,,,GHSA-cqvq-fvhr-v6hc,
,lockfile,tensorflow-cpu,2.3.4,PyPI,GHSA-cv2p-32v3-vhwq,MODERATE,"BIT-tensorflow-2022-36003,CVE-2022-36003",CWE-617,CVSS:3.1/AV:N/AC:H/PR:N/UI:N/S:U/C:N/I:N/A:H,GHSA-cv2p-32v3-vhwq,
,lockfile,tensorflow-cpu,2.3.4,PyPI,GHSA-cwpm-f78v-7m5c,MODERATE,"BIT-tensorflow-2022-29202,CVE-2022-29202","CWE-1284,CWE-20,CWE-400",CVSS:3.1/AV:L/AC:L/PR:L/UI:N/S:U/C:N/I:N/A:H,GHSA-cwpm-f78v-7m5c,
,lockfile,tensorflow-cpu,2.3.4,PyPI,GHSA-f2vv-v9cg-qhh7,HIGH,"BIT-tensorflow-2022-21737,CVE-2022-21737,PYSEC-2022-116,PYSEC-2022-61","CWE-617,CWE-754",CVSS:4.0/AV:N/AC:L/AT:N/PR:L/UI:N/VC:N/VI:N/VA:H/SC:N/SI:N/SA:N,"PYSEC-2022-61,GHSA-f2vv-v9cg-qhh7",
,lockfile,tensorflow-cpu,2.3.4,PyPI,GHSA-f2w8-jw48-fr7j,MODERATE,"BIT-tensorflow-2022-41897,CVE-2022-41897",CWE-125,CVSS:3.1/AV:N/AC:H/PR:L/UI:R/S:U/C:N/I:N/A:H,GHSA-f2w8-jw48-fr7j,
,lockfile,tensorflow-cpu,2.3.4,PyPI,GHSA-f49c-87jh-g47q,HIGH,"BIT-tensorflow-2023-25801,CVE-2023-25801",CWE-415,CVSS:3.1/AV:L/AC:L/PR:N/UI:N/S:U/C:L/I:H/A:H,GHSA-f49c-87jh-g47q,
,lockfile,tensorflow-cpu,2.3.4,PyPI,GHSA-f4rr-5m7v-wxcw,MODERATE,"BIT-tensorflow-2022-29209,CVE-2022-29209",CWE-843,CVSS:3.1/AV:L/AC:L/PR:L/UI:N/S:U/C:N/I:N/A:H,GHSA-f4rr-5m7v-wxcw,
,lockfile,tensorflow-cpu,2.3.4,PyPI,GHSA-f4w6-h4f5-wx45,MODERATE,"BIT-tensorflow-2022-35934,CVE-2022-35934",CWE-617,CVSS:3.1/AV:N/AC:H/PR:N/UI:N/S:U/C:N/I:N/A:H,GHSA-f4w6-h4f5-wx45,
,lockfile,tensorflow-cpu,2.3.4,PyPI,GHSA-f54p-f6jp-4rhr,MODERATE,"BIT-tensorflow-2021-41223,CVE-2021-41223,PYSEC-2021-415,PYSEC-2021-632,PYSEC-2021-830",CWE-125,CVSS:4.0/AV:L/AC:L/AT:N/PR:L/UI:N/VC:H/VI:N/VA:H/SC:N/SI:N/SA:N,"PYSEC-2021-632,GHSA-f54p-f6jp-4rhr",
,lockfile,tensorflow-cpu,2.3.4,PyPI,GHSA-f637-vh3r-vfh2,HIGH,"BIT-tensorflow-2023-25666,CVE-2023-25666",CWE-697,CVSS:3.1/AV:N/AC:L/PR:N/UI:N/S:U/C:N/I:N/A:H,GHSA-f637-vh3r-vfh2,
,lockfile,tensorflow-cpu,2.3.4,PyPI,GHSA-f7r5-q7cx-h668,MODERATE,"BIT-tensorflow-2022-35964,CVE-2022-35964",CWE-20,CVSS:3.1/AV:N/AC:H/PR:N/UI:N/S:U/C:N/I:N/A:H,GHSA-f7r5-q7cx-h668,
,lockfile,tensorflow-cpu,2.3.4,PyPI,GHSA-ffjm-4qwc-7cmf,HIGH,"BIT-tensorflow-2022-35939,CVE-2022-35939",CWE-787,CVSS:3.1/AV:N/AC:H/PR:N/UI:N/S:U/C:L/I:L/A:H,GHSA-ffjm-4qwc-7cmf,
,lockfile,tensorflow-cpu,2.3.4,PyPI,GHSA-fhfc-2q7x-929f,MODERATE,"BIT-tensorflow-2022-35994,CVE-2022-35994",CWE-617,CVSS:3.1/AV:N/AC:H/PR:N/UI:N/S:U/C:N/I:N/A:H,GHSA-fhfc-2q7x-929f,
,lockfile,tensorflow-cpu,2.3.4,PyPI,GHSA-fpcp-9h7m-ffpx,MODERATE,"BIT-tensorflow-2022-23595,CVE-2022-23595,PYSEC-2022-103,PYSEC-2022-158",CWE-476,CVSS:4.0/AV:N/AC:L/AT:P/PR:L/UI:N/VC:N/VI:N/VA:H/SC:N/SI:N/SA:N,"PYSEC-2022-103,GHSA-fpcp-9h7m-ffpx",
,lockfile,tensorflow-cpu,2.3.4,PyPI,GHSA-fq6p-6334-8gr4,MODERATE,"BIT-tensorflow-2022-23585,CVE-2022-23585,PYSEC-2022-149,PYSEC-2022-94",CWE-401,CVSS:3.1/AV:N/AC:L/PR:L/UI:N/S:U/C:N/I:N/A:L,"PYSEC-2022-94,GHSA-fq6p-6334-8gr4",
,lockfile,tensorflow-cpu,2.3.4,PyPI,GHSA-fq86-3f29-px2c,MODERATE,"BIT-tensorflow-2022-23581,CVE-2022-23581,PYSEC-2022-145,PYSEC-2022-90",CWE-617,CVSS:3.1/AV:N/AC:L/PR:L/UI:N/S:U/C:N/I:N/A:H,"PYSEC-2022-90,GHSA-fq86-3f29-px2c",
,lockfile,tensorflow-cpu,2.3.4,PyPI,GHSA-fqm2-gh8w-gr68,MODERATE,"BIT-tensorflow-2023-25667,CVE-2023-25667",CWE-190,CVSS:3.1/AV:N/AC:L/PR:N/UI:R/S:U/C:N/I:N/A:H,GHSA-fqm2-gh8w-gr68,
,lockfile,tensorflow-cpu,2.3.4,PyPI,GHSA-fqxc-pvf8-2w9v,MODERATE,"BIT-tensorflow-2022-36000,CVE-2022-36000",CWE-476,CVSS:3.1/AV:N/AC:H/PR:N/UI:N/S:U/C:N/I:N/A:H,GHSA-fqxc-pvf8-2w9v,
,lockfile,tensorflow-cpu,2.3.4,PyPI,GHSA-fr77-rrx3-cp7g,HIGH,"BIT-tensorflow-2021-41212,CVE-2021-41212,PYSEC-2021-404,PYSEC-2021-621,PYSEC-2021-819",CWE-125,CVSS:3.1/AV:L/AC:L/PR:L/UI:N/S:U/C:H/I:N/A:H,"PYSEC-2021-621,GHSA-fr77-rrx3-cp7g",
,lockfile,tensorflow-cpu,2.3.4,PyPI,GHSA-frqp-wp83-qggv,MODERATE,"BIT-tensorflow-2022-41910,CVE-2022-41910",CWE-125,CVSS:3.1/AV:N/AC:H/PR:L/UI:R/S:U/C:N/I:N/A:H,GHSA-frqp-wp83-qggv,
,lockfile,tensorflow-cpu,2.3.4,PyPI,GHSA-fv25-wrff-wf86,MODERATE,"BIT-tensorflow-2022-29191,CVE-2022-29191",CWE-20,CVSS:3.1/AV:L/AC:L/PR:L/UI:N/S:U/C:N/I:N/A:H,GHSA-fv25-wrff-wf86,
,lockfile,tensorflow-cpu,2.3.4,PyPI,GHSA-fv43-93gv-vm8f,MODERATE,"BIT-tensorflow-2022-36011,CVE-2022-36011",CWE-476,CVSS:3.1/AV:N/AC:H/PR:N/UI:N/S:U/C:N/I:N/A:H,GHSA-fv43-93gv-vm8f,
,lockfile,tensorflow-cpu,2.3.4,PyPI,GHSA-fx5c-h9f6-rv7c,MODERATE,"BIT-tensorflow-2022-23588,CVE-2022-23588,PYSEC-2022-152,PYSEC-2022-97",CWE-617,CVSS:3.1/AV:N/AC:L/PR:L/UI:N/S:U/C:N/I:N/A:H,"PYSEC-2022-97,GHSA-fx5c-h9f6-rv7c",
,lockfile,tensorflow-cpu,2.3.4,PyPI,GHSA-fxgc-95xx-grvq,MODERATE,"BIT-tensorflow-2023-25661,CVE-2023-25661",CWE-20,CVSS:3.1/AV:N/AC:L/PR:L/UI:N/S:U/C:N/I:N/A:H,GHSA-fxgc-95xx-grvq,
,lockfile,tensorflow-cpu,2.3.4,PyPI,GHSA-g35r-369w-3fqp,MODERATE,"BIT-tensorflow-2022-35970,CVE-2022-35970",CWE-20,CVSS:3.1/AV:N/AC:H/PR:N/UI:N/S:U/C:N/I:N/A:H,GHSA-g35r-369w-3fqp,
,lockfile,tensorflow-cpu,2.3.4,PyPI,GHSA-g468-qj8g-vcjc,LOW,"BIT-tensorflow-2022-36016,CVE-2022-36016",CWE-617,,GHSA-g468-qj8g-vcjc,
,lockfile,tensorflow-cpu,2.3.4,PyPI,GHSA-g9fm-r5mm-rf9f,MODERATE,"BIT-tensorflow-2022-41901,CVE-2022-41901","CWE-20,CWE-617",CVSS:3.1/AV:N/AC:H/PR:L/UI:R/S:U/C:N/I:N/A:H,GHSA-g9fm-r5mm-rf9f,
,lockfile,tensorflow-cpu,2.3.4,PyPI,GHSA-g9h5-vr8m-x2h4,MODERATE,"BIT-tensorflow-2022-35995,CVE-2022-35995",CWE-617,CVSS:3.1/AV:N/AC:H/PR:N/UI:N/S:U/C:N/I:N/A:H,GHSA-g9h5-vr8m-x2h4,
,lockfile,tensorflow-cpu,2.3.4,PyPI,GHSA-gcvh-66ff-4mwm,HIGH,"BIT-tensorflow-2022-21734,CVE-2022-21734,PYSEC-2022-113,PYSEC-2022-58","CWE-617,CWE-843",CVSS:4.0/AV:N/AC:L/AT:N/PR:L/UI:N/VC:N/VI:N/VA:H/SC:N/SI:N/SA:N,"PYSEC-2022-58,GHSA-gcvh-66ff-4mwm",
,lockfile,tensorflow-cpu,2.3.4,PyPI,GHSA-gf2j-f278-xh4v,HIGH,"BIT-tensorflow-2022-23557,CVE-2022-23557,PYSEC-2022-121,PYSEC-2022-66",CWE-369,CVSS:4.0/AV:N/AC:L/AT:N/PR:L/UI:N/VC:N/VI:N/VA:H/SC:N/SI:N/SA:N,"PYSEC-2022-66,GHSA-gf2j-f278-xh4v",
,lockfile,tensorflow-cpu,2.3.4,PyPI,GHSA-gf97-q72m-7579,HIGH,"BIT-tensorflow-2023-25674,CVE-2023-25674",CWE-476,CVSS:3.1/AV:N/AC:L/PR:N/UI:N/S:U/C:N/I:N/A:H,GHSA-gf97-q72m-7579,
,lockfile,tensorflow-cpu,2.3.4,PyPI,GHSA-gh8h-7j2j-qv4f,MODERATE,"BIT-tensorflow-2021-41200,CVE-2021-41200,PYSEC-2021-393,PYSEC-2021-610,PYSEC-2021-808",CWE-617,CVSS:4.0/AV:L/AC:L/AT:N/PR:L/UI:N/VC:N/VI:N/VA:H/SC:N/SI:N/SA:N,"PYSEC-2021-610,GHSA-gh8h-7j2j-qv4f",
,lockfile,tensorflow-cpu,2.3.4,PyPI,GHSA-gjh7-xx4r-x345,HIGH,"BIT-tensorflow-2023-33976,CVE-2023-33976",CWE-190,CVSS:4.0/AV:N/AC:L/AT:N/PR:N/UI:N/VC:N/VI:N/VA:H/SC:N/SI:N/SA:N,GHSA-gjh7-xx4r-x345,
,lockfile,tensorflow-cpu,2.3.4,PyPI,GHSA-gjqc-q9g6-q2j3,MODERATE,"BIT-tensorflow-2022-23583,CVE-2022-23583,PYSEC-2022-147,PYSEC-2022-92","CWE-617,CWE-843",CVSS:3.1/AV:N/AC:L/PR:L/UI:N/S:U/C:N/I:N/A:H,"PYSEC-2022-92,GHSA-gjqc-q9g6-q2j3",
,lockfile,tensorflow-cpu,2.3.4,PyPI,GHSA-gq2j-cr96-gvqx,MODERATE,"BIT-tensorflow-2022-41895,CVE-2022-41895",CWE-125,CVSS:3.1/AV:N/AC:H/PR:L/UI:R/S:U/C:N/I:N/A:H,GHSA-gq2j-cr96-gvqx,
,lockfile,tensorflow-cpu,2.3.4,PyPI,GHSA-gw97-ff7c-9v96,CRITICAL,"BIT-tensorflow-2023-25668,CVE-2023-25668","CWE-122,CWE-125",CVSS:3.1/AV:N/AC:L/PR:N/UI:N/S:U/C:H/I:H/A:H,GHSA-gw97-ff7c-9v96,
,lockfile,tensorflow-cpu,2.3.4,PyPI,GHSA-h246-cgh4-7475,MODERATE,"BIT-tensorflow-2022-41890,CVE-2022-41890",CWE-704,CVSS:3.1/AV:N/AC:H/PR:L/UI:R/S:U/C:N/I:N/A:H,GHSA-h246-cgh4-7475,
,lockfile,tensorflow-cpu,2.3.4,PyPI,GHSA-h2wq-prv9-2f56,MODERATE,"BIT-tensorflow-2022-29192,CVE-2022-29192",CWE-20,CVSS:3.1/AV:L/AC:L/PR:L/UI:N/S:U/C:N/I:N/A:H,GHSA-h2wq-prv9-2f56,
,lockfile,tensorflow-cpu,2.3.4,PyPI,GHSA-h48f-q7rw-hvr7,MODERATE,"BIT-tensorflow-2022-29195,CVE-2022-29195",CWE-20,CVSS:3.1/AV:L/AC:L/PR:L/UI:N/S:U/C:N/I:N/A:H,GHSA-h48f-q7rw-hvr7,
,lockfile,tensorflow-cpu,2.3.4,PyPI,GHSA-h5g4-ppwx-48q2,MODERATE,"BIT-tensorflow-2022-29194,CVE-2022-29194",CWE-20,CVSS:3.1/AV:L/AC:L/PR:L/UI:N/S:U/C:N/I:N/A:H,GHSA-h5g4-ppwx-48q2,
,lockfile,tensorflow-cpu,2.3.4,PyPI,GHSA-h5vq-gw2c-pq47,MODERATE,"BIT-tensorflow-2022-35952,CVE-2022-35952",CWE-617,CVSS:3.1/AV:N/AC:H/PR:N/UI:N/S:U/C:N/I:N/A:H,GHSA-h5vq-gw2c-pq47,
,lockfile,tensorflow-cpu,2.3.4,PyPI,GHSA-h67m-xg8f-fxcf,MODERATE,"BIT-tensorflow-2021-41213,CVE-2021-41213,PYSEC-2021-405,PYSEC-2021-622,PYSEC-2021-820","CWE-662,CWE-667",CVSS:3.1/AV:L/AC:L/PR:L/UI:N/S:U/C:N/I:N/A:H,"PYSEC-2021-622,GHSA-h67m-xg8f-fxcf",
,lockfile,tensorflow-cpu,2.3.4,PyPI,GHSA-h6gw-r52c-724r,CRITICAL,,"CWE-476,CWE-824",CVSS:3.1/AV:L/AC:L/PR:N/UI:N/S:C/C:H/I:H/A:H,GHSA-h6gw-r52c-724r,
,lockfile,tensorflow-cpu,2.3.4,PyPI,GHSA-h7ff-cfc9-wmmh,MODERATE,"BIT-tensorflow-2022-35990,CVE-2022-35990",CWE-617,CVSS:3.1/AV:N/AC:H/PR:N/UI:N/S:U/C:N/I:N/A:H,GHSA-h7ff-cfc9-wmmh,
,lockfile,tensorflow-cpu,2.3.4,PyPI,GHSA-hq7g-wwwp-q46h,MODERATE,"BIT-tensorflow-2022-41898,CVE-2022-41898",CWE-20,CVSS:3.1/AV:N/AC:H/PR:L/UI:R/S:U/C:N/I:N/A:H,GHSA-hq7g-wwwp-q46h,
,lockfile,tensorflow-cpu,2.3.4,PyPI,GHSA-hrg5-737c-2p56,MODERATE,"BIT-tensorflow-2022-29197,CVE-2022-29197",CWE-20,CVSS:3.1/AV:L/AC:L/PR:L/UI:N/S:U/C:N/I:N/A:H,GHSA-hrg5-737c-2p56,
,lockfile,tensorflow-cpu,2.3.4,PyPI,GHSA-hx9q-2mx4-m4pg,MODERATE,"BIT-tensorflow-2022-29204,CVE-2022-29204","CWE-191,CWE-20",CVSS:3.1/AV:L/AC:L/PR:L/UI:N/S:U/C:N/I:N/A:H,GHSA-hx9q-2mx4-m4pg,
,lockfile,tensorflow-cpu,2.3.4,PyPI,GHSA-j3mj-fhpq-qqjj,HIGH,"BIT-tensorflow-2022-23571,CVE-2022-23571,PYSEC-2022-135,PYSEC-2022-80",CWE-617,CVSS:4.0/AV:N/AC:L/AT:N/PR:L/UI:N/VC:N/VI:N/VA:H/SC:N/SI:N/SA:N,"PYSEC-2022-80,GHSA-j3mj-fhpq-qqjj",
,lockfile,tensorflow-cpu,2.3.4,PyPI,GHSA-j43h-pgmg-5hjq,MODERATE,"BIT-tensorflow-2022-35989,CVE-2022-35989",CWE-617,CVSS:3.1/AV:N/AC:H/PR:N/UI:N/S:U/C:N/I:N/A:H,GHSA-j43h-pgmg-5hjq,
,lockfile,tensorflow-cpu,2.3.4,PyPI,GHSA-j5w9-hmfh-4cr6,HIGH,"BIT-tensorflow-2023-25671,CVE-2023-25671",CWE-787,CVSS:3.1/AV:N/AC:L/PR:N/UI:N/S:U/C:N/I:N/A:H,GHSA-j5w9-hmfh-4cr6,
,lockfile,tensorflow-cpu,2.3.4,PyPI,GHSA-j86v-p27c-73fm,HIGH,"BIT-tensorflow-2021-41201,CVE-2021-41201,PYSEC-2021-394,PYSEC-2021-611,PYSEC-2021-809",CWE-824,CVSS:4.0/AV:L/AC:L/AT:N/PR:L/UI:N/VC:H/VI:H/VA:H/SC:N/SI:N/SA:N,"PYSEC-2021-611,GHSA-j86v-p27c-73fm",
,lockfile,tensorflow-cpu,2.3.4,PyPI,GHSA-j8c8-67vp-6mx7,MODERATE,"BIT-tensorflow-2021-41227,CVE-2021-41227,PYSEC-2021-419,PYSEC-2021-636,PYSEC-2021-834",CWE-125,CVSS:4.0/AV:L/AC:L/AT:N/PR:L/UI:N/VC:H/VI:L/VA:L/SC:N/SI:N/SA:N,"PYSEC-2021-636,GHSA-j8c8-67vp-6mx7",
,lockfile,tensorflow-cpu,2.3.4,PyPI,GHSA-jjm6-4vf7-cjh4,MODERATE,"BIT-tensorflow-2022-29203,CVE-2022-29203",CWE-190,CVSS:3.1/AV:L/AC:L/PR:L/UI:N/S:U/C:N/I:N/A:H,GHSA-jjm6-4vf7-cjh4,
,lockfile,tensorflow-cpu,2.3.4,PyPI,GHSA-jq6x-99hj-q636,MODERATE,"BIT-tensorflow-2022-41884,CVE-2022-41884",CWE-670,CVSS:3.1/AV:N/AC:H/PR:L/UI:R/S:U/C:N/I:N/A:H,GHSA-jq6x-99hj-q636,
,lockfile,tensorflow-cpu,2.3.4,PyPI,GHSA-jqm7-m5q7-3hm5,MODERATE,"BIT-tensorflow-2022-36001,CVE-2022-36001",CWE-617,CVSS:3.1/AV:N/AC:H/PR:N/UI:N/S:U/C:N/I:N/A:H,GHSA-jqm7-m5q7-3hm5,
,lockfile,tensorflow-cpu,2.3.4,PyPI,GHSA-jvhc-5hhr-w3v5,MODERATE,"BIT-tensorflow-2022-36012,CVE-2022-36012",CWE-617,CVSS:3.1/AV:N/AC:H/PR:N/UI:N/S:U/C:N/I:N/A:H,GHSA-jvhc-5hhr-w3v5,
,lockfile,tensorflow-cpu,2.3.4,PyPI,GHSA-m342-ff57-4jcc,HIGH,"BIT-tensorflow-2021-41210,CVE-2021-41210,PYSEC-2021-402,PYSEC-2021-619,PYSEC-2021-817",CWE-125,CVSS:3.1/AV:L/AC:L/PR:L/UI:N/S:U/C:H/I:N/A:H,"PYSEC-2021-619,GHSA-m342-ff57-4jcc",
,lockfile,tensorflow-cpu,2.3.4,PyPI,GHSA-m4hf-j54p-p353,HIGH,"BIT-tensorflow-2022-21731,CVE-2022-21731,PYSEC-2022-110,PYSEC-2022-55","CWE-754,CWE-843",CVSS:4.0/AV:N/AC:L/AT:N/PR:L/UI:N/VC:N/VI:N/VA:H/SC:N/SI:N/SA:N,"PYSEC-2022-55,GHSA-m4hf-j54p-p353",
,lockfile,tensorflow-cpu,2.3.4,PyPI,GHSA-m539-j985-hcr8,MODERATE,"BIT-tensorflow-2021-41196,CVE-2021-41196,PYSEC-2021-389,PYSEC-2021-606,PYSEC-2021-804",CWE-191,CVSS:4.0/AV:L/AC:L/AT:N/PR:L/UI:N/VC:N/VI:N/VA:H/SC:N/SI:N/SA:N,"PYSEC-2021-606,GHSA-m539-j985-hcr8",
,lockfile,tensorflow-cpu,2.3.4,PyPI,GHSA-m6cv-4fmf-66xf,MODERATE,"BIT-tensorflow-2022-36018,CVE-2022-36018",CWE-617,CVSS:3.1/AV:N/AC:H/PR:N/UI:N/S:U/C:N/I:N/A:H,GHSA-m6cv-4fmf-66xf,
,lockfile,tensorflow-cpu,2.3.4,PyPI,GHSA-m6vp-8q9j-whx4,MODERATE,"BIT-tensorflow-2022-35983,CVE-2022-35983",CWE-617,CVSS:3.1/AV:N/AC:H/PR:N/UI:N/S:U/C:N/I:N/A:H,GHSA-m6vp-8q9j-whx4,
,lockfile,tensorflow-cpu,2.3.4,PyPI,GHSA-mg66-qvc5-rm93,MODERATE,"BIT-tensorflow-2022-29198,CVE-2022-29198",CWE-20,CVSS:3.1/AV:L/AC:L/PR:L/UI:N/S:U/C:N/I:N/A:H,GHSA-mg66-qvc5-rm93,
,lockfile,tensorflow-cpu,2.3.4,PyPI,GHSA-mgmh-g2v6-mqw5,MODERATE,"BIT-tensorflow-2022-35941,CVE-2022-35941",CWE-617,CVSS:3.1/AV:N/AC:H/PR:N/UI:N/S:U/C:N/I:N/A:H,GHSA-mgmh-g2v6-mqw5,
,lockfile,tensorflow-cpu,2.3.4,PyPI,GHSA-mh3m-62v7-68xg,MODERATE,"BIT-tensorflow-2022-36002,CVE-2022-36002",CWE-617,CVSS:3.1/AV:N/AC:H/PR:N/UI:N/S:U/C:N/I:N/A:H,GHSA-mh3m-62v7-68xg,
,lockfile,tensorflow-cpu,2.3.4,PyPI,GHSA-mv77-9g28-cwg3,MODERATE,"BIT-tensorflow-2022-41908,CVE-2022-41908",CWE-20,CVSS:3.1/AV:N/AC:H/PR:L/UI:R/S:U/C:N/I:N/A:H,GHSA-mv77-9g28-cwg3,
,lockfile,tensorflow-cpu,2.3.4,PyPI,GHSA-mv8m-8x97-937q,MODERATE,"BIT-tensorflow-2022-36004,CVE-2022-36004",CWE-617,CVSS:3.1/AV:N/AC:H/PR:N/UI:N/S:U/C:N/I:N/A:H,GHSA-mv8m-8x97-937q,
,lockfile,tensorflow-cpu,2.3.4,PyPI,GHSA-mw6j-hh29-h379,MODERATE,,CWE-190,,GHSA-mw6j-hh29-h379,
,lockfile,tensorflow-cpu,2.3.4,PyPI,GHSA-p2xf-8hgm-hpw5,MODERATE,"BIT-tensorflow-2022-35984,CVE-2022-35984",CWE-617,CVSS:3.1/AV:N/AC:H/PR:N/UI:N/S:U/C:N/I:N/A:H,GHSA-p2xf-8hgm-hpw5,
,lockfile,tensorflow-cpu,2.3.4,PyPI,GHSA-p7hr-f446-x6qf,MODERATE,"BIT-tensorflow-2022-35997,CVE-2022-35997",CWE-617,CVSS:3.1/AV:N/AC:H/PR:N/UI:N/S:U/C:N/I:N/A:H,GHSA-p7hr-f446-x6qf,
,lockfile,tensorflow-cpu,2.3.4,PyPI,GHSA-p9rc-rmr5-529j,MODERATE,"BIT-tensorflow-2022-29199,CVE-2022-29199",CWE-20,CVSS:3.1/AV:L/AC:L/PR:L/UI:N/S:U/C:N/I:N/A:H,GHSA-p9rc-rmr5-529j,
,lockfile,tensorflow-cpu,2.3.4,PyPI,GHSA-pf36-r9c6-h97j,MODERATE,"BIT-tensorflow-2022-41911,CVE-2022-41911",CWE-704,CVSS:3.1/AV:N/AC:H/PR:L/UI:R/S:U/C:N/I:N/A:H,GHSA-pf36-r9c6-h97j,
,lockfile,tensorflow-cpu,2.3.4,PyPI,GHSA-pfjj-m3jj-9jc9,HIGH,"BIT-tensorflow-2022-21736,CVE-2022-21736,PYSEC-2022-115,PYSEC-2022-60",CWE-476,CVSS:4.0/AV:N/AC:L/AT:N/PR:L/UI:N/VC:L/VI:L/VA:H/SC:N/SI:N/SA:N,"PYSEC-2022-60,GHSA-pfjj-m3jj-9jc9",
,lockfile,tensorflow-cpu,2.3.4,PyPI,GHSA-pgcq-h79j-2f69,HIGH,"BIT-tensorflow-2021-41206,CVE-2021-41206,PYSEC-2021-843,PYSEC-2021-845,PYSEC-2021-847",CWE-354,CVSS:4.0/AV:L/AC:L/AT:P/PR:L/UI:N/VC:H/VI:H/VA:H/SC:N/SI:N/SA:N,"PYSEC-2021-845,GHSA-pgcq-h79j-2f69",
,lockfile,tensorflow-cpu,2.3.4,PyPI,GHSA-pqhm-4wvf-2jg8,MODERATE,"BIT-tensorflow-2022-29201,CVE-2022-29201","CWE-20,CWE-476",CVSS:3.1/AV:L/AC:L/PR:L/UI:N/S:U/C:N/I:N/A:H,GHSA-pqhm-4wvf-2jg8,
,lockfile,tensorflow-cpu,2.3.4,PyPI,GHSA-pqrv-8r2f-7278,MODERATE,"BIT-tensorflow-2022-23590,CVE-2022-23590,PYSEC-2022-154,PYSEC-2022-99",CWE-754,CVSS:3.1/AV:N/AC:H/PR:N/UI:N/S:U/C:N/I:N/A:H,"PYSEC-2022-99,GHSA-pqrv-8r2f-7278",
,lockfile,tensorflow-cpu,2.3.4,PyPI,GHSA-prcg-wp5q-rv7p,MODERATE,"BIT-tensorflow-2021-41197,CVE-2021-41197,PYSEC-2021-390,PYSEC-2021-607,PYSEC-2021-805",CWE-190,CVSS:4.0/AV:L/AC:L/AT:N/PR:L/UI:N/VC:N/VI:N/VA:H/SC:N/SI:N/SA:N,"PYSEC-2021-607,GHSA-prcg-wp5q-rv7p",
,lockfile,tensorflow-cpu,2.3.4,PyPI,GHSA-pxrw-j2fv-hx3h,HIGH,"BIT-tensorflow-2022-35937,CVE-2022-35937",CWE-125,CVSS:3.1/AV:N/AC:H/PR:N/UI:N/S:U/C:L/I:L/A:H,GHSA-pxrw-j2fv-hx3h,
,lockfile,tensorflow-cpu,2.3.4,PyPI,GHSA-q2c3-jpmc-gfjx,MODERATE,"BIT-tensorflow-2022-35969,CVE-2022-35969",,CVSS:3.1/AV:N/AC:H/PR:N/UI:N/S:U/C:N/I:N/A:H,GHSA-q2c3-jpmc-gfjx,
,lockfile,tensorflow-cpu,2.3.4,PyPI,GHSA-q5jv-m6qw-5g37,MODERATE,"BIT-tensorflow-2022-35996,CVE-2022-35996",CWE-369,CVSS:3.1/AV:N/AC:H/PR:N/UI:N/S:U/C:N/I:N/A:H,GHSA-q5jv-m6qw-5g37,
,lockfile,tensorflow-cpu,2.3.4,PyPI,GHSA-q85f-69q7-55h2,HIGH,"BIT-tensorflow-2022-23573,CVE-2022-23573,PYSEC-2022-137,PYSEC-2022-82",CWE-908,CVSS:4.0/AV:N/AC:L/AT:N/PR:L/UI:N/VC:L/VI:L/VA:H/SC:N/SI:N/SA:N,"PYSEC-2022-82,GHSA-q85f-69q7-55h2",
,lockfile,tensorflow-cpu,2.3.4,PyPI,GHSA-qj5r-f9mv-rffh,HIGH,"BIT-tensorflow-2022-23569,CVE-2022-23569,PYSEC-2022-133,PYSEC-2022-78",CWE-617,CVSS:4.0/AV:N/AC:L/AT:N/PR:L/UI:N/VC:N/VI:N/VA:H/SC:N/SI:N/SA:N,"PYSEC-2022-78,GHSA-qj5r-f9mv-rffh",
,lockfile,tensorflow-cpu,2.3.4,PyPI,GHSA-qjqc-vqcf-5qvj,HIGH,"BIT-tensorflow-2023-25660,CVE-2023-25660",CWE-476,CVSS:3.1/AV:N/AC:L/PR:N/UI:N/S:U/C:N/I:N/A:H,GHSA-qjqc-vqcf-5qvj,
,lockfile,tensorflow-cpu,2.3.4,PyPI,GHSA-qx3f-p745-w4hr,HIGH,"BIT-tensorflow-2022-23562,CVE-2022-23562,PYSEC-2022-126,PYSEC-2022-71",CWE-190,CVSS:4.0/AV:N/AC:L/AT:N/PR:L/UI:N/VC:L/VI:L/VA:H/SC:N/SI:N/SA:N,"PYSEC-2022-71,GHSA-qx3f-p745-w4hr",
,lockfile,tensorflow-cpu,2.3.4,PyPI,GHSA-qxpx-j395-pw36,MODERATE,"BIT-tensorflow-2022-35965,CVE-2022-35965",CWE-476,CVSS:3.1/AV:N/AC:H/PR:N/UI:N/S:U/C:N/I:N/A:H,GHSA-qxpx-j395-pw36,
,lockfile,tensorflow-cpu,2.3.4,PyPI,GHSA-r26c-679w-mrjm,MODERATE,"BIT-tensorflow-2022-36005,CVE-2022-36005",CWE-617,CVSS:3.1/AV:N/AC:H/PR:N/UI:N/S:U/C:N/I:N/A:H,GHSA-r26c-679w-mrjm,
,lockfile,tensorflow-cpu,2.3.4,PyPI,GHSA-rc9w-5c64-9vqq,MODERATE,"BIT-tensorflow-2022-29206,CVE-2022-29206","CWE-20,CWE-476",CVSS:3.1/AV:L/AC:L/PR:L/UI:N/S:U/C:N/I:N/A:H,GHSA-rc9w-5c64-9vqq,
,lockfile,tensorflow-cpu,2.3.4,PyPI,GHSA-rcf8-g8jv-vg6p,HIGH,"BIT-tensorflow-2023-25669,CVE-2023-25669",CWE-697,CVSS:3.1/AV:N/AC:L/PR:N/UI:N/S:U/C:N/I:N/A:H,GHSA-rcf8-g8jv-vg6p,
,lockfile,tensorflow-cpu,2.3.4,PyPI,GHSA-rg3m-hqc5-344v,MODERATE,"BIT-tensorflow-2021-41224,CVE-2021-41224,PYSEC-2021-416,PYSEC-2021-633,PYSEC-2021-831",CWE-125,CVSS:4.0/AV:L/AC:L/AT:N/PR:L/UI:N/VC:H/VI:N/VA:H/SC:N/SI:N/SA:N,"PYSEC-2021-633,GHSA-rg3m-hqc5-344v",
,lockfile,tensorflow-cpu,2.3.4,PyPI,GHSA-rh87-q4vg-m45j,LOW,"BIT-tensorflow-2022-36015,CVE-2022-36015",CWE-190,,GHSA-rh87-q4vg-m45j,
,lockfile,tensorflow-cpu,2.3.4,PyPI,GHSA-rjx6-v474-2ch9,MODERATE,"BIT-tensorflow-2022-41909,CVE-2022-41909","CWE-20,CWE-476",CVSS:3.1/AV:N/AC:H/PR:L/UI:R/S:U/C:N/I:N/A:H,GHSA-rjx6-v474-2ch9,
,lockfile,tensorflow-cpu,2.3.4,PyPI,GHSA-rmg2-f698-wq35,MODERATE,"BIT-tensorflow-2022-41896,CVE-2022-41896","CWE-1284,CWE-20",CVSS:3.1/AV:N/AC:H/PR:L/UI:R/S:U/C:N/I:N/A:H,GHSA-rmg2-f698-wq35,
,lockfile,tensorflow-cpu,2.3.4,PyPI,GHSA-rrfp-j2mp-hq9c,HIGH,"BIT-tensorflow-2020-15265,CVE-2020-15265,PYSEC-2020-138,PYSEC-2020-295,PYSEC-2020-330",CWE-125,CVSS:4.0/AV:N/AC:L/AT:N/PR:N/UI:P/VC:N/VI:N/VA:H/SC:N/SI:N/SA:N,"PYSEC-2020-295,GHSA-rrfp-j2mp-hq9c",
,lockfile,tensorflow-cpu,2.3.4,PyPI,GHSA-rrx2-r989-2c43,HIGH,"BIT-tensorflow-2022-23567,CVE-2022-23567,PYSEC-2022-131,PYSEC-2022-76",CWE-190,CVSS:4.0/AV:N/AC:L/AT:N/PR:L/UI:N/VC:N/VI:N/VA:H/SC:N/SI:N/SA:N,"PYSEC-2022-76,GHSA-rrx2-r989-2c43",
,lockfile,tensorflow-cpu,2.3.4,PyPI,GHSA-rww7-2gpw-fv6j,HIGH,"BIT-tensorflow-2022-23572,CVE-2022-23572,PYSEC-2022-136,PYSEC-2022-81","CWE-617,CWE-754",CVSS:4.0/AV:N/AC:L/AT:N/PR:L/UI:N/VC:N/VI:N/VA:H/SC:N/SI:N/SA:N,"PYSEC-2022-81,GHSA-rww7-2gpw-fv6j",
,lockfile,tensorflow-cpu,2.3.4,PyPI,GHSA-v3f7-j968-4h5f,MODERATE,"BIT-tensorflow-2022-21725,CVE-2022-21725,PYSEC-2022-104,PYSEC-2022-49",CWE-369,CVSS:4.0/AV:L/AC:L/AT:N/PR:L/UI:N/VC:N/VI:N/VA:H/SC:N/SI:N/SA:N,"PYSEC-2022-49,GHSA-v3f7-j968-4h5f",
,lockfile,tensorflow-cpu,2.3.4,PyPI,GHSA-v5xg-3q2c-c2r4,MODERATE,"BIT-tensorflow-2022-35960,CVE-2022-35960",CWE-617,CVSS:3.1/AV:N/AC:H/PR:N/UI:N/S:U/C:N/I:N/A:H,GHSA-v5xg-3q2c-c2r4,
,lockfile,tensorflow-cpu,2.3.4,PyPI,GHSA-v6h3-348g-6h5x,MODERATE,"BIT-tensorflow-2022-35967,CVE-2022-35967",CWE-20,CVSS:3.1/AV:N/AC:H/PR:N/UI:N/S:U/C:N/I:N/A:H,GHSA-v6h3-348g-6h5x,
,lockfile,tensorflow-cpu,2.3.4,PyPI,GHSA-v7vw-577f-vp8x,MODERATE,"BIT-tensorflow-2022-35979,CVE-2022-35979",CWE-20,CVSS:3.1/AV:N/AC:H/PR:N/UI:N/S:U/C:N/I:N/A:H,GHSA-v7vw-577f-vp8x,
,lockfile,tensorflow-cpu,2.3.4,PyPI,GHSA-vgvh-2pf4-jr2x,MODERATE,"BIT-tensorflow-2022-35974,CVE-2022-35974",CWE-20,CVSS:3.1/AV:N/AC:H/PR:N/UI:N/S:U/C:N/I:N/A:H,GHSA-vgvh-2pf4-jr2x,
,lockfile,tensorflow-cpu,2.3.4,PyPI,GHSA-vjg4-v33c-ggc4,HIGH,"BIT-tensorflow-2022-21730,CVE-2022-21730,PYSEC-2022-109,PYSEC-2022-54",CWE-125,CVSS:4.0/AV:N/AC:L/AT:N/PR:L/UI:N/VC:H/VI:N/VA:H/SC:N/SI:N/SA:N,"PYSEC-2022-54,GHSA-vjg4-v33c-ggc4",
,lockfile,tensorflow-cpu,2.3.4,PyPI,GHSA-vm7x-4qhj-rrcq,MODERATE,"BIT-tensorflow-2022-35991,CVE-2022-35991",CWE-617,CVSS:3.1/AV:N/AC:H/PR:N/UI:N/S:U/C:N/I:N/A:H,GHSA-vm7x-4qhj-rrcq,
,lockfile,tensorflow-cpu,2.3.4,PyPI,GHSA-vwhq-49r4-gj9v,HIGH,"BIT-tensorflow-2021-41214,CVE-2021-41214,PYSEC-2021-406,PYSEC-2021-623,PYSEC-2021-821",CWE-824,CVSS:3.1/AV:L/AC:L/PR:L/UI:N/S:U/C:H/I:H/A:H,"PYSEC-2021-623,GHSA-vwhq-49r4-gj9v",
,lockfile,tensorflow-cpu,2.3.4,PyPI,GHSA-vxv8-r8q2-63xw,MODERATE,"BIT-tensorflow-2022-35981,CVE-2022-35981",CWE-617,CVSS:3.1/AV:N/AC:H/PR:N/UI:N/S:U/C:N/I:N/A:H,GHSA-vxv8-r8q2-63xw,
,lockfile,tensorflow-cpu,2.3.4,PyPI,GHSA-w62h-8xjm-fv49,MODERATE,"BIT-tensorflow-2022-35987,CVE-2022-35987",CWE-617,CVSS:3.1/AV:N/AC:H/PR:N/UI:N/S:U/C:N/I:N/A:H,GHSA-w62h-8xjm-fv49,
,lockfile,tensorflow-cpu,2.3.4,PyPI,GHSA-wc4g-r73w-x8mm,HIGH,"BIT-tensorflow-2022-23563,CVE-2022-23563,PYSEC-2022-127,PYSEC-2022-72","CWE-367,CWE-668",CVSS:4.0/AV:L/AC:L/AT:N/PR:L/UI:N/VC:H/VI:H/VA:N/SC:N/SI:N/SA:N,"PYSEC-2022-72,GHSA-wc4g-r73w-x8mm",
,lockfile,tensorflow-cpu,2.3.4,PyPI,GHSA-wcv5-vrvr-3rx2,MODERATE,,CWE-190,CVSS:3.1/AV:L/AC:L/PR:L/UI:N/S:U/C:N/I:N/A:H,GHSA-wcv5-vrvr-3rx2,
,lockfile,tensorflow-cpu,2.3.4,PyPI,GHSA-wm93-f238-7v37,HIGH,"BIT-tensorflow-2022-23576,CVE-2022-23576,PYSEC-2022-140,PYSEC-2022-85",CWE-190,CVSS:4.0/AV:N/AC:L/AT:N/PR:L/UI:N/VC:N/VI:N/VA:H/SC:N/SI:N/SA:N,"PYSEC-2022-85,GHSA-wm93-f238-7v37",
,lockfile,tensorflow-cpu,2.3.4,PyPI,GHSA-wq6q-6m32-9rv9,MODERATE,"BIT-tensorflow-2022-35993,CVE-2022-35993",CWE-617,CVSS:3.1/AV:N/AC:H/PR:N/UI:N/S:U/C:N/I:N/A:H,GHSA-wq6q-6m32-9rv9,
,lockfile,tensorflow-cpu,2.3.4,PyPI,GHSA-wqmc-pm8c-2jhc,MODERATE,"BIT-tensorflow-2022-36017,CVE-2022-36017",CWE-20,CVSS:3.1/AV:N/AC:H/PR:N/UI:N/S:U/C:N/I:N/A:H,GHSA-wqmc-pm8c-2jhc,
,lockfile,tensorflow-cpu,2.3.4,PyPI,GHSA-wxjj-cgcx-r3vq,MODERATE,"BIT-tensorflow-2022-35959,CVE-2022-35959",CWE-617,CVSS:3.1/AV:N/AC:H/PR:N/UI:N/S:U/C:N/I:N/A:H,GHSA-wxjj-cgcx-r3vq,
,lockfile,tensorflow-cpu,2.3.4,PyPI,GHSA-x3v8-c8qx-3j3r,MODERATE,"BIT-tensorflow-2021-41215,CVE-2021-41215,PYSEC-2021-407,PYSEC-2021-624,PYSEC-2021-822",CWE-476,CVSS:3.1/AV:L/AC:L/PR:L/UI:N/S:U/C:N/I:N/A:H,"PYSEC-2021-624,GHSA-x3v8-c8qx-3j3r",
,lockfile,tensorflow-cpu,2.3.4,PyPI,GHSA-x4qx-4fjv-hmw6,HIGH,"BIT-tensorflow-2022-21738,CVE-2022-21738,PYSEC-2022-117,PYSEC-2022-62",CWE-190,CVSS:4.0/AV:N/AC:L/AT:N/PR:L/UI:N/VC:N/VI:N/VA:H/SC:N/SI:N/SA:N,"PYSEC-2022-62,GHSA-x4qx-4fjv-hmw6",
,lockfile,tensorflow-cpu,2.3.4,PyPI,GHSA-x989-q2pq-4q5x,MODERATE,"BIT-tensorflow-2022-35940,CVE-2022-35940",CWE-190,CVSS:3.1/AV:N/AC:H/PR:N/UI:N/S:U/C:N/I:N/A:H,GHSA-x989-q2pq-4q5x,
,lockfile,tensorflow-cpu,2.3.4,PyPI,GHSA-xf83-q765-xm6m,LOW,,,,GHSA-xf83-q765-xm6m,
,lockfile,tensorflow-cpu,2.3.4,PyPI,GHSA-xrp2-fhq4-4q3w,MODERATE,"BIT-tensorflow-2022-29211,CVE-2022-29211",CWE-20,CVSS:3.1/AV:L/AC:L/PR:L/UI:N/S:U/C:N/I:N/A:H,GHSA-xrp2-fhq4-4q3w,
,lockfile,tensorflow-cpu,2.3.4,PyPI,GHSA-xrqm-fpgr-6hhx,MODERATE,"BIT-tensorflow-2021-41202,CVE-2021-41202,PYSEC-2021-395,PYSEC-2021-612,PYSEC-2021-810",CWE-681,CVSS:4.0/AV:L/AC:L/AT:N/PR:L/UI:N/VC:N/VI:N/VA:H/SC:N/SI:N/SA:N,"PYSEC-2021-612,GHSA-xrqm-fpgr-6hhx",
,lockfile,tensorflow-cpu,2.3.4,PyPI,GHSA-xvwp-h6jv-7472,HIGH,"BIT-tensorflow-2022-41900,CVE-2022-41900","CWE-125,CWE-787",CVSS:3.1/AV:N/AC:H/PR:L/UI:R/S:U/C:H/I:H/A:H,GHSA-xvwp-h6jv-7472,
,lockfile,tensorflow-cpu,2.3.4,PyPI,GHSA-xwhf-g6j5-j5gc,MODERATE,"BIT-tensorflow-2020-15266,CVE-2020-15266,PYSEC-2020-139,PYSEC-2020-296,PYSEC-2020-331",CWE-119,CVSS:4.0/AV:N/AC:L/AT:P/PR:N/UI:N/VC:N/VI:N/VA:L/SC:N/SI:N/SA:N,"PYSEC-2020-296,GHSA-xwhf-g6j5-j5gc",
,lockfile,tensorflow-cpu,2.3.4,PyPI,GHSA-xxcj-rhqg-m46g,MODERATE,"BIT-tensorflow-2022-41889,CVE-2022-41889",CWE-476,CVSS:3.1/AV:L/AC:L/PR:L/UI:N/S:U/C:N/I:N/A:H,GHSA-xxcj-rhqg-m46g,
,lockfile,tensorflow-cpu,2.3.4,PyPI,PYSEC-2020-295,,"BIT-tensorflow-2020-15265,CVE-2020-15265,GHSA-rrfp-j2mp-hq9c,PYSEC-2020-138,PYSEC-2020-330",,,"PYSEC-2020-295,GHSA-rrfp-j2mp-hq9c",
,lockfile,tensorflow-cpu,2.3.4,PyPI,PYSEC-2020-296,,"BIT-tensorflow-2020-15266,CVE-2020-15266,GHSA-xwhf-g6j5-j5gc,PYSEC-2020-139,PYSEC-2020-331",,,"PYSEC-2020-296,GHSA-xwhf-g6j5-j5gc",
,lockfile,tensorflow-cpu,2.3.4,PyPI,PYSEC-2021-606,,"BIT-tensorflow-2021-41196,CVE-2021-41196,GHSA-m539-j985-hcr8,PYSEC-2021-389,PYSEC-2021-804",,,"PYSEC-2021-606,GHSA-m539-j985-hcr8",
,lockfile,tensorflow-cpu,2.3.4,PyPI,PYSEC-2021-607,,"BIT-tensorflow-2021-41197,CVE-2021-41197,GHSA-prcg-wp5q-rv7p,PYSEC-2021-390,PYSEC-2021-805",,,"PYSEC-2021-607,GHSA-prcg-wp5q-rv7p",
,lockfile,tensorflow-cpu,2.3.4,PyPI,PYSEC-2021-608,,"BIT-tensorflow-2021-41198,CVE-2021-41198,GHSA-2p25-55c9-h58q,PYSEC-2021-391,PYSEC-2021-806",,,"PYSEC-2021-608,GHSA-2p25-55c9-h58q",
,lockfile,tensorflow-cpu,2.3.4,PyPI,PYSEC-2021-609,,"BIT-tensorflow-2021-41199,CVE-2021-41199,GHSA-5hx2-qx8j-qjqm,PYSEC-2021-392,PYSEC-2021-807",,,"PYSEC-2021-609,GHSA-5hx2-qx8j-qjqm",
,lockfile,tensorflow-cpu,2.3.4,PyPI,PYSEC-2021-610,,"BIT-tensorflow-2021-41200,CVE-2021-41200,GHSA-gh8h-7j2j-qv4f,PYSEC-2021-393,PYSEC-2021-808",,,"PYSEC-2021-610,GHSA-gh8h-7j2j-qv4f",
,lockfile,tensorflow-cpu,2.3.4,PyPI,PYSEC-2021-611,,"BIT-tensorflow-2021-41201,CVE-2021-41201,GHSA-j86v-p27c-73fm,PYSEC-2021-394,PYSEC-2021-809",,,"PYSEC-2021-611,GHSA-j86v-p27c-73fm",
,lockfile,tensorflow-cpu,2.3.4,PyPI,PYSEC-2021-612,,"BIT-tensorflow-2021-41202,CVE-2021-41202,GHSA-xrqm-fpgr-6hhx,PYSEC-2021-395,PYSEC-2021-810",,,"PYSEC-2021-612,GHSA-xrqm-fpgr-6hhx",
,lockfile,tensorflow-cpu,2.3.4,PyPI,PYSEC-2021-613,,"BIT-tensorflow-2021-41203,CVE-2021-41203,GHSA-7pxj-m4jf-r6h2,PYSEC-2021-396,PYSEC-2021-811",,,"PYSEC-2021-613,GHSA-7pxj-m4jf-r6h2",
,lockfile,tensorflow-cpu,2.3.4,PyPI,PYSEC-2021-614,,"BIT-tensorflow-2021-41204,CVE-2021-41204,GHSA-786j-5qwq-r36x,PYSEC-2021-397,PYSEC-2021-812",,,"PYSEC-2021-614,GHSA-786j-5qwq-r36x",
,lockfile,tensorflow-cpu,2.3.4,PyPI,PYSEC-2021-615,,"BIT-tensorflow-2021-41205,CVE-2021-41205,GHSA-49rx-x2rw-pc6f,PYSEC-2021-398,PYSEC-2021-813",,,"PYSEC-2021-615,GHSA-49rx-x2rw-pc6f",
,lockfile,tensorflow-cpu,2.3.4,PyPI,PYSEC-2021-616,,"BIT-tensorflow-2021-41207,CVE-2021-41207,GHSA-7v94-64hj-m82h,PYSEC-2021-399,PYSEC-2021-814",,,"PYSEC-2021-616,GHSA-7v94-64hj-m82h",
,lockfile,tensorflow-cpu,2.3.4,PyPI,PYSEC-2021-617,,"BIT-tensorflow-2021-41208,CVE-2021-41208,GHSA-57wx-m983-2f88,PYSEC-2021-400,PYSEC-2021-815",,,"PYSEC-2021-617,GHSA-57wx-m983-2f88",
,lockfile,tensorflow-cpu,2.3.4,PyPI,PYSEC-2021-618,,"BIT-tensorflow-2021-41209,CVE-2021-41209,GHSA-6hpv-v2rx-c5g6,PYSEC-2021-401,PYSEC-2021-816",,,"PYSEC-2021-618,GHSA-6hpv-v2rx-c5g6",
,lockfile,tensorflow-cpu,2.3.4,PyPI,PYSEC-2021-619,,"BIT-tensorflow-2021-41210,CVE-2021-41210,GHSA-m342-ff57-4jcc,PYSEC-2021-402,PYSEC-2021-817",,,"PYSEC-2021-619,GHSA-m342-ff57-4jcc",
,lockfile,tensorflow-cpu,2.3.4,PyPI,PYSEC-2021-621,,"BIT-tensorflow-2021-41212,CVE-2021-41212,GHSA-fr77-rrx3-cp7g,PYSEC-2021-404,PYSEC-2021-819",,,"PYSEC-2021-621,GHSA-fr77-rrx3-cp7g",
,lockfile,tensorflow-cpu,2.3.4,PyPI,PYSEC-2021-622,,"BIT-tensorflow-2021-41213,CVE-2021-41213,GHSA-h67m-xg8f-fxcf,PYSEC-2021-405,PYSEC-2021-820",,,"PYSEC-2021-622,GHSA-h67m-xg8f-fxcf",
,lockfile,tensorflow-cpu,2.3.4,PyPI,PYSEC-2021-623,,"BIT-tensorflow-2021-41214,CVE-2021-41214,GHSA-vwhq-49r4-gj9v,PYSEC-2021-406,PYSEC-2021-821",,,"PYSEC-2021-623,GHSA-vwhq-49r4-gj9v",
,lockfile,tensorflow-cpu,2.3.4,PyPI,PYSEC-2021-624,,"BIT-tensorflow-2021-41215,CVE-2021-41215,GHSA-x3v8-c8qx-3j3r,PYSEC-2021-407,PYSEC-2021-822",,,"PYSEC-2021-624,GHSA-x3v8-c8qx-3j3r",
,lockfile,tensorflow-cpu,2.3.4,PyPI,PYSEC-2021-625,,"BIT-tensorflow-2021-41216,CVE-2021-41216,GHSA-3ff2-r28g-w7h9,PYSEC-2021-408,PYSEC-2021-823",,,"PYSEC-2021-625,GHSA-3ff2-r28g-w7h9",
,lockfile,tensorflow-cpu,2.3.4,PyPI,PYSEC-2021-626,,"BIT-tensorflow-2021-41217,CVE-2021-41217,GHSA-5crj-c72x-m7gq,PYSEC-2021-409,PYSEC-2021-824",,,"PYSEC-2021-626,GHSA-5crj-c72x-m7gq",
,lockfile,tensorflow-cpu,2.3.4,PyPI,PYSEC-2021-627,,"BIT-tensorflow-2021-41218,CVE-2021-41218,GHSA-9crf-c6qr-r273,PYSEC-2021-410,PYSEC-2021-825",,,"PYSEC-2021-627,GHSA-9crf-c6qr-r273",
,lockfile,tensorflow-cpu,2.3.4,PyPI,PYSEC-2021-628,,"BIT-tensorflow-2021-41219,CVE-2021-41219,GHSA-4f99-p9c2-3j8x,PYSEC-2021-411,PYSEC-2021-826",,,"PYSEC-2021-628,GHSA-4f99-p9c2-3j8x",
,lockfile,tensorflow-cpu,2.3.4,PyPI,PYSEC-2021-630,,"BIT-tensorflow-2021-41221,CVE-2021-41221,GHSA-cqv6-3phm-hcwx,PYSEC-2021-413,PYSEC-2021-828",,,"PYSEC-2021-630,GHSA-cqv6-3phm-hcwx",
,lockfile,tensorflow-cpu,2.3.4,PyPI,PYSEC-2021-631,,"BIT-tensorflow-2021-41222,CVE-2021-41222,GHSA-cpf4-wx82-gxp6,PYSEC-2021-414,PYSEC-2021-829",,,"PYSEC-2021-631,GHSA-cpf4-wx82-gxp6",
,lockfile,tensorflow-cpu,2.3.4,PyPI,PYSEC-2021-632,,"BIT-tensorflow-2021-41223,CVE-2021-41223,GHSA-f54p-f6jp-4rhr,PYSEC-2021-415,PYSEC-2021-830",,,"PYSEC-2021-632,GHSA-f54p-f6jp-4rhr",
,lockfile,tensorflow-cpu,2.3.4,PyPI,PYSEC-2021-633,,"BIT-tensorflow-2021-41224,CVE-2021-41224,GHSA-rg3m-hqc5-344v,PYSEC-2021-416,PYSEC-2021-831",,,"PYSEC-2021-633,GHSA-rg3m-hqc5-344v",
,lockfile,tensorflow-cpu,2.3.4,PyPI,PYSEC-2021-634,,"BIT-tensorflow-2021-41225,CVE-2021-41225,GHSA-7r94-xv9v-63jw,PYSEC-2021-417,PYSEC-2021-832",,,"PYSEC-2021-634,GHSA-7r94-xv9v-63jw",
,lockfile,tensorflow-cpu,2.3.4,PyPI,PYSEC-2021-635,,"BIT-tensorflow-2021-41226,CVE-2021-41226,GHSA-374m-jm66-3vj8,PYSEC-2021-418,PYSEC-2021-833",,,"PYSEC-2021-635,GHSA-374m-jm66-3vj8",
,lockfile,tensorflow-cpu,2.3.4,PyPI,PYSEC-2021-636,,"BIT-tensorflow-2021-41227,CVE-2021-41227,GHSA-j8c8-67vp-6mx7,PYSEC-2021-419,PYSEC-2021-834",,,"PYSEC-2021-636,GHSA-j8c8-67vp-6mx7",
,lockfile,tensorflow-cpu,2.3.4,PyPI,PYSEC-2021-637,,"BIT-tensorflow-2021-41228,CVE-2021-41228,GHSA-3rcw-9p9x-582v,PYSEC-2021-420,PYSEC-2021-835",,,"PYSEC-2021-637,GHSA-3rcw-9p9x-582v",
,lockfile,tensorflow-cpu,2.3.4,PyPI,PYSEC-2021-844,,"BIT-tensorflow-2021-41195,CVE-2021-41195,GHSA-cq76-mxrc-vchh,PYSEC-2021-842,PYSEC-2021-846",,,"PYSEC-2021-844,GHSA-cq76-mxrc-vchh",
,lockfile,tensorflow-cpu,2.3.4,PyPI,PYSEC-2021-845,,"BIT-tensorflow-2021-41206,CVE-2021-41206,GHSA-pgcq-h79j-2f69,PYSEC-2021-843,PYSEC-2021-847",,,"PYSEC-2021-845,GHSA-pgcq-h79j-2f69",
,lockfile,tensorflow-cpu,2.3.4,PyPI,PYSEC-2022-100,,"BIT-tensorflow-2022-23591,CVE-2022-23591,GHSA-247x-2f9f-5wp7,PYSEC-2022-155",,,"PYSEC-2022-100,GHSA-247x-2f9f-5wp7",
,lockfile,tensorflow-cpu,2.3.4,PyPI,PYSEC-2022-103,,"BIT-tensorflow-2022-23595,CVE-2022-23595,GHSA-fpcp-9h7m-ffpx,PYSEC-2022-158",,,"PYSEC-2022-103,GHSA-fpcp-9h7m-ffpx",
,lockfile,tensorflow-cpu,2.3.4,PyPI,PYSEC-2022-49,,"BIT-tensorflow-2022-21725,CVE-2022-21725,GHSA-v3f7-j968-4h5f,PYSEC-2022-104",,,"PYSEC-2022-49,GHSA-v3f7-j968-4h5f",
,lockfile,tensorflow-cpu,2.3.4,PyPI,PYSEC-2022-50,,"BIT-tensorflow-2022-21726,CVE-2022-21726,GHSA-23hm-7w47-xw72,PYSEC-2022-105",,,"PYSEC-2022-50,GHSA-23hm-7w47-xw72",
,lockfile,tensorflow-cpu,2.3.4,PyPI,PYSEC-2022-51,,"BIT-tensorflow-2022-21727,CVE-2022-21727,GHSA-c6fh-56w7-fvjw,PYSEC-2022-106",,,"PYSEC-2022-51,GHSA-c6fh-56w7-fvjw",
,lockfile,tensorflow-cpu,2.3.4,PyPI,PYSEC-2022-52,,"BIT-tensorflow-2022-21728,CVE-2022-21728,GHSA-6gmv-pjp9-p8w8,PYSEC-2022-107",,,"PYSEC-2022-52,GHSA-6gmv-pjp9-p8w8",
,lockfile,tensorflow-cpu,2.3.4,PyPI,PYSEC-2022-53,,"BIT-tensorflow-2022-21729,CVE-2022-21729,GHSA-34f9-hjfq-rr8j,PYSEC-2022-108",,,"PYSEC-2022-53,GHSA-34f9-hjfq-rr8j",
,lockfile,tensorflow-cpu,2.3.4,PyPI,PYSEC-2022-54,,"BIT-tensorflow-2022-21730,CVE-2022-21730,GHSA-vjg4-v33c-ggc4,PYSEC-2022-109",,,"PYSEC-2022-54,GHSA-vjg4-v33c-ggc4",
,lockfile,tensorflow-cpu,2.3.4,PyPI,PYSEC-2022-55,,"BIT-tensorflow-2022-21731,CVE-2022-21731,GHSA-m4hf-j54p-p353,PYSEC-2022-110",,,"PYSEC-2022-55,GHSA-m4hf-j54p-p353",
,lockfile,tensorflow-cpu,2.3.4,PyPI,PYSEC-2022-56,,"BIT-tensorflow-2022-21732,CVE-2022-21732,GHSA-c582-c96p-r5cq,PYSEC-2022-111",,,"PYSEC-2022-56,GHSA-c582-c96p-r5cq",
,lockfile,tensorflow-cpu,2.3.4,PyPI,PYSEC-2022-57,,"BIT-tensorflow-2022-21733,CVE-2022-21733,GHSA-98j8-c9q4-r38g,PYSEC-2022-112",,,"PYSEC-2022-57,GHSA-98j8-c9q4-r38g",
,lockfile,tensorflow-cpu,2.3.4,PyPI,PYSEC-2022-58,,"BIT-tensorflow-2022-21734,CVE-2022-21734,GHSA-gcvh-66ff-4mwm,PYSEC-2022-113",,,"PYSEC-2022-58,GHSA-gcvh-66ff-4mwm",
,lockfile,tensorflow-cpu,2.3.4,PyPI,PYSEC-2022-59,,"BIT-tensorflow-2022-21735,CVE-2022-21735,GHSA-87v6-crgm-2gfj,PYSEC-2022-114",,,"PYSEC-2022-59,GHSA-87v6-crgm-2gfj",
,lockfile,tensorflow-cpu,2.3.4,PyPI,PYSEC-2022-60,,"BIT-tensorflow-2022-21736,CVE-2022-21736,GHSA-pfjj-m3jj-9jc9,PYSEC-2022-115",,,"PYSEC-2022-60,GHSA-pfjj-m3jj-9jc9",
,lockfile,tensorflow-cpu,2.3.4,PyPI,PYSEC-2022-61,,"BIT-tensorflow-2022-21737,CVE-2022-21737,GHSA-f2vv-v9cg-qhh7,PYSEC-2022-116",,,"PYSEC-2022-61,GHSA-f2vv-v9cg-qhh7",
,lockfile,tensorflow-cpu,2.3.4,PyPI,PYSEC-2022-62,,"BIT-tensorflow-2022-21738,CVE-2022-21738,GHSA-x4qx-4fjv-hmw6,PYSEC-2022-117",,,"PYSEC-2022-62,GHSA-x4qx-4fjv-hmw6",
,lockfile,tensorflow-cpu,2.3.4,PyPI,PYSEC-2022-63,,"BIT-tensorflow-2022-21739,CVE-2022-21739,GHSA-3mw4-6rj6-74g5,PYSEC-2022-118",,,"PYSEC-2022-63,GHSA-3mw4-6rj6-74g5",
,lockfile,tensorflow-cpu,2.3.4,PyPI,PYSEC-2022-64,,"BIT-tensorflow-2022-21740,CVE-2022-21740,GHSA-44qp-9wwf-734r,PYSEC-2022-119",,,"PYSEC-2022-64,GHSA-44qp-9wwf-734r",
,lockfile,tensorflow-cpu,2.3.4,PyPI,PYSEC-2022-65,,"BIT-tensorflow-2022-21741,CVE-2022-21741,GHSA-428x-9xc2-m8mj,PYSEC-2022-120",,,"PYSEC-2022-65,GHSA-428x-9xc2-m8mj",
,lockfile,tensorflow-cpu,2.3.4,PyPI,PYSEC-2022-66,,"BIT-tensorflow-2022-23557,CVE-2022-23557,GHSA-gf2j-f278-xh4v,PYSEC-2022-121",,,"PYSEC-2022-66,GHSA-gf2j-f278-xh4v",
,lockfile,tensorflow-cpu,2.3.4,PyPI,PYSEC-2022-67,,"BIT-tensorflow-2022-23558,CVE-2022-23558,GHSA-9gwq-6cwj-47h3,PYSEC-2022-122",,,"PYSEC-2022-67,GHSA-9gwq-6cwj-47h3",
,lockfile,tensorflow-cpu,2.3.4,PyPI,PYSEC-2022-68,,"BIT-tensorflow-2022-23559,CVE-2022-23559,GHSA-98p5-x8x4-c9m5,PYSEC-2022-123",,,"PYSEC-2022-68,GHSA-98p5-x8x4-c9m5",
,lockfile,tensorflow-cpu,2.3.4,PyPI,PYSEC-2022-69,,"BIT-tensorflow-2022-23560,CVE-2022-23560,GHSA-4hvf-hxvg-f67v,PYSEC-2022-124",,,"PYSEC-2022-69,GHSA-4hvf-hxvg-f67v",
,lockfile,tensorflow-cpu,2.3.4,PyPI,PYSEC-2022-70,,"BIT-tensorflow-2022-23561,CVE-2022-23561,GHSA-9c78-vcq7-7vxq,PYSEC-2022-125",,,"PYSEC-2022-70,GHSA-9c78-vcq7-7vxq",
,lockfile,tensorflow-cpu,2.3.4,PyPI,PYSEC-2022-71,,"BIT-tensorflow-2022-23562,CVE-2022-23562,GHSA-qx3f-p745-w4hr,PYSEC-2022-126",,,"PYSEC-2022-71,GHSA-qx3f-p745-w4hr",
,lockfile,tensorflow-cpu,2.3.4,PyPI,PYSEC-2022-72,,"BIT-tensorflow-2022-23563,CVE-2022-23563,GHSA-wc4g-r73w-x8mm,PYSEC-2022-127",,,"PYSEC-2022-72,GHSA-wc4g-r73w-x8mm",
,lockfile,tensorflow-cpu,2.3.4,PyPI,PYSEC-2022-73,,"BIT-tensorflow-2022-23564,CVE-2022-23564,GHSA-8rcj-c8pj-v3m3,PYSEC-2022-128",,,"PYSEC-2022-73,GHSA-8rcj-c8pj-v3m3",
,lockfile,tensorflow-cpu,2.3.4,PyPI,PYSEC-2022-74,,"BIT-tensorflow-2022-23565,CVE-2022-23565,GHSA-4v5p-v5h9-6xjx,PYSEC-2022-129",,,"PYSEC-2022-74,GHSA-4v5p-v5h9-6xjx",
,lockfile,tensorflow-cpu,2.3.4,PyPI,PYSEC-2022-75,,"BIT-tensorflow-2022-23566,CVE-2022-23566,GHSA-5qw5-89mw-wcg2,PYSEC-2022-130",,,"PYSEC-2022-75,GHSA-5qw5-89mw-wcg2",
,lockfile,tensorflow-cpu,2.3.4,PyPI,PYSEC-2022-76,,"BIT-tensorflow-2022-23567,CVE-2022-23567,GHSA-rrx2-r989-2c43,PYSEC-2022-131",,,"PYSEC-2022-76,GHSA-rrx2-r989-2c43",
,lockfile,tensorflow-cpu,2.3.4,PyPI,PYSEC-2022-77,,"BIT-tensorflow-2022-23568,CVE-2022-23568,GHSA-6445-fm66-fvq2,PYSEC-2022-132",,,"PYSEC-2022-77,GHSA-6445-fm66-fvq2",
,lockfile,tensorflow-cpu,2.3.4,PyPI,PYSEC-2022-78,,"BIT-tensorflow-2022-23569,CVE-2022-23569,GHSA-qj5r-f9mv-rffh,PYSEC-2022-133",,,"PYSEC-2022-78,GHSA-qj5r-f9mv-rffh",
,lockfile,tensorflow-cpu,2.3.4,PyPI,PYSEC-2022-79,,"BIT-tensorflow-2022-23570,CVE-2022-23570,GHSA-9p77-mmrw-69c7,PYSEC-2022-134",,,"PYSEC-2022-79,GHSA-9p77-mmrw-69c7",
,lockfile,tensorflow-cpu,2.3.4,PyPI,PYSEC-2022-80,,"BIT-tensorflow-2022-23571,CVE-2022-23571,GHSA-j3mj-fhpq-qqjj,PYSEC-2022-135",,,"PYSEC-2022-80,GHSA-j3mj-fhpq-qqjj",
,lockfile,tensorflow-cpu,2.3.4,PyPI,PYSEC-2022-81,,"BIT-tensorflow-2022-23572,CVE-2022-23572,GHSA-rww7-2gpw-fv6j,PYSEC-2022-136",,,"PYSEC-2022-81,GHSA-rww7-2gpw-fv6j",
,lockfile,tensorflow-cpu,2.3.4,PyPI,PYSEC-2022-82,,"BIT-tensorflow-2022-23573,CVE-2022-23573,GHSA-q85f-69q7-55h2,PYSEC-2022-137",,,"PYSEC-2022-82,GHSA-q85f-69q7-55h2",
,lockfile,tensorflow-cpu,2.3.4,PyPI,PYSEC-2022-83,,"BIT-tensorflow-2022-23574,CVE-2022-23574,GHSA-77gp-3h4r-6428,PYSEC-2022-138",,,"PYSEC-2022-83,GHSA-77gp-3h4r-6428",
,lockfile,tensorflow-cpu,2.3.4,PyPI,PYSEC-2022-84,,"BIT-tensorflow-2022-23575,CVE-2022-23575,GHSA-c94w-c95p-phf8,PYSEC-2022-139",,,"PYSEC-2022-84,GHSA-c94w-c95p-phf8",
,lockfile,tensorflow-cpu,2.3.4,PyPI,PYSEC-2022-85,,"BIT-tensorflow-2022-23576,CVE-2022-23576,GHSA-wm93-f238-7v37,PYSEC-2022-140",,,"PYSEC-2022-85,GHSA-wm93-f238-7v37",
,lockfile,tensorflow-cpu,2.3.4,PyPI,PYSEC-2022-86,,"BIT-tensorflow-2022-23577,CVE-2022-23577,GHSA-8cxv-76p7-jxwr,PYSEC-2022-141",,,"PYSEC-2022-86,GHSA-8cxv-76p7-jxwr",
,lockfile,tensorflow-cpu,2.3.4,PyPI,PYSEC-2022-87,,"BIT-tensorflow-2022-23578,CVE-2022-23578,GHSA-8r7c-3cm2-3h8f,PYSEC-2022-142",,,"PYSEC-2022-87,GHSA-8r7c-3cm2-3h8f",
,lockfile,tensorflow-cpu,2.3.4,PyPI,PYSEC-2022-88,,"BIT-tensorflow-2022-23579,CVE-2022-23579,GHSA-5f2r-qp73-37mr,PYSEC-2022-143",,,"PYSEC-2022-88,GHSA-5f2r-qp73-37mr",
,lockfile,tensorflow-cpu,2.3.4,PyPI,PYSEC-2022-89,,"BIT-tensorflow-2022-23580,CVE-2022-23580,GHSA-627q-g293-49q7,PYSEC-2022-144",,,"PYSEC-2022-89,GHSA-627q-g293-49q7",
,lockfile,tensorflow-cpu,2.3.4,PyPI,PYSEC-2022-90,,"BIT-tensorflow-2022-23581,CVE-2022-23581,GHSA-fq86-3f29-px2c,PYSEC-2022-145",,,"PYSEC-2022-90,GHSA-fq86-3f29-px2c",
,lockfile,tensorflow-cpu,2.3.4,PyPI,PYSEC-2022-91,,"BIT-tensorflow-2022-23582,CVE-2022-23582,GHSA-4j82-5ccr-4r8v,PYSEC-2022-146",,,"PYSEC-2022-91,GHSA-4j82-5ccr-4r8v",
,lockfile,tensorflow-cpu,2.3.4,PyPI,PYSEC-2022-92,,"BIT-tensorflow-2022-23583,CVE-2022-23583,GHSA-gjqc-q9g6-q2j3,PYSEC-2022-147",,,"PYSEC-2022-92,GHSA-gjqc-q9g6-q2j3",
,lockfile,tensorflow-cpu,2.3.4,PyPI,PYSEC-2022-93,,"BIT-tensorflow-2022-23584,CVE-2022-23584,GHSA-24x4-6qmh-88qg,PYSEC-2022-148",,,"PYSEC-2022-93,GHSA-24x4-6qmh-88qg",
,lockfile,tensorflow-cpu,2.3.4,PyPI,PYSEC-2022-94,,"BIT-tensorflow-2022-23585,CVE-2022-23585,GHSA-fq6p-6334-8gr4,PYSEC-2022-149",,,"PYSEC-2022-94,GHSA-fq6p-6334-8gr4",
,lockfile,tensorflow-cpu,2.3.4,PyPI,PYSEC-2022-95,,"BIT-tensorflow-2022-23586,CVE-2022-23586,GHSA-43jf-985q-588j,PYSEC-2022-150",,,"PYSEC-2022-95,GHSA-43jf-985q-588j",
,lockfile,tensorflow-cpu,2.3.4,PyPI,PYSEC-2022-96,,"BIT-tensorflow-2022-23587,CVE-2022-23587,GHSA-8jj7-5vxc-pg2q,PYSEC-2022-151",,,"PYSEC-2022-96,GHSA-8jj7-5vxc-pg2q",
,lockfile,tensorflow-cpu,2.3.4,PyPI,PYSEC-2022-97,,"BIT-tensorflow-2022-23588,CVE-2022-23588,GHSA-fx5c-h9f6-rv7c,PYSEC-2022-152",,,"PYSEC-2022-97,GHSA-fx5c-h9f6-rv7c",
,lockfile,tensorflow-cpu,2.3.4,PyPI,PYSEC-2022-98,,"BIT-tensorflow-2022-23589,CVE-2022-23589,GHSA-9px9-73fg-3fqp,PYSEC-2022-153",,,"PYSEC-2022-98,GHSA-9px9-73fg-3fqp",
,lockfile,tensorflow-cpu,2.3.4,PyPI,PYSEC-2022-99,,"BIT-tensorflow-2022-23590,CVE-2022-23590,GHSA-pqrv-8r2f-7278,PYSEC-2022-154",,,"PYSEC-2022-99,GHSA-pqrv-8r2f-7278",
,lockfile,tensorflow-cpu,2.4.0,PyPI,GHSA-23hm-7w47-xw72,HIGH,"BIT-tensorflow-2022-21726,CVE-2022-21726,PYSEC-2022-105,PYSEC-2022-50",CWE-125,CVSS:4.0/AV:N/AC:L/AT:N/PR:L/UI:N/VC:H/VI:N/VA:H/SC:N/SI:N/SA:N,"PYSEC-2022-50,GHSA-23hm-7w47-xw72",
,lockfile,tensorflow-cpu,2.4.0,PyPI,GHSA-2475-53vw-vp25,MODERATE,"BIT-tensorflow-2022-35968,CVE-2022-35968",CWE-617,CVSS:3.1/AV:N/AC:H/PR:N/UI:N/S:U/C:N/I:N/A:H,GHSA-2475-53vw-vp25,
,lockfile,tensorflow-cpu,2.4.0,PyPI,GHSA-247x-2f9f-5wp7,HIGH,"BIT-tensorflow-2022-23591,CVE-2022-23591,PYSEC-2022-100,PYSEC-2022-155","CWE-400,CWE-674",CVSS:4.0/AV:N/AC:L/AT:N/PR:L/UI:N/VC:N/VI:N/VA:H/SC:N/SI:N/SA:N,"PYSEC-2022-100,GHSA-247x-2f9f-5wp7",
,lockfile,tensorflow-cpu,2.4.0,PyPI,GHSA-24x4-6qmh-88qg,HIGH,"BIT-tensorflow-2022-23584,CVE-2022-23584,PYSEC-2022-148,PYSEC-2022-93",CWE-416,CVSS:3.1/AV:N/AC:L/PR:L/UI:N/S:U/C:L/I:L/A:H,"PYSEC-2022-93,GHSA-24x4-6qmh-88qg",
,lockfile,tensorflow-cpu,2.4.0,PyPI,GHSA-24x6-8c7m-hv3f,LOW,"BIT-tensorflow-2021-29590,CVE-2021-29590,PYSEC-2021-227,PYSEC-2021-518,PYSEC-2021-716",CWE-125,CVSS:4.0/AV:L/AC:L/AT:P/PR:L/UI:N/VC:N/VI:N/VA:L/SC:N/SI:N/SA:N,"PYSEC-2021-518,GHSA-24x6-8c7m-hv3f",
,lockfile,tensorflow-cpu,2.4.0,PyPI,GHSA-26j7-6w8w-7922,LOW,"BIT-tensorflow-2021-29586,CVE-2021-29586,PYSEC-2021-223,PYSEC-2021-514,PYSEC-2021-712",CWE-369,CVSS:4.0/AV:N/AC:L/AT:P/PR:L/UI:N/VC:N/VI:N/VA:L/SC:N/SI:N/SA:N,"PYSEC-2021-514,GHSA-26j7-6w8w-7922",
,lockfile,tensorflow-cpu,2.4.0,PyPI,GHSA-278g-rq84-9hmg,MODERATE,"BIT-tensorflow-2021-37673,CVE-2021-37673,PYSEC-2021-295,PYSEC-2021-586,PYSEC-2021-784",CWE-20,CVSS:4.0/AV:L/AC:L/AT:N/PR:L/UI:N/VC:N/VI:N/VA:H/SC:N/SI:N/SA:N,"PYSEC-2021-586,GHSA-278g-rq84-9hmg",
,lockfile,tensorflow-cpu,2.4.0,PyPI,GHSA-27j5-4p9v-pp67,MODERATE,"BIT-tensorflow-2021-37644,CVE-2021-37644,PYSEC-2021-266,PYSEC-2021-557,PYSEC-2021-755",CWE-617,CVSS:4.0/AV:L/AC:L/AT:P/PR:L/UI:N/VC:N/VI:N/VA:H/SC:N/SI:N/SA:N,"PYSEC-2021-557,GHSA-27j5-4p9v-pp67",
,lockfile,tensorflow-cpu,2.4.0,PyPI,GHSA-27qf-jwm8-g7f3,MODERATE,"BIT-tensorflow-2021-37691,CVE-2021-37691,PYSEC-2021-313,PYSEC-2021-604,PYSEC-2021-802",CWE-369,CVSS:4.0/AV:L/AC:L/AT:N/PR:L/UI:N/VC:N/VI:N/VA:H/SC:N/SI:N/SA:N,"PYSEC-2021-604,GHSA-27qf-jwm8-g7f3",
,lockfile,tensorflow-cpu,2.4.0,PyPI,GHSA-27rc-728f-x5w2,MODERATE,"BIT-tensorflow-2022-41899,CVE-2022-41899","CWE-20,CWE-617",CVSS:3.1/AV:N/AC:H/PR:L/UI:R/S:U/C:N/I:N/A:H,GHSA-27rc-728f-x5w2,
,lockfile,tensorflow-cpu,2.4.0,PyPI,GHSA-2cpx-427x-q2c6,LOW,"BIT-tensorflow-2021-29523,CVE-2021-29523,PYSEC-2021-160,PYSEC-2021-451,PYSEC-2021-649",CWE-190,CVSS:4.0/AV:L/AC:L/AT:P/PR:L/UI:N/VC:N/VI:N/VA:L/SC:N/SI:N/SA:N,"PYSEC-2021-451,GHSA-2cpx-427x-q2c6",
,lockfile,tensorflow-cpu,2.4.0,PyPI,GHSA-2gfx-95x2-5v3x,LOW,"BIT-tensorflow-2021-29536,CVE-2021-29536,PYSEC-2021-173,PYSEC-2021-464,PYSEC-2021-662",CWE-787,CVSS:4.0/AV:L/AC:L/AT:P/PR:L/UI:N/VC:N/VI:N/VA:L/SC:N/SI:N/SA:N,"PYSEC-2021-464,GHSA-2gfx-95x2-5v3x",
,lockfile,tensorflow-cpu,2.4.0,PyPI,GHSA-2p25-55c9-h58q,MODERATE,"BIT-tensorflow-2021-41198,CVE-2021-41198,PYSEC-2021-391,PYSEC-2021-608,PYSEC-2021-806",CWE-190,CVSS:4.0/AV:L/AC:L/AT:N/PR:L/UI:N/VC:N/VI:N/VA:H/SC:N/SI:N/SA:N,"PYSEC-2021-608,GHSA-2p25-55c9-h58q",
,lockfile,tensorflow-cpu,2.4.0,PyPI,GHSA-2p9q-h29j-3f5v,MODERATE,"BIT-tensorflow-2022-29193,CVE-2022-29193",CWE-20,CVSS:3.1/AV:L/AC:L/PR:L/UI:N/S:U/C:N/I:N/A:H,GHSA-2p9q-h29j-3f5v,
,lockfile,tensorflow-cpu,2.4.0,PyPI,GHSA-2r2f-g8mw-9gvr,HIGH,"BIT-tensorflow-2022-29208,CVE-2022-29208",CWE-787,CVSS:3.1/AV:L/AC:L/PR:L/UI:N/S:U/C:N/I:H/A:H,GHSA-2r2f-g8mw-9gvr,
,lockfile,tensorflow-cpu,2.4.0,PyPI,GHSA-2r8p-fg3c-wcj4,HIGH,"BIT-tensorflow-2021-37654,CVE-2021-37654,PYSEC-2021-276,PYSEC-2021-567,PYSEC-2021-765",CWE-125,CVSS:4.0/AV:L/AC:L/AT:N/PR:L/UI:N/VC:H/VI:L/VA:H/SC:N/SI:N/SA:N,"PYSEC-2021-567,GHSA-2r8p-fg3c-wcj4",
,lockfile,tensorflow-cpu,2.4.0,PyPI,GHSA-2vv3-56qg-g2cf,MODERATE,"BIT-tensorflow-2022-29200,CVE-2022-29200","CWE-1284,CWE-20",CVSS:3.1/AV:L/AC:L/PR:L/UI:N/S:U/C:N/I:N/A:H,GHSA-2vv3-56qg-g2cf,
,lockfile,tensorflow-cpu,2.4.0,PyPI,GHSA-2wmv-37vq-52g5,MODERATE,"BIT-tensorflow-2021-37668,CVE-2021-37668,PYSEC-2021-290,PYSEC-2021-581,PYSEC-2021-779",CWE-369,CVSS:4.0/AV:L/AC:L/AT:N/PR:L/UI:N/VC:N/VI:N/VA:H/SC:N/SI:N/SA:N,"PYSEC-2021-581,GHSA-2wmv-37vq-52g5",
,lockfile,tensorflow-cpu,2.4.0,PyPI,GHSA-2xgj-xhgf-ggjv,LOW,"BIT-tensorflow-2021-29612,CVE-2021-29612,PYSEC-2021-249,PYSEC-2021-540,PYSEC-2021-738","CWE-120,CWE-787",CVSS:4.0/AV:L/AC:L/AT:P/PR:L/UI:N/VC:N/VI:L/VA:L/SC:N/SI:N/SA:N,"PYSEC-2021-540,GHSA-2xgj-xhgf-ggjv",
,lockfile,tensorflow-cpu,2.4.0,PyPI,GHSA-34f9-hjfq-rr8j,HIGH,"BIT-tensorflow-2022-21729,CVE-2022-21729,PYSEC-2022-108,PYSEC-2022-53",CWE-190,CVSS:4.0/AV:N/AC:L/AT:N/PR:L/UI:N/VC:N/VI:N/VA:H/SC:N/SI:N/SA:N,"PYSEC-2022-53,GHSA-34f9-hjfq-rr8j",
,lockfile,tensorflow-cpu,2.4.0,PyPI,GHSA-368v-7v32-52fx,MODERATE,"BIT-tensorflow-2022-41907,CVE-2022-41907",CWE-131,CVSS:3.1/AV:N/AC:H/PR:L/UI:R/S:U/C:N/I:N/A:H,GHSA-368v-7v32-52fx,
,lockfile,tensorflow-cpu,2.4.0,PyPI,GHSA-36vm-xw34-x4pj,LOW,"BIT-tensorflow-2021-29562,CVE-2021-29562,PYSEC-2021-199,PYSEC-2021-490,PYSEC-2021-688",CWE-617,CVSS:4.0/AV:L/AC:L/AT:P/PR:L/UI:N/VC:N/VI:N/VA:L/SC:N/SI:N/SA:N,"PYSEC-2021-490,GHSA-36vm-xw34-x4pj",
,lockfile,tensorflow-cpu,2.4.0,PyPI,GHSA-374m-jm66-3vj8,MODERATE,"BIT-tensorflow-2021-41226,CVE-2021-41226,PYSEC-2021-418,PYSEC-2021-635,PYSEC-2021-833",CWE-125,CVSS:4.0/AV:L/AC:L/AT:N/PR:L/UI:N/VC:H/VI:N/VA:H/SC:N/SI:N/SA:N,"PYSEC-2021-635,GHSA-374m-jm66-3vj8",
,lockfile,tensorflow-cpu,2.4.0,PyPI,GHSA-37jf-mjv6-xfqw,MODERATE,"BIT-tensorflow-2022-35999,CVE-2022-35999",CWE-617,CVSS:3.1/AV:N/AC:H/PR:N/UI:N/S:U/C:N/I:N/A:H,GHSA-37jf-mjv6-xfqw,
,lockfile,tensorflow-cpu,2.4.0,PyPI,GHSA-393f-2jr3-cp69,LOW,"BIT-tensorflow-2021-29533,CVE-2021-29533,PYSEC-2021-170,PYSEC-2021-461,PYSEC-2021-659",CWE-754,CVSS:4.0/AV:L/AC:L/AT:P/PR:L/UI:N/VC:N/VI:N/VA:L/SC:N/SI:N/SA:N,"PYSEC-2021-461,GHSA-393f-2jr3-cp69",
,lockfile,tensorflow-cpu,2.4.0,PyPI,GHSA-397c-5g2j-qxpv,MODERATE,"BIT-tensorflow-2022-35982,CVE-2022-35982",CWE-20,CVSS:3.1/AV:N/AC:H/PR:N/UI:N/S:U/C:N/I:N/A:H,GHSA-397c-5g2j-qxpv,
,lockfile,tensorflow-cpu,2.4.0,PyPI,GHSA-3ff2-r28g-w7h9,MODERATE,"BIT-tensorflow-2021-41216,CVE-2021-41216,PYSEC-2021-408,PYSEC-2021-625,PYSEC-2021-823","CWE-120,CWE-787",CVSS:3.1/AV:L/AC:L/PR:L/UI:N/S:U/C:N/I:N/A:H,"PYSEC-2021-625,GHSA-3ff2-r28g-w7h9",
,lockfile,tensorflow-cpu,2.4.0,PyPI,GHSA-3h8m-483j-7xxm,LOW,"BIT-tensorflow-2021-29569,CVE-2021-29569,PYSEC-2021-206,PYSEC-2021-497,PYSEC-2021-695",CWE-125,CVSS:4.0/AV:L/AC:L/AT:P/PR:L/UI:N/VC:N/VI:N/VA:L/SC:N/SI:N/SA:N,"PYSEC-2021-497,GHSA-3h8m-483j-7xxm",
,lockfile,tensorflow-cpu,2.4.0,PyPI,GHSA-3hxh-8cp2-g4hg,MODERATE,"BIT-tensorflow-2021-37690,CVE-2021-37690,PYSEC-2021-312,PYSEC-2021-603,PYSEC-2021-801",CWE-416,CVSS:4.0/AV:L/AC:L/AT:N/PR:L/UI:N/VC:L/VI:L/VA:H/SC:N/SI:N/SA:N,"PYSEC-2021-603,GHSA-3hxh-8cp2-g4hg",
,lockfile,tensorflow-cpu,2.4.0,PyPI,GHSA-3mw4-6rj6-74g5,HIGH,"BIT-tensorflow-2022-21739,CVE-2022-21739,PYSEC-2022-118,PYSEC-2022-63",CWE-476,CVSS:4.0/AV:N/AC:L/AT:N/PR:L/UI:N/VC:N/VI:N/VA:H/SC:N/SI:N/SA:N,"PYSEC-2022-63,GHSA-3mw4-6rj6-74g5",
,lockfile,tensorflow-cpu,2.4.0,PyPI,GHSA-3qgw-p4fm-x7gf,LOW,"BIT-tensorflow-2021-29594,CVE-2021-29594,PYSEC-2021-231,PYSEC-2021-522,PYSEC-2021-720",CWE-369,CVSS:4.0/AV:L/AC:L/AT:P/PR:L/UI:N/VC:N/VI:N/VA:L/SC:N/SI:N/SA:N,"PYSEC-2021-522,GHSA-3qgw-p4fm-x7gf",
,lockfile,tensorflow-cpu,2.4.0,PyPI,GHSA-3qxp-qjq7-w4hf,LOW,"BIT-tensorflow-2021-29531,CVE-2021-29531,PYSEC-2021-168,PYSEC-2021-459,PYSEC-2021-657",CWE-754,CVSS:4.0/AV:L/AC:L/AT:P/PR:L/UI:N/VC:N/VI:N/VA:L/SC:N/SI:N/SA:N,"PYSEC-2021-459,GHSA-3qxp-qjq7-w4hf",
,lockfile,tensorflow-cpu,2.4.0,PyPI,GHSA-3rcw-9p9x-582v,MODERATE,"BIT-tensorflow-2021-41228,CVE-2021-41228,PYSEC-2021-420,PYSEC-2021-637,PYSEC-2021-835","CWE-78,CWE-94",CVSS:4.0/AV:L/AC:L/AT:P/PR:H/UI:N/VC:N/VI:N/VA:N/SC:H/SI:H/SA:H,"PYSEC-2021-637,GHSA-3rcw-9p9x-582v",
,lockfile,tensorflow-cpu,2.4.0,PyPI,GHSA-3w67-q784-6w7c,LOW,"BIT-tensorflow-2021-29589,CVE-2021-29589,PYSEC-2021-226,PYSEC-2021-517,PYSEC-2021-715",CWE-369,CVSS:4.0/AV:N/AC:L/AT:P/PR:L/UI:N/VC:N/VI:N/VA:L/SC:N/SI:N/SA:N,"PYSEC-2021-517,GHSA-3w67-q784-6w7c",
,lockfile,tensorflow-cpu,2.4.0,PyPI,GHSA-4278-2v5v-65r4,LOW,"BIT-tensorflow-2021-29512,CVE-2021-29512,PYSEC-2021-149,PYSEC-2021-440,PYSEC-2021-638","CWE-120,CWE-787",CVSS:4.0/AV:L/AC:L/AT:P/PR:L/UI:P/VC:N/VI:N/VA:L/SC:N/SI:N/SA:N,"PYSEC-2021-440,GHSA-4278-2v5v-65r4",
,lockfile,tensorflow-cpu,2.4.0,PyPI,GHSA-428x-9xc2-m8mj,HIGH,"BIT-tensorflow-2022-21741,CVE-2022-21741,PYSEC-2022-120,PYSEC-2022-65",CWE-369,CVSS:4.0/AV:N/AC:L/AT:N/PR:L/UI:N/VC:N/VI:N/VA:H/SC:N/SI:N/SA:N,"PYSEC-2022-65,GHSA-428x-9xc2-m8mj",
,lockfile,tensorflow-cpu,2.4.0,PyPI,GHSA-43jf-985q-588j,MODERATE,"BIT-tensorflow-2022-23586,CVE-2022-23586,PYSEC-2022-150,PYSEC-2022-95",CWE-617,CVSS:3.1/AV:N/AC:L/PR:L/UI:N/S:U/C:N/I:N/A:H,"PYSEC-2022-95,GHSA-43jf-985q-588j",
,lockfile,tensorflow-cpu,2.4.0,PyPI,GHSA-43q8-3fv7-pr5x,HIGH,,CWE-354,CVSS:3.1/AV:L/AC:H/PR:L/UI:N/S:U/C:H/I:H/A:H,GHSA-43q8-3fv7-pr5x,
,lockfile,tensorflow-cpu,2.4.0,PyPI,GHSA-44qp-9wwf-734r,HIGH,"BIT-tensorflow-2022-21740,CVE-2022-21740,PYSEC-2022-119,PYSEC-2022-64","CWE-120,CWE-787",CVSS:4.0/AV:N/AC:L/AT:N/PR:L/UI:N/VC:L/VI:L/VA:H/SC:N/SI:N/SA:N,"PYSEC-2022-64,GHSA-44qp-9wwf-734r",
,lockfile,tensorflow-cpu,2.4.0,PyPI,GHSA-452g-f7fp-9jf7,LOW,"BIT-tensorflow-2021-29513,CVE-2021-29513,PYSEC-2021-150,PYSEC-2021-441,PYSEC-2021-639",CWE-476,CVSS:4.0/AV:L/AC:L/AT:P/PR:L/UI:N/VC:N/VI:N/VA:L/SC:N/SI:N/SA:N,"PYSEC-2021-441,GHSA-452g-f7fp-9jf7",
,lockfile,tensorflow-cpu,2.4.0,PyPI,GHSA-49rq-hwc3-x77w,HIGH,"BIT-tensorflow-2023-25670,CVE-2023-25670",CWE-476,CVSS:3.1/AV:N/AC:L/PR:N/UI:N/S:U/C:N/I:N/A:H,GHSA-49rq-hwc3-x77w,
,lockfile,tensorflow-cpu,2.4.0,PyPI,GHSA-49rx-x2rw-pc6f,MODERATE,"BIT-tensorflow-2021-41205,CVE-2021-41205,PYSEC-2021-398,PYSEC-2021-615,PYSEC-2021-813",CWE-125,CVSS:4.0/AV:L/AC:L/AT:N/PR:L/UI:N/VC:H/VI:N/VA:H/SC:N/SI:N/SA:N,"PYSEC-2021-615,GHSA-49rx-x2rw-pc6f",
,lockfile,tensorflow-cpu,2.4.0,PyPI,GHSA-4c4g-crqm-xrxw,MODERATE,"BIT-tensorflow-2021-37682,CVE-2021-37682,PYSEC-2021-304,PYSEC-2021-595,PYSEC-2021-793",CWE-908,CVSS:4.0/AV:L/AC:L/AT:N/PR:L/UI:N/VC:N/VI:L/VA:L/SC:N/SI:N/SA:N,"PYSEC-2021-595,GHSA-4c4g-crqm-xrxw",
,lockfile,tensorflow-cpu,2.4.0,PyPI,GHSA-4f99-p9c2-3j8x,HIGH,"BIT-tensorflow-2021-41219,CVE-2021-41219,PYSEC-2021-411,PYSEC-2021-628,PYSEC-2021-826","CWE-125,CWE-824",CVSS:3.1/AV:L/AC:L/PR:L/UI:N/S:U/C:H/I:H/A:H,"PYSEC-2021-628,GHSA-4f99-p9c2-3j8x",
,lockfile,tensorflow-cpu,2.4.0,PyPI,GHSA-4fg4-p75j-w5xj,LOW,"BIT-tensorflow-2021-29547,CVE-2021-29547,PYSEC-2021-184,PYSEC-2021-475,PYSEC-2021-673",CWE-125,CVSS:4.0/AV:L/AC:L/AT:P/PR:L/UI:N/VC:N/VI:N/VA:L/SC:N/SI:N/SA:N,"PYSEC-2021-475,GHSA-4fg4-p75j-w5xj",
,lockfile,tensorflow-cpu,2.4.0,PyPI,GHSA-4hrh-9vmp-2jgg,LOW,"BIT-tensorflow-2021-29542,CVE-2021-29542,PYSEC-2021-179,PYSEC-2021-470,PYSEC-2021-668","CWE-131,CWE-787",CVSS:4.0/AV:L/AC:L/AT:P/PR:L/UI:N/VC:N/VI:N/VA:L/SC:N/SI:N/SA:N,"PYSEC-2021-470,GHSA-4hrh-9vmp-2jgg",
,lockfile,tensorflow-cpu,2.4.0,PyPI,GHSA-4hvf-hxvg-f67v,HIGH,"BIT-tensorflow-2022-23560,CVE-2022-23560,PYSEC-2022-124,PYSEC-2022-69","CWE-125,CWE-787",CVSS:4.0/AV:N/AC:L/AT:N/PR:L/UI:N/VC:H/VI:H/VA:H/SC:N/SI:N/SA:N,"PYSEC-2022-69,GHSA-4hvf-hxvg-f67v",
,lockfile,tensorflow-cpu,2.4.0,PyPI,GHSA-4hvv-7x94-7vq8,LOW,"BIT-tensorflow-2021-29616,CVE-2021-29616,PYSEC-2021-253,PYSEC-2021-544,PYSEC-2021-742",CWE-476,CVSS:4.0/AV:L/AC:L/AT:P/PR:L/UI:N/VC:N/VI:N/VA:L/SC:N/SI:N/SA:N,"PYSEC-2021-544,GHSA-4hvv-7x94-7vq8",
,lockfile,tensorflow-cpu,2.4.0,PyPI,GHSA-4j82-5ccr-4r8v,MODERATE,"BIT-tensorflow-2022-23582,CVE-2022-23582,PYSEC-2022-146,PYSEC-2022-91",CWE-617,CVSS:3.1/AV:N/AC:L/PR:L/UI:N/S:U/C:N/I:N/A:H,"PYSEC-2022-91,GHSA-4j82-5ccr-4r8v",
,lockfile,tensorflow-cpu,2.4.0,PyPI,GHSA-4p4p-www8-8fv9,LOW,"BIT-tensorflow-2021-29568,CVE-2021-29568,PYSEC-2021-205,PYSEC-2021-496,PYSEC-2021-694","CWE-476,CWE-824",CVSS:4.0/AV:L/AC:L/AT:P/PR:L/UI:N/VC:N/VI:N/VA:L/SC:N/SI:N/SA:N,"PYSEC-2021-496,GHSA-4p4p-www8-8fv9",
,lockfile,tensorflow-cpu,2.4.0,PyPI,GHSA-4pc4-m9mj-v2r9,MODERATE,"BIT-tensorflow-2022-35972,CVE-2022-35972",CWE-20,CVSS:3.1/AV:N/AC:H/PR:N/UI:N/S:U/C:N/I:N/A:H,GHSA-4pc4-m9mj-v2r9,
,lockfile,tensorflow-cpu,2.4.0,PyPI,GHSA-4v5p-v5h9-6xjx,HIGH,"BIT-tensorflow-2022-23565,CVE-2022-23565,PYSEC-2022-129,PYSEC-2022-74",CWE-617,CVSS:4.0/AV:N/AC:L/AT:N/PR:L/UI:N/VC:N/VI:N/VA:H/SC:N/SI:N/SA:N,"PYSEC-2022-74,GHSA-4v5p-v5h9-6xjx",
,lockfile,tensorflow-cpu,2.4.0,PyPI,GHSA-4vf2-4xcg-65cx,LOW,"BIT-tensorflow-2021-29526,CVE-2021-29526,PYSEC-2021-163,PYSEC-2021-454,PYSEC-2021-652",CWE-369,CVSS:4.0/AV:L/AC:L/AT:P/PR:L/UI:N/VC:N/VI:N/VA:L/SC:N/SI:N/SA:N,"PYSEC-2021-454,GHSA-4vf2-4xcg-65cx",
,lockfile,tensorflow-cpu,2.4.0,PyPI,GHSA-4vrf-ff7v-hpgr,LOW,"BIT-tensorflow-2021-29596,CVE-2021-29596,PYSEC-2021-233,PYSEC-2021-524,PYSEC-2021-722",CWE-369,CVSS:4.0/AV:L/AC:L/AT:P/PR:L/UI:N/VC:N/VI:N/VA:L/SC:N/SI:N/SA:N,"PYSEC-2021-524,GHSA-4vrf-ff7v-hpgr",
,lockfile,tensorflow-cpu,2.4.0,PyPI,GHSA-4w68-4x85-mjj9,MODERATE,"BIT-tensorflow-2022-35966,CVE-2022-35966",CWE-20,CVSS:3.1/AV:N/AC:H/PR:N/UI:N/S:U/C:N/I:N/A:H,GHSA-4w68-4x85-mjj9,
,lockfile,tensorflow-cpu,2.4.0,PyPI,GHSA-4xfp-4pfp-89wg,MODERATE,"BIT-tensorflow-2021-37656,CVE-2021-37656,PYSEC-2021-278,PYSEC-2021-569,PYSEC-2021-767",CWE-824,CVSS:4.0/AV:L/AC:L/AT:N/PR:L/UI:N/VC:N/VI:H/VA:H/SC:N/SI:N/SA:N,"PYSEC-2021-569,GHSA-4xfp-4pfp-89wg",
,lockfile,tensorflow-cpu,2.4.0,PyPI,GHSA-545v-42p7-98fq,LOW,"BIT-tensorflow-2021-29570,CVE-2021-29570,PYSEC-2021-207,PYSEC-2021-498,PYSEC-2021-696",CWE-125,CVSS:4.0/AV:L/AC:L/AT:P/PR:L/UI:N/VC:N/VI:N/VA:L/SC:N/SI:N/SA:N,"PYSEC-2021-498,GHSA-545v-42p7-98fq",
,lockfile,tensorflow-cpu,2.4.0,PyPI,GHSA-54ch-gjq5-4976,MODERATE,"BIT-tensorflow-2022-29205,CVE-2022-29205","CWE-476,CWE-908",CVSS:3.1/AV:L/AC:L/PR:L/UI:N/S:U/C:N/I:N/A:H,GHSA-54ch-gjq5-4976,
,lockfile,tensorflow-cpu,2.4.0,PyPI,GHSA-54pp-c6pp-7fpx,MODERATE,"BIT-tensorflow-2022-41886,CVE-2022-41886",CWE-131,CVSS:3.1/AV:N/AC:H/PR:L/UI:R/S:U/C:N/I:N/A:H,GHSA-54pp-c6pp-7fpx,
,lockfile,tensorflow-cpu,2.4.0,PyPI,GHSA-558h-mq8x-7q9g,HIGH,"BIT-tensorflow-2023-25665,CVE-2023-25665",CWE-476,CVSS:3.1/AV:N/AC:L/PR:N/UI:N/S:U/C:N/I:N/A:H,GHSA-558h-mq8x-7q9g,
,lockfile,tensorflow-cpu,2.4.0,PyPI,GHSA-57wx-m983-2f88,CRITICAL,"BIT-tensorflow-2021-41208,CVE-2021-41208,PYSEC-2021-400,PYSEC-2021-617,PYSEC-2021-815","CWE-476,CWE-824",CVSS:3.1/AV:L/AC:L/PR:N/UI:N/S:C/C:H/I:H/A:H,"PYSEC-2021-617,GHSA-57wx-m983-2f88",
,lockfile,tensorflow-cpu,2.4.0,PyPI,GHSA-5889-7v45-q28m,MODERATE,"BIT-tensorflow-2022-29213,CVE-2022-29213","CWE-20,CWE-617",CVSS:3.1/AV:L/AC:L/PR:L/UI:N/S:U/C:N/I:N/A:H,GHSA-5889-7v45-q28m,
,lockfile,tensorflow-cpu,2.4.0,PyPI,GHSA-59q2-x2qc-4c97,LOW,"BIT-tensorflow-2021-29559,CVE-2021-29559,PYSEC-2021-196,PYSEC-2021-487,PYSEC-2021-685",CWE-125,CVSS:4.0/AV:L/AC:L/AT:P/PR:L/UI:N/VC:N/VI:N/VA:L/SC:N/SI:N/SA:N,"PYSEC-2021-487,GHSA-59q2-x2qc-4c97",
,lockfile,tensorflow-cpu,2.4.0,PyPI,GHSA-5crj-c72x-m7gq,MODERATE,"BIT-tensorflow-2021-41217,CVE-2021-41217,PYSEC-2021-409,PYSEC-2021-626,PYSEC-2021-824",CWE-476,CVSS:3.1/AV:L/AC:L/PR:L/UI:N/S:U/C:N/I:N/A:H,"PYSEC-2021-626,GHSA-5crj-c72x-m7gq",
,lockfile,tensorflow-cpu,2.4.0,PyPI,GHSA-5f2r-qp73-37mr,MODERATE,"BIT-tensorflow-2022-23579,CVE-2022-23579,PYSEC-2022-143,PYSEC-2022-88",CWE-617,CVSS:3.1/AV:N/AC:L/PR:L/UI:N/S:U/C:N/I:N/A:H,"PYSEC-2022-88,GHSA-5f2r-qp73-37mr",
,lockfile,tensorflow-cpu,2.4.0,PyPI,GHSA-5gqf-456p-4836,LOW,"BIT-tensorflow-2021-29572,CVE-2021-29572,PYSEC-2021-209,PYSEC-2021-500,PYSEC-2021-698",CWE-476,CVSS:4.0/AV:L/AC:L/AT:P/PR:L/UI:N/VC:N/VI:N/VA:L/SC:N/SI:N/SA:N,"PYSEC-2021-500,GHSA-5gqf-456p-4836",
,lockfile,tensorflow-cpu,2.4.0,PyPI,GHSA-5hj3-vjjf-f5m7,MODERATE,"BIT-tensorflow-2021-37672,CVE-2021-37672,PYSEC-2021-294,PYSEC-2021-585,PYSEC-2021-783",CWE-125,CVSS:4.0/AV:L/AC:L/AT:N/PR:L/UI:N/VC:H/VI:N/VA:N/SC:N/SI:N/SA:N,"PYSEC-2021-585,GHSA-5hj3-vjjf-f5m7",
,lockfile,tensorflow-cpu,2.4.0,PyPI,GHSA-5hx2-qx8j-qjqm,MODERATE,"BIT-tensorflow-2021-41199,CVE-2021-41199,PYSEC-2021-392,PYSEC-2021-609,PYSEC-2021-807",CWE-190,CVSS:3.1/AV:L/AC:L/PR:L/UI:N/S:U/C:N/I:N/A:H,"PYSEC-2021-609,GHSA-5hx2-qx8j-qjqm",
,lockfile,tensorflow-cpu,2.4.0,PyPI,GHSA-5qw5-89mw-wcg2,HIGH,"BIT-tensorflow-2022-23566,CVE-2022-23566,PYSEC-2022-130,PYSEC-2022-75",CWE-787,CVSS:4.0/AV:N/AC:L/AT:N/PR:L/UI:N/VC:H/VI:H/VA:H/SC:N/SI:N/SA:N,"PYSEC-2022-75,GHSA-5qw5-89mw-wcg2",
,lockfile,tensorflow-cpu,2.4.0,PyPI,GHSA-5v77-j66x-4c4g,MODERATE,"BIT-tensorflow-2022-29196,CVE-2022-29196","CWE-1284,CWE-20",CVSS:3.1/AV:L/AC:L/PR:L/UI:N/S:U/C:N/I:N/A:H,GHSA-5v77-j66x-4c4g,
,lockfile,tensorflow-cpu,2.4.0,PyPI,GHSA-5w96-866f-6rm8,HIGH,"BIT-tensorflow-2023-27579,CVE-2023-27579",CWE-697,CVSS:3.1/AV:N/AC:L/PR:N/UI:N/S:U/C:N/I:N/A:H,GHSA-5w96-866f-6rm8,
,lockfile,tensorflow-cpu,2.4.0,PyPI,GHSA-5wpj-c6f7-24x8,MODERATE,"BIT-tensorflow-2022-29207,CVE-2022-29207","CWE-20,CWE-475",CVSS:3.1/AV:L/AC:L/PR:L/UI:N/S:U/C:N/I:N/A:H,GHSA-5wpj-c6f7-24x8,
,lockfile,tensorflow-cpu,2.4.0,PyPI,GHSA-5xwc-mrhx-5g3m,MODERATE,"BIT-tensorflow-2021-37657,CVE-2021-37657,PYSEC-2021-279,PYSEC-2021-570,PYSEC-2021-768",CWE-824,CVSS:4.0/AV:L/AC:L/AT:N/PR:L/UI:N/VC:N/VI:H/VA:H/SC:N/SI:N/SA:N,"PYSEC-2021-570,GHSA-5xwc-mrhx-5g3m",
,lockfile,tensorflow-cpu,2.4.0,PyPI,GHSA-627q-g293-49q7,MODERATE,"BIT-tensorflow-2022-23580,CVE-2022-23580,PYSEC-2022-144,PYSEC-2022-89","CWE-1284,CWE-400",CVSS:3.1/AV:N/AC:L/PR:L/UI:N/S:U/C:N/I:N/A:H,"PYSEC-2022-89,GHSA-627q-g293-49q7",
,lockfile,tensorflow-cpu,2.4.0,PyPI,GHSA-62gx-355r-9fhg,LOW,"BIT-tensorflow-2021-29518,CVE-2021-29518,PYSEC-2021-155,PYSEC-2021-446,PYSEC-2021-644",CWE-476,CVSS:4.0/AV:L/AC:L/AT:P/PR:L/UI:N/VC:N/VI:N/VA:L/SC:N/SI:N/SA:N,"PYSEC-2021-446,GHSA-62gx-355r-9fhg",
,lockfile,tensorflow-cpu,2.4.0,PyPI,GHSA-6445-fm66-fvq2,HIGH,"BIT-tensorflow-2022-23568,CVE-2022-23568,PYSEC-2022-132,PYSEC-2022-77",CWE-190,CVSS:4.0/AV:N/AC:L/AT:N/PR:L/UI:N/VC:N/VI:N/VA:H/SC:N/SI:N/SA:N,"PYSEC-2022-77,GHSA-6445-fm66-fvq2",
,lockfile,tensorflow-cpu,2.4.0,PyPI,GHSA-647v-r7qq-24fh,HIGH,"BIT-tensorflow-2023-25673,CVE-2023-25673",CWE-697,CVSS:3.1/AV:N/AC:L/PR:N/UI:N/S:U/C:N/I:N/A:H,GHSA-647v-r7qq-24fh,
,lockfile,tensorflow-cpu,2.4.0,PyPI,GHSA-64jg-wjww-7c5w,HIGH,"BIT-tensorflow-2023-25663,CVE-2023-25663",CWE-476,CVSS:3.1/AV:N/AC:L/PR:N/UI:N/S:U/C:N/I:N/A:H,GHSA-64jg-wjww-7c5w,
,lockfile,tensorflow-cpu,2.4.0,PyPI,GHSA-66vq-54fq-6jvv,MODERATE,"BIT-tensorflow-2022-41891,CVE-2022-41891",CWE-20,CVSS:3.1/AV:N/AC:H/PR:L/UI:R/S:U/C:N/I:N/A:H,GHSA-66vq-54fq-6jvv,
,lockfile,tensorflow-cpu,2.4.0,PyPI,GHSA-67pf-62xr-q35m,MODERATE,"BIT-tensorflow-2022-41893,CVE-2022-41893",CWE-617,CVSS:3.1/AV:N/AC:H/PR:L/UI:R/S:U/C:N/I:N/A:H,GHSA-67pf-62xr-q35m,
,lockfile,tensorflow-cpu,2.4.0,PyPI,GHSA-689c-r7h2-fv9v,MODERATE,"BIT-tensorflow-2022-35973,CVE-2022-35973",CWE-20,CVSS:3.1/AV:N/AC:H/PR:N/UI:N/S:U/C:N/I:N/A:H,GHSA-689c-r7h2-fv9v,
,lockfile,tensorflow-cpu,2.4.0,PyPI,GHSA-68v3-g9cm-rmm6,HIGH,"BIT-tensorflow-2023-25658,CVE-2023-25658",CWE-125,CVSS:3.1/AV:N/AC:L/PR:N/UI:N/S:U/C:N/I:N/A:H,GHSA-68v3-g9cm-rmm6,
,lockfile,tensorflow-cpu,2.4.0,PyPI,GHSA-6f84-42vf-ppwp,LOW,"BIT-tensorflow-2021-29528,CVE-2021-29528,PYSEC-2021-165,PYSEC-2021-456,PYSEC-2021-654",CWE-369,CVSS:4.0/AV:L/AC:L/AT:P/PR:L/UI:N/VC:N/VI:N/VA:L/SC:N/SI:N/SA:N,"PYSEC-2021-456,GHSA-6f84-42vf-ppwp",
,lockfile,tensorflow-cpu,2.4.0,PyPI,GHSA-6f89-8j54-29xf,LOW,"BIT-tensorflow-2021-29578,CVE-2021-29578,PYSEC-2021-215,PYSEC-2021-506,PYSEC-2021-704","CWE-119,CWE-787",CVSS:4.0/AV:L/AC:L/AT:P/PR:L/UI:N/VC:N/VI:N/VA:L/SC:N/SI:N/SA:N,"PYSEC-2021-506,GHSA-6f89-8j54-29xf",
,lockfile,tensorflow-cpu,2.4.0,PyPI,GHSA-6g85-3hm8-83f9,LOW,"BIT-tensorflow-2021-29544,CVE-2021-29544,PYSEC-2021-181,PYSEC-2021-472,PYSEC-2021-670",CWE-754,CVSS:4.0/AV:L/AC:L/AT:P/PR:L/UI:N/VC:N/VI:N/VA:L/SC:N/SI:N/SA:N,"PYSEC-2021-472,GHSA-6g85-3hm8-83f9",
,lockfile,tensorflow-cpu,2.4.0,PyPI,GHSA-6gmv-pjp9-p8w8,HIGH,"BIT-tensorflow-2022-21728,CVE-2022-21728,PYSEC-2022-107,PYSEC-2022-52",CWE-125,CVSS:4.0/AV:N/AC:L/AT:N/PR:L/UI:N/VC:H/VI:N/VA:H/SC:N/SI:N/SA:N,"PYSEC-2022-52,GHSA-6gmv-pjp9-p8w8",
,lockfile,tensorflow-cpu,2.4.0,PyPI,GHSA-6gv8-p3vj-pxvr,HIGH,"BIT-tensorflow-2021-37649,CVE-2021-37649,PYSEC-2021-271,PYSEC-2021-562,PYSEC-2021-760",CWE-476,CVSS:4.0/AV:L/AC:L/AT:N/PR:N/UI:N/VC:H/VI:H/VA:H/SC:N/SI:N/SA:N,"PYSEC-2021-562,GHSA-6gv8-p3vj-pxvr",
,lockfile,tensorflow-cpu,2.4.0,PyPI,GHSA-6hg6-5c2q-7rcr,HIGH,"BIT-tensorflow-2023-25664,CVE-2023-25664","CWE-120,CWE-122",CVSS:3.1/AV:N/AC:L/PR:N/UI:N/S:U/C:N/I:N/A:H,GHSA-6hg6-5c2q-7rcr,
,lockfile,tensorflow-cpu,2.4.0,PyPI,GHSA-6hpv-v2rx-c5g6,MODERATE,"BIT-tensorflow-2021-41209,CVE-2021-41209,PYSEC-2021-401,PYSEC-2021-618,PYSEC-2021-816",CWE-369,CVSS:3.1/AV:L/AC:L/PR:L/UI:N/S:U/C:N/I:N/A:H,"PYSEC-2021-618,GHSA-6hpv-v2rx-c5g6",
,lockfile,tensorflow-cpu,2.4.0,PyPI,GHSA-6j9c-grc6-5m6g,LOW,"BIT-tensorflow-2021-29534,CVE-2021-29534,PYSEC-2021-171,PYSEC-2021-462,PYSEC-2021-660",CWE-754,CVSS:4.0/AV:L/AC:L/AT:P/PR:L/UI:N/VC:N/VI:N/VA:L/SC:N/SI:N/SA:N,"PYSEC-2021-462,GHSA-6j9c-grc6-5m6g",
,lockfile,tensorflow-cpu,2.4.0,PyPI,GHSA-6p5r-g9mq-ggh2,MODERATE,"BIT-tensorflow-2021-37658,CVE-2021-37658,PYSEC-2021-280,PYSEC-2021-571,PYSEC-2021-769",CWE-824,CVSS:4.0/AV:L/AC:L/AT:N/PR:L/UI:N/VC:N/VI:H/VA:H/SC:N/SI:N/SA:N,"PYSEC-2021-571,GHSA-6p5r-g9mq-ggh2",
,lockfile,tensorflow-cpu,2.4.0,PyPI,GHSA-6qgm-fv6v-rfpv,LOW,"BIT-tensorflow-2021-29575,CVE-2021-29575,PYSEC-2021-212,PYSEC-2021-503,PYSEC-2021-701","CWE-119,CWE-120,CWE-787",CVSS:4.0/AV:L/AC:L/AT:P/PR:L/UI:N/VC:N/VI:N/VA:L/SC:N/SI:N/SA:N,"PYSEC-2021-503,GHSA-6qgm-fv6v-rfpv",
,lockfile,tensorflow-cpu,2.4.0,PyPI,GHSA-6wfh-89q8-44jq,HIGH,"BIT-tensorflow-2023-25676,CVE-2023-25676",CWE-476,CVSS:3.1/AV:N/AC:L/PR:N/UI:N/S:U/C:N/I:N/A:H,GHSA-6wfh-89q8-44jq,
,lockfile,tensorflow-cpu,2.4.0,PyPI,GHSA-6x99-gv2v-q76v,MODERATE,"BIT-tensorflow-2022-41888,CVE-2022-41888",CWE-20,CVSS:3.1/AV:N/AC:H/PR:L/UI:R/S:U/C:N/I:N/A:H,GHSA-6x99-gv2v-q76v,
,lockfile,tensorflow-cpu,2.4.0,PyPI,GHSA-75c9-jrh4-79mc,HIGH,"BIT-tensorflow-2022-29216,CVE-2022-29216",CWE-94,CVSS:3.1/AV:L/AC:L/PR:L/UI:N/S:U/C:H/I:H/A:H,GHSA-75c9-jrh4-79mc,
,lockfile,tensorflow-cpu,2.4.0,PyPI,GHSA-75f6-78jr-4656,LOW,"BIT-tensorflow-2021-29564,CVE-2021-29564,PYSEC-2021-201,PYSEC-2021-492,PYSEC-2021-690",CWE-476,CVSS:4.0/AV:L/AC:L/AT:P/PR:L/UI:N/VC:N/VI:N/VA:L/SC:N/SI:N/SA:N,"PYSEC-2021-492,GHSA-75f6-78jr-4656",
,lockfile,tensorflow-cpu,2.4.0,PyPI,GHSA-762h-vpvw-3rcx,MODERATE,"BIT-tensorflow-2022-41885,CVE-2022-41885",CWE-131,CVSS:3.1/AV:N/AC:H/PR:L/UI:R/S:U/C:N/I:N/A:H,GHSA-762h-vpvw-3rcx,
,lockfile,tensorflow-cpu,2.4.0,PyPI,GHSA-772j-h9xw-ffp5,LOW,"BIT-tensorflow-2021-29519,CVE-2021-29519,PYSEC-2021-156,PYSEC-2021-447,PYSEC-2021-645",CWE-843,CVSS:4.0/AV:L/AC:L/AT:P/PR:L/UI:N/VC:N/VI:N/VA:L/SC:N/SI:N/SA:N,"PYSEC-2021-447,GHSA-772j-h9xw-ffp5",
,lockfile,tensorflow-cpu,2.4.0,PyPI,GHSA-772p-x54p-hjrv,LOW,"BIT-tensorflow-2021-29517,CVE-2021-29517,PYSEC-2021-154,PYSEC-2021-445,PYSEC-2021-643",CWE-369,CVSS:4.0/AV:L/AC:L/AT:P/PR:L/UI:N/VC:N/VI:N/VA:L/SC:N/SI:N/SA:N,"PYSEC-2021-445,GHSA-772p-x54p-hjrv",
,lockfile,tensorflow-cpu,2.4.0,PyPI,GHSA-77gp-3h4r-6428,HIGH,"BIT-tensorflow-2022-23574,CVE-2022-23574,PYSEC-2022-138,PYSEC-2022-83","CWE-125,CWE-787",CVSS:4.0/AV:N/AC:L/AT:N/PR:L/UI:N/VC:H/VI:H/VA:H/SC:N/SI:N/SA:N,"PYSEC-2022-83,GHSA-77gp-3h4r-6428",
,lockfile,tensorflow-cpu,2.4.0,PyPI,GHSA-786j-5qwq-r36x,MODERATE,"BIT-tensorflow-2021-41204,CVE-2021-41204,PYSEC-2021-397,PYSEC-2021-614,PYSEC-2021-812",CWE-824,CVSS:4.0/AV:L/AC:L/AT:N/PR:L/UI:N/VC:N/VI:N/VA:H/SC:N/SI:N/SA:N,"PYSEC-2021-614,GHSA-786j-5qwq-r36x",
,lockfile,tensorflow-cpu,2.4.0,PyPI,GHSA-79fv-9865-4qcv,LOW,"BIT-tensorflow-2021-29579,CVE-2021-29579,PYSEC-2021-216,PYSEC-2021-507,PYSEC-2021-705","CWE-119,CWE-787",CVSS:4.0/AV:L/AC:L/AT:P/PR:L/UI:N/VC:N/VI:N/VA:L/SC:N/SI:N/SA:N,"PYSEC-2021-507,GHSA-79fv-9865-4qcv",
,lockfile,tensorflow-cpu,2.4.0,PyPI,GHSA-79h2-q768-fpxr,MODERATE,"BIT-tensorflow-2022-36027,CVE-2022-36027",CWE-20,CVSS:3.1/AV:N/AC:H/PR:N/UI:N/S:U/C:N/I:N/A:H,GHSA-79h2-q768-fpxr,
,lockfile,tensorflow-cpu,2.4.0,PyPI,GHSA-7cqx-92hp-x6wh,LOW,"BIT-tensorflow-2021-29576,CVE-2021-29576,PYSEC-2021-213,PYSEC-2021-504,PYSEC-2021-702","CWE-119,CWE-787",CVSS:4.0/AV:L/AC:L/AT:P/PR:L/UI:N/VC:N/VI:N/VA:L/SC:N/SI:N/SA:N,"PYSEC-2021-504,GHSA-7cqx-92hp-x6wh",
,lockfile,tensorflow-cpu,2.4.0,PyPI,GHSA-7fvx-3jfc-2cpc,HIGH,"BIT-tensorflow-2021-37655,CVE-2021-37655,PYSEC-2021-277,PYSEC-2021-568,PYSEC-2021-766",CWE-125,CVSS:4.0/AV:L/AC:L/AT:N/PR:L/UI:N/VC:H/VI:L/VA:H/SC:N/SI:N/SA:N,"PYSEC-2021-568,GHSA-7fvx-3jfc-2cpc",
,lockfile,tensorflow-cpu,2.4.0,PyPI,GHSA-7ghq-fvr3-pj2x,MODERATE,"BIT-tensorflow-2021-37674,CVE-2021-37674,PYSEC-2021-296,PYSEC-2021-587,PYSEC-2021-785","CWE-1284,CWE-20",CVSS:4.0/AV:L/AC:L/AT:N/PR:L/UI:N/VC:N/VI:N/VA:H/SC:N/SI:N/SA:N,"PYSEC-2021-587,GHSA-7ghq-fvr3-pj2x",
,lockfile,tensorflow-cpu,2.4.0,PyPI,GHSA-7j3m-8g3c-9qqq,MODERATE,"BIT-tensorflow-2022-36014,CVE-2022-36014",CWE-476,CVSS:3.1/AV:N/AC:H/PR:N/UI:N/S:U/C:N/I:N/A:H,GHSA-7j3m-8g3c-9qqq,
,lockfile,tensorflow-cpu,2.4.0,PyPI,GHSA-7jvm-xxmr-v5cw,HIGH,"BIT-tensorflow-2023-25662,CVE-2023-25662",CWE-190,CVSS:3.1/AV:N/AC:L/PR:N/UI:N/S:U/C:N/I:N/A:H,GHSA-7jvm-xxmr-v5cw,
,lockfile,tensorflow-cpu,2.4.0,PyPI,GHSA-7pxj-m4jf-r6h2,HIGH,"BIT-tensorflow-2021-41203,CVE-2021-41203,PYSEC-2021-396,PYSEC-2021-613,PYSEC-2021-811","CWE-190,CWE-345",CVSS:4.0/AV:L/AC:L/AT:N/PR:L/UI:N/VC:H/VI:H/VA:H/SC:N/SI:N/SA:N,"PYSEC-2021-613,GHSA-7pxj-m4jf-r6h2",
,lockfile,tensorflow-cpu,2.4.0,PyPI,GHSA-7r94-xv9v-63jw,MODERATE,"BIT-tensorflow-2021-41225,CVE-2021-41225,PYSEC-2021-417,PYSEC-2021-634,PYSEC-2021-832",CWE-908,CVSS:4.0/AV:L/AC:L/AT:N/PR:L/UI:N/VC:N/VI:N/VA:H/SC:N/SI:N/SA:N,"PYSEC-2021-634,GHSA-7r94-xv9v-63jw",
,lockfile,tensorflow-cpu,2.4.0,PyPI,GHSA-7v94-64hj-m82h,MODERATE,"BIT-tensorflow-2021-41207,CVE-2021-41207,PYSEC-2021-399,PYSEC-2021-616,PYSEC-2021-814",CWE-369,CVSS:4.0/AV:L/AC:L/AT:N/PR:L/UI:N/VC:N/VI:N/VA:H/SC:N/SI:N/SA:N,"PYSEC-2021-616,GHSA-7v94-64hj-m82h",
,lockfile,tensorflow-cpu,2.4.0,PyPI,GHSA-7x4v-9gxg-9hwj,HIGH,"BIT-tensorflow-2023-25675,CVE-2023-25675",CWE-697,CVSS:3.1/AV:N/AC:L/PR:N/UI:N/S:U/C:N/I:N/A:H,GHSA-7x4v-9gxg-9hwj,
,lockfile,tensorflow-cpu,2.4.0,PyPI,GHSA-7xwj-5r4v-429p,HIGH,"BIT-tensorflow-2021-37681,CVE-2021-37681,PYSEC-2021-303,PYSEC-2021-594,PYSEC-2021-792",CWE-476,CVSS:4.0/AV:L/AC:L/AT:N/PR:L/UI:N/VC:H/VI:H/VA:H/SC:N/SI:N/SA:N,"PYSEC-2021-594,GHSA-7xwj-5r4v-429p",
,lockfile,tensorflow-cpu,2.4.0,PyPI,GHSA-828c-5j5q-vrjq,MODERATE,"BIT-tensorflow-2022-36013,CVE-2022-36013",CWE-476,CVSS:3.1/AV:N/AC:H/PR:N/UI:N/S:U/C:N/I:N/A:H,GHSA-828c-5j5q-vrjq,
,lockfile,tensorflow-cpu,2.4.0,PyPI,GHSA-828x-qc2p-wprq,LOW,"BIT-tensorflow-2021-29574,CVE-2021-29574,PYSEC-2021-211,PYSEC-2021-502,PYSEC-2021-700",CWE-476,CVSS:4.0/AV:L/AC:L/AT:P/PR:L/UI:N/VC:N/VI:N/VA:L/SC:N/SI:N/SA:N,"PYSEC-2021-502,GHSA-828x-qc2p-wprq",
,lockfile,tensorflow-cpu,2.4.0,PyPI,GHSA-84jm-4cf3-9jfm,MODERATE,"BIT-tensorflow-2022-35963,CVE-2022-35963",CWE-617,CVSS:3.1/AV:N/AC:H/PR:N/UI:N/S:U/C:N/I:N/A:H,GHSA-84jm-4cf3-9jfm,
,lockfile,tensorflow-cpu,2.4.0,PyPI,GHSA-84mw-34w6-2q43,LOW,"BIT-tensorflow-2021-29516,CVE-2021-29516,PYSEC-2021-153,PYSEC-2021-444,PYSEC-2021-642",CWE-476,CVSS:4.0/AV:L/AC:L/AT:P/PR:L/UI:N/VC:N/VI:N/VA:L/SC:N/SI:N/SA:N,"PYSEC-2021-444,GHSA-84mw-34w6-2q43",
,lockfile,tensorflow-cpu,2.4.0,PyPI,GHSA-87v6-crgm-2gfj,HIGH,"BIT-tensorflow-2022-21735,CVE-2022-21735,PYSEC-2022-114,PYSEC-2022-59",CWE-369,CVSS:4.0/AV:N/AC:L/AT:N/PR:L/UI:N/VC:N/VI:N/VA:H/SC:N/SI:N/SA:N,"PYSEC-2022-59,GHSA-87v6-crgm-2gfj",
,lockfile,tensorflow-cpu,2.4.0,PyPI,GHSA-8c89-2vwr-chcq,LOW,"BIT-tensorflow-2021-29537,CVE-2021-29537,PYSEC-2021-174,PYSEC-2021-465,PYSEC-2021-663","CWE-131,CWE-787",CVSS:4.0/AV:L/AC:L/AT:P/PR:L/UI:N/VC:N/VI:N/VA:L/SC:N/SI:N/SA:N,"PYSEC-2021-465,GHSA-8c89-2vwr-chcq",
,lockfile,tensorflow-cpu,2.4.0,PyPI,GHSA-8cxv-76p7-jxwr,HIGH,"BIT-tensorflow-2022-23577,CVE-2022-23577,PYSEC-2022-141,PYSEC-2022-86",CWE-476,CVSS:4.0/AV:N/AC:L/AT:N/PR:L/UI:N/VC:N/VI:N/VA:H/SC:N/SI:N/SA:N,"PYSEC-2022-86,GHSA-8cxv-76p7-jxwr",
,lockfile,tensorflow-cpu,2.4.0,PyPI,GHSA-8fvv-46hw-vpg3,MODERATE,"BIT-tensorflow-2022-41887,CVE-2022-41887",CWE-131,CVSS:3.1/AV:N/AC:H/PR:L/UI:R/S:U/C:N/I:N/A:H,GHSA-8fvv-46hw-vpg3,
,lockfile,tensorflow-cpu,2.4.0,PyPI,GHSA-8gv3-57p6-g35r,LOW,"BIT-tensorflow-2021-29560,CVE-2021-29560,PYSEC-2021-197,PYSEC-2021-488,PYSEC-2021-686","CWE-125,CWE-787",CVSS:4.0/AV:L/AC:L/AT:P/PR:L/UI:N/VC:N/VI:N/VA:L/SC:N/SI:N/SA:N,"PYSEC-2021-488,GHSA-8gv3-57p6-g35r",
,lockfile,tensorflow-cpu,2.4.0,PyPI,GHSA-8h46-5m9h-7553,LOW,"BIT-tensorflow-2021-29514,CVE-2021-29514,PYSEC-2021-151,PYSEC-2021-442,PYSEC-2021-640",CWE-787,CVSS:4.0/AV:L/AC:L/AT:P/PR:L/UI:P/VC:N/VI:N/VA:L/SC:N/SI:N/SA:N,"PYSEC-2021-442,GHSA-8h46-5m9h-7553",
,lockfile,tensorflow-cpu,2.4.0,PyPI,GHSA-8jj7-5vxc-pg2q,HIGH,"BIT-tensorflow-2022-23587,CVE-2022-23587,PYSEC-2022-151,PYSEC-2022-96",CWE-190,CVSS:3.1/AV:N/AC:L/PR:L/UI:N/S:U/C:H/I:H/A:H,"PYSEC-2022-96,GHSA-8jj7-5vxc-pg2q",
,lockfile,tensorflow-cpu,2.4.0,PyPI,GHSA-8pmx-p244-g88h,MODERATE,"BIT-tensorflow-2021-29614,CVE-2021-29614,PYSEC-2021-251,PYSEC-2021-542,PYSEC-2021-740","CWE-665,CWE-787",CVSS:4.0/AV:L/AC:L/AT:N/PR:L/UI:N/VC:N/VI:H/VA:H/SC:N/SI:N/SA:N,"PYSEC-2021-542,GHSA-8pmx-p244-g88h",
,lockfile,tensorflow-cpu,2.4.0,PyPI,GHSA-8r7c-3cm2-3h8f,MODERATE,"BIT-tensorflow-2022-23578,CVE-2022-23578,PYSEC-2022-142,PYSEC-2022-87",CWE-401,CVSS:4.0/AV:N/AC:L/AT:N/PR:L/UI:N/VC:N/VI:N/VA:L/SC:N/SI:N/SA:N,"PYSEC-2022-87,GHSA-8r7c-3cm2-3h8f",
,lockfile,tensorflow-cpu,2.4.0,PyPI,GHSA-8rcj-c8pj-v3m3,HIGH,"BIT-tensorflow-2022-23564,CVE-2022-23564,PYSEC-2022-128,PYSEC-2022-73",CWE-617,CVSS:4.0/AV:N/AC:L/AT:N/PR:L/UI:N/VC:N/VI:N/VA:H/SC:N/SI:N/SA:N,"PYSEC-2022-73,GHSA-8rcj-c8pj-v3m3",
,lockfile,tensorflow-cpu,2.4.0,PyPI,GHSA-8rm6-75mf-7r7r,LOW,"BIT-tensorflow-2021-29604,CVE-2021-29604,PYSEC-2021-241,PYSEC-2021-532,PYSEC-2021-730",CWE-369,CVSS:4.0/AV:L/AC:L/AT:P/PR:L/UI:N/VC:N/VI:N/VA:L/SC:N/SI:N/SA:N,"PYSEC-2021-532,GHSA-8rm6-75mf-7r7r",
,lockfile,tensorflow-cpu,2.4.0,PyPI,GHSA-8w5g-3wcv-9g2j,MODERATE,"BIT-tensorflow-2022-41880,CVE-2022-41880",CWE-125,CVSS:3.1/AV:N/AC:L/PR:L/UI:R/S:U/C:L/I:L/A:H,GHSA-8w5g-3wcv-9g2j,
,lockfile,tensorflow-cpu,2.4.0,PyPI,GHSA-8wwm-6264-x792,MODERATE,"BIT-tensorflow-2022-29212,CVE-2022-29212",CWE-20,CVSS:3.1/AV:L/AC:L/PR:L/UI:N/S:U/C:N/I:N/A:H,GHSA-8wwm-6264-x792,
,lockfile,tensorflow-cpu,2.4.0,PyPI,GHSA-93vr-9q9m-pj8p,HIGH,"BIT-tensorflow-2023-25659,CVE-2023-25659",CWE-125,CVSS:3.1/AV:N/AC:L/PR:N/UI:N/S:U/C:N/I:N/A:H,GHSA-93vr-9q9m-pj8p,
,lockfile,tensorflow-cpu,2.4.0,PyPI,GHSA-94mm-g2mv-8p7r,HIGH,"BIT-tensorflow-2023-25672,CVE-2023-25672",CWE-476,CVSS:3.1/AV:N/AC:L/PR:N/UI:N/S:U/C:N/I:N/A:H,GHSA-94mm-g2mv-8p7r,
,lockfile,tensorflow-cpu,2.4.0,PyPI,GHSA-95xm-g58g-3p88,MODERATE,"BIT-tensorflow-2021-37640,CVE-2021-37640,PYSEC-2021-262,PYSEC-2021-553,PYSEC-2021-751",CWE-369,CVSS:4.0/AV:L/AC:L/AT:P/PR:L/UI:N/VC:N/VI:N/VA:H/SC:N/SI:N/SA:N,"PYSEC-2021-553,GHSA-95xm-g58g-3p88",
,lockfile,tensorflow-cpu,2.4.0,PyPI,GHSA-9697-98pf-4rw7,MODERATE,"BIT-tensorflow-2021-37670,CVE-2021-37670,PYSEC-2021-292,PYSEC-2021-583,PYSEC-2021-781",CWE-125,CVSS:4.0/AV:L/AC:L/AT:N/PR:L/UI:N/VC:H/VI:N/VA:N/SC:N/SI:N/SA:N,"PYSEC-2021-583,GHSA-9697-98pf-4rw7",
,lockfile,tensorflow-cpu,2.4.0,PyPI,GHSA-97p7-w86h-vcf9,MODERATE,"BIT-tensorflow-2022-35935,CVE-2022-35935",CWE-617,CVSS:3.1/AV:N/AC:H/PR:N/UI:N/S:U/C:N/I:N/A:H,GHSA-97p7-w86h-vcf9,
,lockfile,tensorflow-cpu,2.4.0,PyPI,GHSA-97wf-p777-86jq,LOW,"BIT-tensorflow-2021-29599,CVE-2021-29599,PYSEC-2021-236,PYSEC-2021-527,PYSEC-2021-725",CWE-369,CVSS:4.0/AV:L/AC:L/AT:P/PR:L/UI:N/VC:N/VI:N/VA:L/SC:N/SI:N/SA:N,"PYSEC-2021-527,GHSA-97wf-p777-86jq",
,lockfile,tensorflow-cpu,2.4.0,PyPI,GHSA-98j8-c9q4-r38g,MODERATE,"BIT-tensorflow-2022-21733,CVE-2022-21733,PYSEC-2022-112,PYSEC-2022-57","CWE-190,CWE-400",CVSS:4.0/AV:N/AC:L/AT:N/PR:L/UI:N/VC:N/VI:N/VA:L/SC:N/SI:N/SA:N,"PYSEC-2022-57,GHSA-98j8-c9q4-r38g",
,lockfile,tensorflow-cpu,2.4.0,PyPI,GHSA-98p5-x8x4-c9m5,HIGH,"BIT-tensorflow-2022-23559,CVE-2022-23559,PYSEC-2022-123,PYSEC-2022-68",CWE-190,CVSS:4.0/AV:N/AC:L/AT:N/PR:L/UI:N/VC:H/VI:H/VA:H/SC:N/SI:N/SA:N,"PYSEC-2022-68,GHSA-98p5-x8x4-c9m5",
,lockfile,tensorflow-cpu,2.4.0,PyPI,GHSA-9942-r22v-78cp,MODERATE,"BIT-tensorflow-2022-35985,CVE-2022-35985",CWE-617,CVSS:3.1/AV:N/AC:H/PR:N/UI:N/S:U/C:N/I:N/A:H,GHSA-9942-r22v-78cp,
,lockfile,tensorflow-cpu,2.4.0,PyPI,GHSA-9c78-vcq7-7vxq,HIGH,"BIT-tensorflow-2022-23561,CVE-2022-23561,PYSEC-2022-125,PYSEC-2022-70",CWE-787,CVSS:4.0/AV:N/AC:L/AT:N/PR:L/UI:N/VC:H/VI:H/VA:H/SC:N/SI:N/SA:N,"PYSEC-2022-70,GHSA-9c78-vcq7-7vxq",
,lockfile,tensorflow-cpu,2.4.0,PyPI,GHSA-9c84-4hx6-xmm4,MODERATE,"BIT-tensorflow-2021-29601,CVE-2021-29601,PYSEC-2021-238,PYSEC-2021-529,PYSEC-2021-727",CWE-190,CVSS:4.0/AV:L/AC:L/AT:P/PR:L/UI:N/VC:N/VI:H/VA:H/SC:N/SI:N/SA:N,"PYSEC-2021-529,GHSA-9c84-4hx6-xmm4",
,lockfile,tensorflow-cpu,2.4.0,PyPI,GHSA-9c8h-2mv3-49ww,MODERATE,"BIT-tensorflow-2021-37675,CVE-2021-37675,PYSEC-2021-297,PYSEC-2021-588,PYSEC-2021-786",CWE-369,CVSS:4.0/AV:L/AC:L/AT:N/PR:L/UI:N/VC:N/VI:N/VA:H/SC:N/SI:N/SA:N,"PYSEC-2021-588,GHSA-9c8h-2mv3-49ww",
,lockfile,tensorflow-cpu,2.4.0,PyPI,GHSA-9c8h-vvrj-w2p8,MODERATE,"BIT-tensorflow-2021-37641,CVE-2021-37641,PYSEC-2021-263,PYSEC-2021-554,PYSEC-2021-752",CWE-125,CVSS:4.0/AV:L/AC:L/AT:N/PR:L/UI:N/VC:H/VI:N/VA:H/SC:N/SI:N/SA:N,"PYSEC-2021-554,GHSA-9c8h-vvrj-w2p8",
,lockfile,tensorflow-cpu,2.4.0,PyPI,GHSA-9cr2-8pwr-fhfq,MODERATE,"BIT-tensorflow-2022-36026,CVE-2022-36026",CWE-617,CVSS:3.1/AV:N/AC:H/PR:N/UI:N/S:U/C:N/I:N/A:H,GHSA-9cr2-8pwr-fhfq,
,lockfile,tensorflow-cpu,2.4.0,PyPI,GHSA-9crf-c6qr-r273,MODERATE,"BIT-tensorflow-2021-41218,CVE-2021-41218,PYSEC-2021-410,PYSEC-2021-627,PYSEC-2021-825",CWE-369,CVSS:3.1/AV:L/AC:L/PR:L/UI:N/S:U/C:N/I:N/A:H,"PYSEC-2021-627,GHSA-9crf-c6qr-r273",
,lockfile,tensorflow-cpu,2.4.0,PyPI,GHSA-9fpg-838v-wpv7,MODERATE,"BIT-tensorflow-2022-35971,CVE-2022-35971",CWE-617,CVSS:3.1/AV:N/AC:H/PR:N/UI:N/S:U/C:N/I:N/A:H,GHSA-9fpg-838v-wpv7,
,lockfile,tensorflow-cpu,2.4.0,PyPI,GHSA-9gwq-6cwj-47h3,HIGH,"BIT-tensorflow-2022-23558,CVE-2022-23558,PYSEC-2022-122,PYSEC-2022-67",CWE-190,CVSS:4.0/AV:N/AC:L/AT:N/PR:L/UI:N/VC:L/VI:L/VA:H/SC:N/SI:N/SA:N,"PYSEC-2022-67,GHSA-9gwq-6cwj-47h3",
,lockfile,tensorflow-cpu,2.4.0,PyPI,GHSA-9j4v-pp28-mxv7,MODERATE,"BIT-tensorflow-2022-36019,CVE-2022-36019",CWE-617,CVSS:3.1/AV:N/AC:H/PR:N/UI:N/S:U/C:N/I:N/A:H,GHSA-9j4v-pp28-mxv7,
,lockfile,tensorflow-cpu,2.4.0,PyPI,GHSA-9p77-mmrw-69c7,HIGH,"BIT-tensorflow-2022-23570,CVE-2022-23570,PYSEC-2022-134,PYSEC-2022-79",CWE-476,CVSS:4.0/AV:N/AC:L/AT:N/PR:L/UI:N/VC:N/VI:N/VA:H/SC:N/SI:N/SA:N,"PYSEC-2022-79,GHSA-9p77-mmrw-69c7",
,lockfile,tensorflow-cpu,2.4.0,PyPI,GHSA-9px9-73fg-3fqp,MODERATE,"BIT-tensorflow-2022-23589,CVE-2022-23589,PYSEC-2022-153,PYSEC-2022-98",CWE-476,CVSS:3.1/AV:N/AC:L/PR:L/UI:N/S:U/C:N/I:N/A:H,"PYSEC-2022-98,GHSA-9px9-73fg-3fqp",
,lockfile,tensorflow-cpu,2.4.0,PyPI,GHSA-9rpc-5v9q-5r7f,LOW,"BIT-tensorflow-2021-29611,CVE-2021-29611,PYSEC-2021-248,PYSEC-2021-539,PYSEC-2021-737","CWE-20,CWE-665",CVSS:4.0/AV:L/AC:L/AT:P/PR:L/UI:N/VC:N/VI:L/VA:L/SC:N/SI:N/SA:N,"PYSEC-2021-539,GHSA-9rpc-5v9q-5r7f",
,lockfile,tensorflow-cpu,2.4.0,PyPI,GHSA-9v8w-xmr4-wgxp,MODERATE,"BIT-tensorflow-2022-35992,CVE-2022-35992",CWE-617,CVSS:3.1/AV:N/AC:H/PR:N/UI:N/S:U/C:N/I:N/A:H,GHSA-9v8w-xmr4-wgxp,
,lockfile,tensorflow-cpu,2.4.0,PyPI,GHSA-9vpm-rcf4-9wqw,LOW,"BIT-tensorflow-2021-29573,CVE-2021-29573,PYSEC-2021-210,PYSEC-2021-501,PYSEC-2021-699",CWE-369,CVSS:4.0/AV:L/AC:L/AT:P/PR:L/UI:N/VC:N/VI:N/VA:L/SC:N/SI:N/SA:N,"PYSEC-2021-501,GHSA-9vpm-rcf4-9wqw",
,lockfile,tensorflow-cpu,2.4.0,PyPI,GHSA-9vqj-64pv-w55c,MODERATE,"BIT-tensorflow-2022-35988,CVE-2022-35988",CWE-617,CVSS:3.1/AV:N/AC:H/PR:N/UI:N/S:U/C:N/I:N/A:H,GHSA-9vqj-64pv-w55c,
,lockfile,tensorflow-cpu,2.4.0,PyPI,GHSA-9w2p-5mgw-p94c,MODERATE,"BIT-tensorflow-2021-37645,CVE-2021-37645,PYSEC-2021-267,PYSEC-2021-558,PYSEC-2021-756",CWE-681,CVSS:4.0/AV:L/AC:L/AT:P/PR:L/UI:N/VC:N/VI:N/VA:H/SC:N/SI:N/SA:N,"PYSEC-2021-558,GHSA-9w2p-5mgw-p94c",
,lockfile,tensorflow-cpu,2.4.0,PyPI,GHSA-9xh4-23q4-v6wr,LOW,"BIT-tensorflow-2021-29583,CVE-2021-29583,PYSEC-2021-220,PYSEC-2021-511,PYSEC-2021-709","CWE-125,CWE-476,CWE-787",CVSS:4.0/AV:L/AC:L/AT:P/PR:L/UI:N/VC:N/VI:N/VA:L/SC:N/SI:N/SA:N,"PYSEC-2021-511,GHSA-9xh4-23q4-v6wr",
,lockfile,tensorflow-cpu,2.4.0,PyPI,GHSA-c45w-2wxr-pp53,LOW,"BIT-tensorflow-2021-29582,CVE-2021-29582,PYSEC-2021-219,PYSEC-2021-510,PYSEC-2021-708",CWE-125,CVSS:4.0/AV:L/AC:L/AT:P/PR:L/UI:N/VC:N/VI:N/VA:L/SC:N/SI:N/SA:N,"PYSEC-2021-510,GHSA-c45w-2wxr-pp53",
,lockfile,tensorflow-cpu,2.4.0,PyPI,GHSA-c545-c4f9-rf6v,MODERATE,"BIT-tensorflow-2021-37685,CVE-2021-37685,PYSEC-2021-307,PYSEC-2021-598,PYSEC-2021-796",CWE-125,CVSS:4.0/AV:L/AC:L/AT:N/PR:L/UI:N/VC:H/VI:N/VA:N/SC:N/SI:N/SA:N,"PYSEC-2021-598,GHSA-c545-c4f9-rf6v",
,lockfile,tensorflow-cpu,2.4.0,PyPI,GHSA-c582-c96p-r5cq,MODERATE,"BIT-tensorflow-2022-21732,CVE-2022-21732,PYSEC-2022-111,PYSEC-2022-56","CWE-400,CWE-770",CVSS:4.0/AV:N/AC:L/AT:N/PR:L/UI:N/VC:N/VI:N/VA:L/SC:N/SI:N/SA:N,"PYSEC-2022-56,GHSA-c582-c96p-r5cq",
,lockfile,tensorflow-cpu,2.4.0,PyPI,GHSA-c5x2-p679-95wc,HIGH,"BIT-tensorflow-2021-37647,CVE-2021-37647,PYSEC-2021-269,PYSEC-2021-560,PYSEC-2021-758",CWE-476,CVSS:4.0/AV:L/AC:L/AT:N/PR:N/UI:N/VC:N/VI:H/VA:H/SC:N/SI:N/SA:N,"PYSEC-2021-560,GHSA-c5x2-p679-95wc",
,lockfile,tensorflow-cpu,2.4.0,PyPI,GHSA-c6fh-56w7-fvjw,HIGH,"BIT-tensorflow-2022-21727,CVE-2022-21727,PYSEC-2022-106,PYSEC-2022-51",CWE-190,CVSS:4.0/AV:N/AC:L/AT:N/PR:L/UI:N/VC:L/VI:L/VA:H/SC:N/SI:N/SA:N,"PYSEC-2022-51,GHSA-c6fh-56w7-fvjw",
,lockfile,tensorflow-cpu,2.4.0,PyPI,GHSA-c94w-c95p-phf8,HIGH,"BIT-tensorflow-2022-23575,CVE-2022-23575,PYSEC-2022-139,PYSEC-2022-84",CWE-190,CVSS:4.0/AV:N/AC:L/AT:N/PR:L/UI:N/VC:N/VI:N/VA:H/SC:N/SI:N/SA:N,"PYSEC-2022-84,GHSA-c94w-c95p-phf8",
,lockfile,tensorflow-cpu,2.4.0,PyPI,GHSA-c968-pq7h-7fxv,LOW,"BIT-tensorflow-2021-29522,CVE-2021-29522,PYSEC-2021-159,PYSEC-2021-450,PYSEC-2021-648",CWE-369,CVSS:4.0/AV:L/AC:L/AT:P/PR:L/UI:N/VC:N/VI:N/VA:L/SC:N/SI:N/SA:N,"PYSEC-2021-450,GHSA-c968-pq7h-7fxv",
,lockfile,tensorflow-cpu,2.4.0,PyPI,GHSA-c9qf-r67m-p7cg,HIGH,"BIT-tensorflow-2021-37637,CVE-2021-37637,PYSEC-2021-259,PYSEC-2021-550,PYSEC-2021-748",CWE-476,CVSS:4.0/AV:L/AC:L/AT:N/PR:N/UI:N/VC:N/VI:H/VA:H/SC:N/SI:N/SA:N,"PYSEC-2021-550,GHSA-c9qf-r67m-p7cg",
,lockfile,tensorflow-cpu,2.4.0,PyPI,GHSA-cfpj-3q4c-jhvr,MODERATE,"BIT-tensorflow-2021-37680,CVE-2021-37680,PYSEC-2021-302,PYSEC-2021-593,PYSEC-2021-791",CWE-369,CVSS:4.0/AV:L/AC:L/AT:N/PR:L/UI:N/VC:N/VI:N/VA:H/SC:N/SI:N/SA:N,"PYSEC-2021-593,GHSA-cfpj-3q4c-jhvr",
,lockfile,tensorflow-cpu,2.4.0,PyPI,GHSA-cfx7-2xpc-8w4h,LOW,"BIT-tensorflow-2021-29593,CVE-2021-29593,PYSEC-2021-230,PYSEC-2021-521,PYSEC-2021-719",CWE-369,CVSS:4.0/AV:L/AC:L/AT:P/PR:L/UI:N/VC:N/VI:N/VA:L/SC:N/SI:N/SA:N,"PYSEC-2021-521,GHSA-cfx7-2xpc-8w4h",
,lockfile,tensorflow-cpu,2.4.0,PyPI,GHSA-cg88-rpvp-cjv5,HIGH,"BIT-tensorflow-2022-41902,CVE-2022-41902","CWE-125,CWE-787",CVSS:3.1/AV:N/AC:H/PR:L/UI:R/S:U/C:H/I:H/A:H,GHSA-cg88-rpvp-cjv5,
,lockfile,tensorflow-cpu,2.4.0,PyPI,GHSA-cgfm-62j4-v4rf,HIGH,"BIT-tensorflow-2021-37635,CVE-2021-37635,PYSEC-2021-257,PYSEC-2021-548,PYSEC-2021-746",CWE-125,CVSS:4.0/AV:L/AC:L/AT:N/PR:L/UI:N/VC:H/VI:L/VA:H/SC:N/SI:N/SA:N,"PYSEC-2021-548,GHSA-cgfm-62j4-v4rf",
,lockfile,tensorflow-cpu,2.4.0,PyPI,GHSA-ch4f-829c-v5pw,MODERATE,"BIT-tensorflow-2021-37642,CVE-2021-37642,PYSEC-2021-264,PYSEC-2021-555,PYSEC-2021-753",CWE-369,CVSS:4.0/AV:L/AC:L/AT:N/PR:L/UI:N/VC:N/VI:N/VA:H/SC:N/SI:N/SA:N,"PYSEC-2021-555,GHSA-ch4f-829c-v5pw",
,lockfile,tensorflow-cpu,2.4.0,PyPI,GHSA-cjc7-49v2-jp64,MODERATE,"BIT-tensorflow-2021-29609,CVE-2021-29609,PYSEC-2021-246,PYSEC-2021-537,PYSEC-2021-735","CWE-665,CWE-787",CVSS:4.0/AV:L/AC:L/AT:P/PR:L/UI:N/VC:N/VI:L/VA:H/SC:N/SI:N/SA:N,"PYSEC-2021-537,GHSA-cjc7-49v2-jp64",
,lockfile,tensorflow-cpu,2.4.0,PyPI,GHSA-cm5x-837x-jf3c,MODERATE,"BIT-tensorflow-2021-37660,CVE-2021-37660,PYSEC-2021-282,PYSEC-2021-573,PYSEC-2021-771",CWE-369,CVSS:4.0/AV:L/AC:L/AT:N/PR:L/UI:N/VC:N/VI:N/VA:H/SC:N/SI:N/SA:N,"PYSEC-2021-573,GHSA-cm5x-837x-jf3c",
,lockfile,tensorflow-cpu,2.4.0,PyPI,GHSA-cpf4-wx82-gxp6,MODERATE,"BIT-tensorflow-2021-41222,CVE-2021-41222,PYSEC-2021-414,PYSEC-2021-631,PYSEC-2021-829",CWE-682,CVSS:4.0/AV:L/AC:L/AT:N/PR:L/UI:N/VC:N/VI:N/VA:H/SC:N/SI:N/SA:N,"PYSEC-2021-631,GHSA-cpf4-wx82-gxp6",
,lockfile,tensorflow-cpu,2.4.0,PyPI,GHSA-cq76-mxrc-vchh,MODERATE,"BIT-tensorflow-2021-41195,CVE-2021-41195,PYSEC-2021-842,PYSEC-2021-844,PYSEC-2021-846",CWE-190,CVSS:4.0/AV:L/AC:L/AT:N/PR:L/UI:N/VC:N/VI:N/VA:H/SC:N/SI:N/SA:N,"PYSEC-2021-844,GHSA-cq76-mxrc-vchh",
,lockfile,tensorflow-cpu,2.4.0,PyPI,GHSA-cqv6-3phm-hcwx,HIGH,"BIT-tensorflow-2021-41221,CVE-2021-41221,PYSEC-2021-413,PYSEC-2021-630,PYSEC-2021-828","CWE-120,CWE-787",CVSS:3.1/AV:L/AC:L/PR:L/UI:N/S:U/C:H/I:H/A:H,"PYSEC-2021-630,GHSA-cqv6-3phm-hcwx",
,lockfile,tensorflow-cpu,2.4.0,PyPI,GHSA-cqvq-fvhr-v6hc,LOW,,,,GHSA-cqvq-fvhr-v6hc,
,lockfile,tensorflow-cpu,2.4.0,PyPI,GHSA-crch-j389-5f84,LOW,"BIT-tensorflow-2021-29603,CVE-2021-29603,PYSEC-2021-240,PYSEC-2021-531,PYSEC-2021-729",CWE-787,CVSS:4.0/AV:L/AC:L/AT:P/PR:L/UI:N/VC:N/VI:N/VA:L/SC:N/SI:N/SA:N,"PYSEC-2021-531,GHSA-crch-j389-5f84",
,lockfile,tensorflow-cpu,2.4.0,PyPI,GHSA-cv2p-32v3-vhwq,MODERATE,"BIT-tensorflow-2022-36003,CVE-2022-36003",CWE-617,CVSS:3.1/AV:N/AC:H/PR:N/UI:N/S:U/C:N/I:N/A:H,GHSA-cv2p-32v3-vhwq,
,lockfile,tensorflow-cpu,2.4.0,PyPI,GHSA-cwpm-f78v-7m5c,MODERATE,"BIT-tensorflow-2022-29202,CVE-2022-29202","CWE-1284,CWE-20,CWE-400",CVSS:3.1/AV:L/AC:L/PR:L/UI:N/S:U/C:N/I:N/A:H,GHSA-cwpm-f78v-7m5c,
,lockfile,tensorflow-cpu,2.4.0,PyPI,GHSA-cwv3-863g-39vx,HIGH,"BIT-tensorflow-2021-29591,CVE-2021-29591,PYSEC-2021-228,PYSEC-2021-519,PYSEC-2021-717","CWE-674,CWE-835",CVSS:4.0/AV:L/AC:L/AT:N/PR:L/UI:N/VC:H/VI:L/VA:H/SC:N/SI:N/SA:N,"PYSEC-2021-519,GHSA-cwv3-863g-39vx",
,lockfile,tensorflow-cpu,2.4.0,PyPI,GHSA-f2vv-v9cg-qhh7,HIGH,"BIT-tensorflow-2022-21737,CVE-2022-21737,PYSEC-2022-116,PYSEC-2022-61","CWE-617,CWE-754",CVSS:4.0/AV:N/AC:L/AT:N/PR:L/UI:N/VC:N/VI:N/VA:H/SC:N/SI:N/SA:N,"PYSEC-2022-61,GHSA-f2vv-v9cg-qhh7",
,lockfile,tensorflow-cpu,2.4.0,PyPI,GHSA-f2w8-jw48-fr7j,MODERATE,"BIT-tensorflow-2022-41897,CVE-2022-41897",CWE-125,CVSS:3.1/AV:N/AC:H/PR:L/UI:R/S:U/C:N/I:N/A:H,GHSA-f2w8-jw48-fr7j,
,lockfile,tensorflow-cpu,2.4.0,PyPI,GHSA-f49c-87jh-g47q,HIGH,"BIT-tensorflow-2023-25801,CVE-2023-25801",CWE-415,CVSS:3.1/AV:L/AC:L/PR:N/UI:N/S:U/C:L/I:H/A:H,GHSA-f49c-87jh-g47q,
,lockfile,tensorflow-cpu,2.4.0,PyPI,GHSA-f4rr-5m7v-wxcw,MODERATE,"BIT-tensorflow-2022-29209,CVE-2022-29209",CWE-843,CVSS:3.1/AV:L/AC:L/PR:L/UI:N/S:U/C:N/I:N/A:H,GHSA-f4rr-5m7v-wxcw,
,lockfile,tensorflow-cpu,2.4.0,PyPI,GHSA-f4w6-h4f5-wx45,MODERATE,"BIT-tensorflow-2022-35934,CVE-2022-35934",CWE-617,CVSS:3.1/AV:N/AC:H/PR:N/UI:N/S:U/C:N/I:N/A:H,GHSA-f4w6-h4f5-wx45,
,lockfile,tensorflow-cpu,2.4.0,PyPI,GHSA-f54p-f6jp-4rhr,MODERATE,"BIT-tensorflow-2021-41223,CVE-2021-41223,PYSEC-2021-415,PYSEC-2021-632,PYSEC-2021-830",CWE-125,CVSS:4.0/AV:L/AC:L/AT:N/PR:L/UI:N/VC:H/VI:N/VA:H/SC:N/SI:N/SA:N,"PYSEC-2021-632,GHSA-f54p-f6jp-4rhr",
,lockfile,tensorflow-cpu,2.4.0,PyPI,GHSA-f5cx-5wr3-5qrc,MODERATE,"BIT-tensorflow-2021-37662,CVE-2021-37662,PYSEC-2021-284,PYSEC-2021-575,PYSEC-2021-773",CWE-824,CVSS:4.0/AV:L/AC:L/AT:N/PR:L/UI:N/VC:N/VI:H/VA:H/SC:N/SI:N/SA:N,"PYSEC-2021-575,GHSA-f5cx-5wr3-5qrc",
,lockfile,tensorflow-cpu,2.4.0,PyPI,GHSA-f637-vh3r-vfh2,HIGH,"BIT-tensorflow-2023-25666,CVE-2023-25666",CWE-697,CVSS:3.1/AV:N/AC:L/PR:N/UI:N/S:U/C:N/I:N/A:H,GHSA-f637-vh3r-vfh2,
,lockfile,tensorflow-cpu,2.4.0,PyPI,GHSA-f78g-q7r4-9wcv,LOW,"BIT-tensorflow-2021-29550,CVE-2021-29550,PYSEC-2021-187,PYSEC-2021-478,PYSEC-2021-676",CWE-369,CVSS:4.0/AV:L/AC:L/AT:P/PR:L/UI:N/VC:N/VI:N/VA:L/SC:N/SI:N/SA:N,"PYSEC-2021-478,GHSA-f78g-q7r4-9wcv",
,lockfile,tensorflow-cpu,2.4.0,PyPI,GHSA-f7r5-q7cx-h668,MODERATE,"BIT-tensorflow-2022-35964,CVE-2022-35964",CWE-20,CVSS:3.1/AV:N/AC:H/PR:N/UI:N/S:U/C:N/I:N/A:H,GHSA-f7r5-q7cx-h668,
,lockfile,tensorflow-cpu,2.4.0,PyPI,GHSA-f8h4-7rgh-q2gm,HIGH,"BIT-tensorflow-2021-37650,CVE-2021-37650,PYSEC-2021-272,PYSEC-2021-563,PYSEC-2021-761","CWE-120,CWE-787",CVSS:4.0/AV:L/AC:L/AT:N/PR:L/UI:N/VC:H/VI:H/VA:H/SC:N/SI:N/SA:N,"PYSEC-2021-563,GHSA-f8h4-7rgh-q2gm",
,lockfile,tensorflow-cpu,2.4.0,PyPI,GHSA-fcwc-p4fc-c5cc,HIGH,"BIT-tensorflow-2021-37643,CVE-2021-37643,PYSEC-2021-265,PYSEC-2021-556,PYSEC-2021-754",CWE-476,CVSS:4.0/AV:L/AC:L/AT:N/PR:N/UI:N/VC:N/VI:H/VA:H/SC:N/SI:N/SA:N,"PYSEC-2021-556,GHSA-fcwc-p4fc-c5cc",
,lockfile,tensorflow-cpu,2.4.0,PyPI,GHSA-ffjm-4qwc-7cmf,HIGH,"BIT-tensorflow-2022-35939,CVE-2022-35939",CWE-787,CVSS:3.1/AV:N/AC:H/PR:N/UI:N/S:U/C:L/I:L/A:H,GHSA-ffjm-4qwc-7cmf,
,lockfile,tensorflow-cpu,2.4.0,PyPI,GHSA-fhfc-2q7x-929f,MODERATE,"BIT-tensorflow-2022-35994,CVE-2022-35994",CWE-617,CVSS:3.1/AV:N/AC:H/PR:N/UI:N/S:U/C:N/I:N/A:H,GHSA-fhfc-2q7x-929f,
,lockfile,tensorflow-cpu,2.4.0,PyPI,GHSA-fpcp-9h7m-ffpx,MODERATE,"BIT-tensorflow-2022-23595,CVE-2022-23595,PYSEC-2022-103,PYSEC-2022-158",CWE-476,CVSS:4.0/AV:N/AC:L/AT:P/PR:L/UI:N/VC:N/VI:N/VA:H/SC:N/SI:N/SA:N,"PYSEC-2022-103,GHSA-fpcp-9h7m-ffpx",
,lockfile,tensorflow-cpu,2.4.0,PyPI,GHSA-fphq-gw9m-ghrv,LOW,"BIT-tensorflow-2021-29543,CVE-2021-29543,PYSEC-2021-180,PYSEC-2021-471,PYSEC-2021-669",CWE-617,CVSS:4.0/AV:L/AC:L/AT:P/PR:L/UI:N/VC:N/VI:N/VA:L/SC:N/SI:N/SA:N,"PYSEC-2021-471,GHSA-fphq-gw9m-ghrv",
,lockfile,tensorflow-cpu,2.4.0,PyPI,GHSA-fq6p-6334-8gr4,MODERATE,"BIT-tensorflow-2022-23585,CVE-2022-23585,PYSEC-2022-149,PYSEC-2022-94",CWE-401,CVSS:3.1/AV:N/AC:L/PR:L/UI:N/S:U/C:N/I:N/A:L,"PYSEC-2022-94,GHSA-fq6p-6334-8gr4",
,lockfile,tensorflow-cpu,2.4.0,PyPI,GHSA-fq86-3f29-px2c,MODERATE,"BIT-tensorflow-2022-23581,CVE-2022-23581,PYSEC-2022-145,PYSEC-2022-90",CWE-617,CVSS:3.1/AV:N/AC:L/PR:L/UI:N/S:U/C:N/I:N/A:H,"PYSEC-2022-90,GHSA-fq86-3f29-px2c",
,lockfile,tensorflow-cpu,2.4.0,PyPI,GHSA-fqm2-gh8w-gr68,MODERATE,"BIT-tensorflow-2023-25667,CVE-2023-25667",CWE-190,CVSS:3.1/AV:N/AC:L/PR:N/UI:R/S:U/C:N/I:N/A:H,GHSA-fqm2-gh8w-gr68,
,lockfile,tensorflow-cpu,2.4.0,PyPI,GHSA-fqxc-pvf8-2w9v,MODERATE,"BIT-tensorflow-2022-36000,CVE-2022-36000",CWE-476,CVSS:3.1/AV:N/AC:H/PR:N/UI:N/S:U/C:N/I:N/A:H,GHSA-fqxc-pvf8-2w9v,
,lockfile,tensorflow-cpu,2.4.0,PyPI,GHSA-fr77-rrx3-cp7g,HIGH,"BIT-tensorflow-2021-41212,CVE-2021-41212,PYSEC-2021-404,PYSEC-2021-621,PYSEC-2021-819",CWE-125,CVSS:3.1/AV:L/AC:L/PR:L/UI:N/S:U/C:H/I:N/A:H,"PYSEC-2021-621,GHSA-fr77-rrx3-cp7g",
,lockfile,tensorflow-cpu,2.4.0,PyPI,GHSA-frqp-wp83-qggv,MODERATE,"BIT-tensorflow-2022-41910,CVE-2022-41910",CWE-125,CVSS:3.1/AV:N/AC:H/PR:L/UI:R/S:U/C:N/I:N/A:H,GHSA-frqp-wp83-qggv,
,lockfile,tensorflow-cpu,2.4.0,PyPI,GHSA-fv25-wrff-wf86,MODERATE,"BIT-tensorflow-2022-29191,CVE-2022-29191",CWE-20,CVSS:3.1/AV:L/AC:L/PR:L/UI:N/S:U/C:N/I:N/A:H,GHSA-fv25-wrff-wf86,
,lockfile,tensorflow-cpu,2.4.0,PyPI,GHSA-fv43-93gv-vm8f,MODERATE,"BIT-tensorflow-2022-36011,CVE-2022-36011",CWE-476,CVSS:3.1/AV:N/AC:H/PR:N/UI:N/S:U/C:N/I:N/A:H,GHSA-fv43-93gv-vm8f,
,lockfile,tensorflow-cpu,2.4.0,PyPI,GHSA-fx5c-h9f6-rv7c,MODERATE,"BIT-tensorflow-2022-23588,CVE-2022-23588,PYSEC-2022-152,PYSEC-2022-97",CWE-617,CVSS:3.1/AV:N/AC:L/PR:L/UI:N/S:U/C:N/I:N/A:H,"PYSEC-2022-97,GHSA-fx5c-h9f6-rv7c",
,lockfile,tensorflow-cpu,2.4.0,PyPI,GHSA-fxgc-95xx-grvq,MODERATE,"BIT-tensorflow-2023-25661,CVE-2023-25661",CWE-20,CVSS:3.1/AV:N/AC:L/PR:L/UI:N/S:U/C:N/I:N/A:H,GHSA-fxgc-95xx-grvq,
,lockfile,tensorflow-cpu,2.4.0,PyPI,GHSA-fxqh-cfjm-fp93,LOW,"BIT-tensorflow-2021-29556,CVE-2021-29556,PYSEC-2021-193,PYSEC-2021-484,PYSEC-2021-682",CWE-369,CVSS:4.0/AV:L/AC:L/AT:P/PR:L/UI:N/VC:N/VI:N/VA:L/SC:N/SI:N/SA:N,"PYSEC-2021-484,GHSA-fxqh-cfjm-fp93",
,lockfile,tensorflow-cpu,2.4.0,PyPI,GHSA-g25h-jr74-qp5j,HIGH,"BIT-tensorflow-2021-37663,CVE-2021-37663,PYSEC-2021-285,PYSEC-2021-576,PYSEC-2021-774",CWE-20,CVSS:4.0/AV:L/AC:L/AT:N/PR:L/UI:N/VC:H/VI:H/VA:H/SC:N/SI:N/SA:N,"PYSEC-2021-576,GHSA-g25h-jr74-qp5j",
,lockfile,tensorflow-cpu,2.4.0,PyPI,GHSA-g35r-369w-3fqp,MODERATE,"BIT-tensorflow-2022-35970,CVE-2022-35970",CWE-20,CVSS:3.1/AV:N/AC:H/PR:N/UI:N/S:U/C:N/I:N/A:H,GHSA-g35r-369w-3fqp,
,lockfile,tensorflow-cpu,2.4.0,PyPI,GHSA-g468-qj8g-vcjc,LOW,"BIT-tensorflow-2022-36016,CVE-2022-36016",CWE-617,,GHSA-g468-qj8g-vcjc,
,lockfile,tensorflow-cpu,2.4.0,PyPI,GHSA-g4h2-gqm3-c9wq,LOW,"BIT-tensorflow-2021-29539,CVE-2021-29539,PYSEC-2021-176,PYSEC-2021-467,PYSEC-2021-665",CWE-681,CVSS:4.0/AV:L/AC:L/AT:P/PR:L/UI:N/VC:N/VI:N/VA:L/SC:N/SI:N/SA:N,"PYSEC-2021-467,GHSA-g4h2-gqm3-c9wq",
,lockfile,tensorflow-cpu,2.4.0,PyPI,GHSA-g8wg-cjwc-xhhp,HIGH,"BIT-tensorflow-2021-37679,CVE-2021-37679,PYSEC-2021-301,PYSEC-2021-592,PYSEC-2021-790","CWE-125,CWE-681",CVSS:4.0/AV:L/AC:L/AT:N/PR:L/UI:N/VC:H/VI:H/VA:N/SC:N/SI:N/SA:N,"PYSEC-2021-592,GHSA-g8wg-cjwc-xhhp",
,lockfile,tensorflow-cpu,2.4.0,PyPI,GHSA-g9fm-r5mm-rf9f,MODERATE,"BIT-tensorflow-2022-41901,CVE-2022-41901","CWE-20,CWE-617",CVSS:3.1/AV:N/AC:H/PR:L/UI:R/S:U/C:N/I:N/A:H,GHSA-g9fm-r5mm-rf9f,
,lockfile,tensorflow-cpu,2.4.0,PyPI,GHSA-g9h5-vr8m-x2h4,MODERATE,"BIT-tensorflow-2022-35995,CVE-2022-35995",CWE-617,CVSS:3.1/AV:N/AC:H/PR:N/UI:N/S:U/C:N/I:N/A:H,GHSA-g9h5-vr8m-x2h4,
,lockfile,tensorflow-cpu,2.4.0,PyPI,GHSA-gcvh-66ff-4mwm,HIGH,"BIT-tensorflow-2022-21734,CVE-2022-21734,PYSEC-2022-113,PYSEC-2022-58","CWE-617,CWE-843",CVSS:4.0/AV:N/AC:L/AT:N/PR:L/UI:N/VC:N/VI:N/VA:H/SC:N/SI:N/SA:N,"PYSEC-2022-58,GHSA-gcvh-66ff-4mwm",
,lockfile,tensorflow-cpu,2.4.0,PyPI,GHSA-gf2j-f278-xh4v,HIGH,"BIT-tensorflow-2022-23557,CVE-2022-23557,PYSEC-2022-121,PYSEC-2022-66",CWE-369,CVSS:4.0/AV:N/AC:L/AT:N/PR:L/UI:N/VC:N/VI:N/VA:H/SC:N/SI:N/SA:N,"PYSEC-2022-66,GHSA-gf2j-f278-xh4v",
,lockfile,tensorflow-cpu,2.4.0,PyPI,GHSA-gf88-j2mg-cc82,MODERATE,"BIT-tensorflow-2021-37661,CVE-2021-37661,PYSEC-2021-283,PYSEC-2021-574,PYSEC-2021-772",CWE-681,CVSS:4.0/AV:L/AC:L/AT:N/PR:L/UI:N/VC:N/VI:N/VA:H/SC:N/SI:N/SA:N,"PYSEC-2021-574,GHSA-gf88-j2mg-cc82",
,lockfile,tensorflow-cpu,2.4.0,PyPI,GHSA-gf97-q72m-7579,HIGH,"BIT-tensorflow-2023-25674,CVE-2023-25674",CWE-476,CVSS:3.1/AV:N/AC:L/PR:N/UI:N/S:U/C:N/I:N/A:H,GHSA-gf97-q72m-7579,
,lockfile,tensorflow-cpu,2.4.0,PyPI,GHSA-gh6x-4whr-2qv4,HIGH,"BIT-tensorflow-2021-37639,CVE-2021-37639,PYSEC-2021-261,PYSEC-2021-552,PYSEC-2021-750","CWE-125,CWE-476",CVSS:4.0/AV:L/AC:L/AT:N/PR:N/UI:N/VC:H/VI:H/VA:H/SC:N/SI:N/SA:N,"PYSEC-2021-552,GHSA-gh6x-4whr-2qv4",
,lockfile,tensorflow-cpu,2.4.0,PyPI,GHSA-gh8h-7j2j-qv4f,MODERATE,"BIT-tensorflow-2021-41200,CVE-2021-41200,PYSEC-2021-393,PYSEC-2021-610,PYSEC-2021-808",CWE-617,CVSS:4.0/AV:L/AC:L/AT:N/PR:L/UI:N/VC:N/VI:N/VA:H/SC:N/SI:N/SA:N,"PYSEC-2021-610,GHSA-gh8h-7j2j-qv4f",
,lockfile,tensorflow-cpu,2.4.0,PyPI,GHSA-gjh7-xx4r-x345,HIGH,"BIT-tensorflow-2023-33976,CVE-2023-33976",CWE-190,CVSS:4.0/AV:N/AC:L/AT:N/PR:N/UI:N/VC:N/VI:N/VA:H/SC:N/SI:N/SA:N,GHSA-gjh7-xx4r-x345,
,lockfile,tensorflow-cpu,2.4.0,PyPI,GHSA-gjqc-q9g6-q2j3,MODERATE,"BIT-tensorflow-2022-23583,CVE-2022-23583,PYSEC-2022-147,PYSEC-2022-92","CWE-617,CWE-843",CVSS:3.1/AV:N/AC:L/PR:L/UI:N/S:U/C:N/I:N/A:H,"PYSEC-2022-92,GHSA-gjqc-q9g6-q2j3",
,lockfile,tensorflow-cpu,2.4.0,PyPI,GHSA-gq2j-cr96-gvqx,MODERATE,"BIT-tensorflow-2022-41895,CVE-2022-41895",CWE-125,CVSS:3.1/AV:N/AC:H/PR:L/UI:R/S:U/C:N/I:N/A:H,GHSA-gq2j-cr96-gvqx,
,lockfile,tensorflow-cpu,2.4.0,PyPI,GHSA-gv26-jpj9-c8gq,MODERATE,"BIT-tensorflow-2021-29607,CVE-2021-29607,PYSEC-2021-244,PYSEC-2021-535,PYSEC-2021-733",CWE-754,CVSS:4.0/AV:L/AC:L/AT:P/PR:L/UI:N/VC:N/VI:L/VA:H/SC:N/SI:N/SA:N,"PYSEC-2021-535,GHSA-gv26-jpj9-c8gq",
,lockfile,tensorflow-cpu,2.4.0,PyPI,GHSA-gvm4-h8j3-rjrq,LOW,"BIT-tensorflow-2021-29561,CVE-2021-29561,PYSEC-2021-198,PYSEC-2021-489,PYSEC-2021-687",CWE-617,CVSS:4.0/AV:L/AC:L/AT:P/PR:L/UI:N/VC:N/VI:N/VA:L/SC:N/SI:N/SA:N,"PYSEC-2021-489,GHSA-gvm4-h8j3-rjrq",
,lockfile,tensorflow-cpu,2.4.0,PyPI,GHSA-gw97-ff7c-9v96,CRITICAL,"BIT-tensorflow-2023-25668,CVE-2023-25668","CWE-122,CWE-125",CVSS:3.1/AV:N/AC:L/PR:N/UI:N/S:U/C:H/I:H/A:H,GHSA-gw97-ff7c-9v96,
,lockfile,tensorflow-cpu,2.4.0,PyPI,GHSA-h246-cgh4-7475,MODERATE,"BIT-tensorflow-2022-41890,CVE-2022-41890",CWE-704,CVSS:3.1/AV:N/AC:H/PR:L/UI:R/S:U/C:N/I:N/A:H,GHSA-h246-cgh4-7475,
,lockfile,tensorflow-cpu,2.4.0,PyPI,GHSA-h2wq-prv9-2f56,MODERATE,"BIT-tensorflow-2022-29192,CVE-2022-29192",CWE-20,CVSS:3.1/AV:L/AC:L/PR:L/UI:N/S:U/C:N/I:N/A:H,GHSA-h2wq-prv9-2f56,
,lockfile,tensorflow-cpu,2.4.0,PyPI,GHSA-h48f-q7rw-hvr7,MODERATE,"BIT-tensorflow-2022-29195,CVE-2022-29195",CWE-20,CVSS:3.1/AV:L/AC:L/PR:L/UI:N/S:U/C:N/I:N/A:H,GHSA-h48f-q7rw-hvr7,
,lockfile,tensorflow-cpu,2.4.0,PyPI,GHSA-h4pc-gx2w-f2xv,MODERATE,"BIT-tensorflow-2021-29606,CVE-2021-29606,PYSEC-2021-243,PYSEC-2021-534,PYSEC-2021-732",CWE-125,CVSS:4.0/AV:L/AC:L/AT:N/PR:L/UI:N/VC:N/VI:H/VA:H/SC:N/SI:N/SA:N,"PYSEC-2021-534,GHSA-h4pc-gx2w-f2xv",
,lockfile,tensorflow-cpu,2.4.0,PyPI,GHSA-h5g4-ppwx-48q2,MODERATE,"BIT-tensorflow-2022-29194,CVE-2022-29194",CWE-20,CVSS:3.1/AV:L/AC:L/PR:L/UI:N/S:U/C:N/I:N/A:H,GHSA-h5g4-ppwx-48q2,
,lockfile,tensorflow-cpu,2.4.0,PyPI,GHSA-h5vq-gw2c-pq47,MODERATE,"BIT-tensorflow-2022-35952,CVE-2022-35952",CWE-617,CVSS:3.1/AV:N/AC:H/PR:N/UI:N/S:U/C:N/I:N/A:H,GHSA-h5vq-gw2c-pq47,
,lockfile,tensorflow-cpu,2.4.0,PyPI,GHSA-h67m-xg8f-fxcf,MODERATE,"BIT-tensorflow-2021-41213,CVE-2021-41213,PYSEC-2021-405,PYSEC-2021-622,PYSEC-2021-820","CWE-662,CWE-667",CVSS:3.1/AV:L/AC:L/PR:L/UI:N/S:U/C:N/I:N/A:H,"PYSEC-2021-622,GHSA-h67m-xg8f-fxcf",
,lockfile,tensorflow-cpu,2.4.0,PyPI,GHSA-h6gw-r52c-724r,CRITICAL,,"CWE-476,CWE-824",CVSS:3.1/AV:L/AC:L/PR:N/UI:N/S:C/C:H/I:H/A:H,GHSA-h6gw-r52c-724r,
,lockfile,tensorflow-cpu,2.4.0,PyPI,GHSA-h6jh-7gv5-28vg,MODERATE,"BIT-tensorflow-2021-37646,CVE-2021-37646,PYSEC-2021-268,PYSEC-2021-559,PYSEC-2021-757",CWE-681,CVSS:4.0/AV:L/AC:L/AT:N/PR:L/UI:N/VC:N/VI:N/VA:H/SC:N/SI:N/SA:N,"PYSEC-2021-559,GHSA-h6jh-7gv5-28vg",
,lockfile,tensorflow-cpu,2.4.0,PyPI,GHSA-h7ff-cfc9-wmmh,MODERATE,"BIT-tensorflow-2022-35990,CVE-2022-35990",CWE-617,CVSS:3.1/AV:N/AC:H/PR:N/UI:N/S:U/C:N/I:N/A:H,GHSA-h7ff-cfc9-wmmh,
,lockfile,tensorflow-cpu,2.4.0,PyPI,GHSA-h9px-9vqg-222h,LOW,"BIT-tensorflow-2021-29553,CVE-2021-29553,PYSEC-2021-190,PYSEC-2021-481,PYSEC-2021-679",CWE-125,CVSS:4.0/AV:L/AC:L/AT:P/PR:L/UI:N/VC:N/VI:N/VA:L/SC:N/SI:N/SA:N,"PYSEC-2021-481,GHSA-h9px-9vqg-222h",
,lockfile,tensorflow-cpu,2.4.0,PyPI,GHSA-hc6c-75p4-hmq4,LOW,"BIT-tensorflow-2021-29515,CVE-2021-29515,PYSEC-2021-152,PYSEC-2021-443,PYSEC-2021-641",CWE-476,CVSS:4.0/AV:L/AC:L/AT:P/PR:L/UI:N/VC:N/VI:N/VA:L/SC:N/SI:N/SA:N,"PYSEC-2021-443,GHSA-hc6c-75p4-hmq4",
,lockfile,tensorflow-cpu,2.4.0,PyPI,GHSA-hmg3-c7xj-6qwm,LOW,"BIT-tensorflow-2021-29545,CVE-2021-29545,PYSEC-2021-182,PYSEC-2021-473,PYSEC-2021-671",CWE-131,CVSS:4.0/AV:L/AC:L/AT:P/PR:L/UI:N/VC:N/VI:N/VA:L/SC:N/SI:N/SA:N,"PYSEC-2021-473,GHSA-hmg3-c7xj-6qwm",
,lockfile,tensorflow-cpu,2.4.0,PyPI,GHSA-hp4c-x6r7-6555,MODERATE,"BIT-tensorflow-2021-37636,CVE-2021-37636,PYSEC-2021-258,PYSEC-2021-549,PYSEC-2021-747",CWE-369,CVSS:4.0/AV:L/AC:L/AT:N/PR:L/UI:N/VC:N/VI:N/VA:H/SC:N/SI:N/SA:N,"PYSEC-2021-549,GHSA-hp4c-x6r7-6555",
,lockfile,tensorflow-cpu,2.4.0,PyPI,GHSA-hpv4-7p9c-mvfr,HIGH,"BIT-tensorflow-2021-37651,CVE-2021-37651,PYSEC-2021-273,PYSEC-2021-564,PYSEC-2021-762","CWE-125,CWE-787",CVSS:4.0/AV:L/AC:L/AT:N/PR:L/UI:N/VC:H/VI:H/VA:N/SC:N/SI:N/SA:N,"PYSEC-2021-564,GHSA-hpv4-7p9c-mvfr",
,lockfile,tensorflow-cpu,2.4.0,PyPI,GHSA-hq7g-wwwp-q46h,MODERATE,"BIT-tensorflow-2022-41898,CVE-2022-41898",CWE-20,CVSS:3.1/AV:N/AC:H/PR:L/UI:R/S:U/C:N/I:N/A:H,GHSA-hq7g-wwwp-q46h,
,lockfile,tensorflow-cpu,2.4.0,PyPI,GHSA-hr84-fqvp-48mm,LOW,"BIT-tensorflow-2021-29521,CVE-2021-29521,PYSEC-2021-158,PYSEC-2021-449,PYSEC-2021-647",CWE-131,CVSS:4.0/AV:N/AC:L/AT:P/PR:L/UI:N/VC:N/VI:N/VA:L/SC:N/SI:N/SA:N,"PYSEC-2021-449,GHSA-hr84-fqvp-48mm",
,lockfile,tensorflow-cpu,2.4.0,PyPI,GHSA-hrg5-737c-2p56,MODERATE,"BIT-tensorflow-2022-29197,CVE-2022-29197",CWE-20,CVSS:3.1/AV:L/AC:L/PR:L/UI:N/S:U/C:N/I:N/A:H,GHSA-hrg5-737c-2p56,
,lockfile,tensorflow-cpu,2.4.0,PyPI,GHSA-hwr7-8gxx-fj5p,HIGH,"BIT-tensorflow-2021-37638,CVE-2021-37638,PYSEC-2021-260,PYSEC-2021-551,PYSEC-2021-749",CWE-476,CVSS:4.0/AV:L/AC:L/AT:N/PR:N/UI:N/VC:N/VI:H/VA:H/SC:N/SI:N/SA:N,"PYSEC-2021-551,GHSA-hwr7-8gxx-fj5p",
,lockfile,tensorflow-cpu,2.4.0,PyPI,GHSA-hx9q-2mx4-m4pg,MODERATE,"BIT-tensorflow-2022-29204,CVE-2022-29204","CWE-191,CWE-20",CVSS:3.1/AV:L/AC:L/PR:L/UI:N/S:U/C:N/I:N/A:H,GHSA-hx9q-2mx4-m4pg,
,lockfile,tensorflow-cpu,2.4.0,PyPI,GHSA-j3mj-fhpq-qqjj,HIGH,"BIT-tensorflow-2022-23571,CVE-2022-23571,PYSEC-2022-135,PYSEC-2022-80",CWE-617,CVSS:4.0/AV:N/AC:L/AT:N/PR:L/UI:N/VC:N/VI:N/VA:H/SC:N/SI:N/SA:N,"PYSEC-2022-80,GHSA-j3mj-fhpq-qqjj",
,lockfile,tensorflow-cpu,2.4.0,PyPI,GHSA-j43h-pgmg-5hjq,MODERATE,"BIT-tensorflow-2022-35989,CVE-2022-35989",CWE-617,CVSS:3.1/AV:N/AC:H/PR:N/UI:N/S:U/C:N/I:N/A:H,GHSA-j43h-pgmg-5hjq,
,lockfile,tensorflow-cpu,2.4.0,PyPI,GHSA-j47f-4232-hvv8,LOW,"BIT-tensorflow-2021-29532,CVE-2021-29532,PYSEC-2021-169,PYSEC-2021-460,PYSEC-2021-658",CWE-125,CVSS:4.0/AV:L/AC:L/AT:P/PR:L/UI:N/VC:N/VI:N/VA:L/SC:N/SI:N/SA:N,"PYSEC-2021-460,GHSA-j47f-4232-hvv8",
,lockfile,tensorflow-cpu,2.4.0,PyPI,GHSA-j5w9-hmfh-4cr6,HIGH,"BIT-tensorflow-2023-25671,CVE-2023-25671",CWE-787,CVSS:3.1/AV:N/AC:L/PR:N/UI:N/S:U/C:N/I:N/A:H,GHSA-j5w9-hmfh-4cr6,
,lockfile,tensorflow-cpu,2.4.0,PyPI,GHSA-j7rm-8ww4-xx2g,LOW,"BIT-tensorflow-2021-29587,CVE-2021-29587,PYSEC-2021-224,PYSEC-2021-515,PYSEC-2021-713",CWE-369,CVSS:4.0/AV:N/AC:L/AT:P/PR:L/UI:N/VC:N/VI:N/VA:L/SC:N/SI:N/SA:N,"PYSEC-2021-515,GHSA-j7rm-8ww4-xx2g",
,lockfile,tensorflow-cpu,2.4.0,PyPI,GHSA-j86v-p27c-73fm,HIGH,"BIT-tensorflow-2021-41201,CVE-2021-41201,PYSEC-2021-394,PYSEC-2021-611,PYSEC-2021-809",CWE-824,CVSS:4.0/AV:L/AC:L/AT:N/PR:L/UI:N/VC:H/VI:H/VA:H/SC:N/SI:N/SA:N,"PYSEC-2021-611,GHSA-j86v-p27c-73fm",
,lockfile,tensorflow-cpu,2.4.0,PyPI,GHSA-j8c8-67vp-6mx7,MODERATE,"BIT-tensorflow-2021-41227,CVE-2021-41227,PYSEC-2021-419,PYSEC-2021-636,PYSEC-2021-834",CWE-125,CVSS:4.0/AV:L/AC:L/AT:N/PR:L/UI:N/VC:H/VI:L/VA:L/SC:N/SI:N/SA:N,"PYSEC-2021-636,GHSA-j8c8-67vp-6mx7",
,lockfile,tensorflow-cpu,2.4.0,PyPI,GHSA-j8qc-5fqr-52fp,LOW,"BIT-tensorflow-2021-29538,CVE-2021-29538,PYSEC-2021-175,PYSEC-2021-466,PYSEC-2021-664",CWE-369,CVSS:4.0/AV:L/AC:L/AT:P/PR:L/UI:N/VC:N/VI:N/VA:L/SC:N/SI:N/SA:N,"PYSEC-2021-466,GHSA-j8qc-5fqr-52fp",
,lockfile,tensorflow-cpu,2.4.0,PyPI,GHSA-j8qh-3xrq-c825,LOW,"BIT-tensorflow-2021-29600,CVE-2021-29600,PYSEC-2021-237,PYSEC-2021-528,PYSEC-2021-726",CWE-369,CVSS:4.0/AV:L/AC:L/AT:P/PR:L/UI:N/VC:N/VI:N/VA:L/SC:N/SI:N/SA:N,"PYSEC-2021-528,GHSA-j8qh-3xrq-c825",
,lockfile,tensorflow-cpu,2.4.0,PyPI,GHSA-jf7h-7m85-w2v2,MODERATE,"BIT-tensorflow-2021-29605,CVE-2021-29605,PYSEC-2021-242,PYSEC-2021-533,PYSEC-2021-731",CWE-190,CVSS:4.0/AV:L/AC:L/AT:P/PR:L/UI:N/VC:N/VI:H/VA:H/SC:N/SI:N/SA:N,"PYSEC-2021-533,GHSA-jf7h-7m85-w2v2",
,lockfile,tensorflow-cpu,2.4.0,PyPI,GHSA-jfp7-4j67-8r3q,LOW,"BIT-tensorflow-2021-29529,CVE-2021-29529,PYSEC-2021-166,PYSEC-2021-457,PYSEC-2021-655","CWE-131,CWE-193",CVSS:4.0/AV:L/AC:L/AT:P/PR:L/UI:N/VC:N/VI:N/VA:L/SC:N/SI:N/SA:N,"PYSEC-2021-457,GHSA-jfp7-4j67-8r3q",
,lockfile,tensorflow-cpu,2.4.0,PyPI,GHSA-jhq9-wm9m-cf89,LOW,"BIT-tensorflow-2021-29552,CVE-2021-29552,PYSEC-2021-189,PYSEC-2021-480,PYSEC-2021-678",CWE-617,CVSS:4.0/AV:L/AC:L/AT:P/PR:L/UI:N/VC:N/VI:N/VA:L/SC:N/SI:N/SA:N,"PYSEC-2021-480,GHSA-jhq9-wm9m-cf89",
,lockfile,tensorflow-cpu,2.4.0,PyPI,GHSA-jjm6-4vf7-cjh4,MODERATE,"BIT-tensorflow-2022-29203,CVE-2022-29203",CWE-190,CVSS:3.1/AV:L/AC:L/PR:L/UI:N/S:U/C:N/I:N/A:H,GHSA-jjm6-4vf7-cjh4,
,lockfile,tensorflow-cpu,2.4.0,PyPI,GHSA-jjr8-m8g8-p6wv,MODERATE,"BIT-tensorflow-2021-29592,CVE-2021-29592,PYSEC-2021-229,PYSEC-2021-520,PYSEC-2021-718",CWE-476,CVSS:4.0/AV:L/AC:L/AT:N/PR:L/UI:N/VC:N/VI:L/VA:L/SC:N/SI:N/SA:N,"PYSEC-2021-520,GHSA-jjr8-m8g8-p6wv",
,lockfile,tensorflow-cpu,2.4.0,PyPI,GHSA-jq6x-99hj-q636,MODERATE,"BIT-tensorflow-2022-41884,CVE-2022-41884",CWE-670,CVSS:3.1/AV:N/AC:H/PR:L/UI:R/S:U/C:N/I:N/A:H,GHSA-jq6x-99hj-q636,
,lockfile,tensorflow-cpu,2.4.0,PyPI,GHSA-jqm7-m5q7-3hm5,MODERATE,"BIT-tensorflow-2022-36001,CVE-2022-36001",CWE-617,CVSS:3.1/AV:N/AC:H/PR:N/UI:N/S:U/C:N/I:N/A:H,GHSA-jqm7-m5q7-3hm5,
,lockfile,tensorflow-cpu,2.4.0,PyPI,GHSA-jvhc-5hhr-w3v5,MODERATE,"BIT-tensorflow-2022-36012,CVE-2022-36012",CWE-617,CVSS:3.1/AV:N/AC:H/PR:N/UI:N/S:U/C:N/I:N/A:H,GHSA-jvhc-5hhr-w3v5,
,lockfile,tensorflow-cpu,2.4.0,PyPI,GHSA-jwf9-w5xm-f437,MODERATE,"BIT-tensorflow-2021-37687,CVE-2021-37687,PYSEC-2021-309,PYSEC-2021-600,PYSEC-2021-798",CWE-125,CVSS:4.0/AV:L/AC:L/AT:N/PR:L/UI:N/VC:H/VI:N/VA:N/SC:N/SI:N/SA:N,"PYSEC-2021-600,GHSA-jwf9-w5xm-f437",
,lockfile,tensorflow-cpu,2.4.0,PyPI,GHSA-m342-ff57-4jcc,HIGH,"BIT-tensorflow-2021-41210,CVE-2021-41210,PYSEC-2021-402,PYSEC-2021-619,PYSEC-2021-817",CWE-125,CVSS:3.1/AV:L/AC:L/PR:L/UI:N/S:U/C:H/I:N/A:H,"PYSEC-2021-619,GHSA-m342-ff57-4jcc",
,lockfile,tensorflow-cpu,2.4.0,PyPI,GHSA-m34j-p8rj-wjxq,LOW,"BIT-tensorflow-2021-29546,CVE-2021-29546,PYSEC-2021-183,PYSEC-2021-474,PYSEC-2021-672",CWE-369,CVSS:4.0/AV:L/AC:L/AT:P/PR:L/UI:N/VC:N/VI:N/VA:L/SC:N/SI:N/SA:N,"PYSEC-2021-474,GHSA-m34j-p8rj-wjxq",
,lockfile,tensorflow-cpu,2.4.0,PyPI,GHSA-m3f9-w3p3-p669,LOW,"BIT-tensorflow-2021-29535,CVE-2021-29535,PYSEC-2021-172,PYSEC-2021-463,PYSEC-2021-661","CWE-131,CWE-787",CVSS:4.0/AV:L/AC:L/AT:P/PR:L/UI:N/VC:N/VI:N/VA:L/SC:N/SI:N/SA:N,"PYSEC-2021-463,GHSA-m3f9-w3p3-p669",
,lockfile,tensorflow-cpu,2.4.0,PyPI,GHSA-m4hf-j54p-p353,HIGH,"BIT-tensorflow-2022-21731,CVE-2022-21731,PYSEC-2022-110,PYSEC-2022-55","CWE-754,CWE-843",CVSS:4.0/AV:N/AC:L/AT:N/PR:L/UI:N/VC:N/VI:N/VA:H/SC:N/SI:N/SA:N,"PYSEC-2022-55,GHSA-m4hf-j54p-p353",
,lockfile,tensorflow-cpu,2.4.0,PyPI,GHSA-m539-j985-hcr8,MODERATE,"BIT-tensorflow-2021-41196,CVE-2021-41196,PYSEC-2021-389,PYSEC-2021-606,PYSEC-2021-804",CWE-191,CVSS:4.0/AV:L/AC:L/AT:N/PR:L/UI:N/VC:N/VI:N/VA:H/SC:N/SI:N/SA:N,"PYSEC-2021-606,GHSA-m539-j985-hcr8",
,lockfile,tensorflow-cpu,2.4.0,PyPI,GHSA-m6cv-4fmf-66xf,MODERATE,"BIT-tensorflow-2022-36018,CVE-2022-36018",CWE-617,CVSS:3.1/AV:N/AC:H/PR:N/UI:N/S:U/C:N/I:N/A:H,GHSA-m6cv-4fmf-66xf,
,lockfile,tensorflow-cpu,2.4.0,PyPI,GHSA-m6vp-8q9j-whx4,MODERATE,"BIT-tensorflow-2022-35983,CVE-2022-35983",CWE-617,CVSS:3.1/AV:N/AC:H/PR:N/UI:N/S:U/C:N/I:N/A:H,GHSA-m6vp-8q9j-whx4,
,lockfile,tensorflow-cpu,2.4.0,PyPI,GHSA-m7fm-4jfh-jrg6,HIGH,"BIT-tensorflow-2021-37652,CVE-2021-37652,PYSEC-2021-274,PYSEC-2021-565,PYSEC-2021-763","CWE-415,CWE-416",CVSS:4.0/AV:L/AC:L/AT:N/PR:L/UI:N/VC:H/VI:H/VA:H/SC:N/SI:N/SA:N,"PYSEC-2021-565,GHSA-m7fm-4jfh-jrg6",
,lockfile,tensorflow-cpu,2.4.0,PyPI,GHSA-mg66-qvc5-rm93,MODERATE,"BIT-tensorflow-2022-29198,CVE-2022-29198",CWE-20,CVSS:3.1/AV:L/AC:L/PR:L/UI:N/S:U/C:N/I:N/A:H,GHSA-mg66-qvc5-rm93,
,lockfile,tensorflow-cpu,2.4.0,PyPI,GHSA-mgmh-g2v6-mqw5,MODERATE,"BIT-tensorflow-2022-35941,CVE-2022-35941",CWE-617,CVSS:3.1/AV:N/AC:H/PR:N/UI:N/S:U/C:N/I:N/A:H,GHSA-mgmh-g2v6-mqw5,
,lockfile,tensorflow-cpu,2.4.0,PyPI,GHSA-mh3m-62v7-68xg,MODERATE,"BIT-tensorflow-2022-36002,CVE-2022-36002",CWE-617,CVSS:3.1/AV:N/AC:H/PR:N/UI:N/S:U/C:N/I:N/A:H,GHSA-mh3m-62v7-68xg,
,lockfile,tensorflow-cpu,2.4.0,PyPI,GHSA-mmq6-q8r3-48fm,LOW,"BIT-tensorflow-2021-29617,CVE-2021-29617,PYSEC-2021-254,PYSEC-2021-545,PYSEC-2021-743",CWE-755,CVSS:4.0/AV:L/AC:L/AT:P/PR:L/UI:N/VC:N/VI:N/VA:L/SC:N/SI:N/SA:N,"PYSEC-2021-545,GHSA-mmq6-q8r3-48fm",
,lockfile,tensorflow-cpu,2.4.0,PyPI,GHSA-mq5c-prh3-3f3h,LOW,"BIT-tensorflow-2021-29610,CVE-2021-29610,PYSEC-2021-247,PYSEC-2021-538,PYSEC-2021-736","CWE-665,CWE-787",CVSS:4.0/AV:L/AC:L/AT:P/PR:L/UI:N/VC:N/VI:L/VA:L/SC:N/SI:N/SA:N,"PYSEC-2021-538,GHSA-mq5c-prh3-3f3h",
,lockfile,tensorflow-cpu,2.4.0,PyPI,GHSA-mqh2-9wrp-vx84,LOW,"BIT-tensorflow-2021-29558,CVE-2021-29558,PYSEC-2021-195,PYSEC-2021-486,PYSEC-2021-684",CWE-787,CVSS:4.0/AV:L/AC:L/AT:P/PR:L/UI:N/VC:N/VI:N/VA:L/SC:N/SI:N/SA:N,"PYSEC-2021-486,GHSA-mqh2-9wrp-vx84",
,lockfile,tensorflow-cpu,2.4.0,PyPI,GHSA-mv77-9g28-cwg3,MODERATE,"BIT-tensorflow-2022-41908,CVE-2022-41908",CWE-20,CVSS:3.1/AV:N/AC:H/PR:L/UI:R/S:U/C:N/I:N/A:H,GHSA-mv77-9g28-cwg3,
,lockfile,tensorflow-cpu,2.4.0,PyPI,GHSA-mv78-g7wq-mhp4,LOW,"BIT-tensorflow-2021-29585,CVE-2021-29585,PYSEC-2021-222,PYSEC-2021-513,PYSEC-2021-711",CWE-369,CVSS:4.0/AV:N/AC:L/AT:P/PR:L/UI:N/VC:N/VI:N/VA:L/SC:N/SI:N/SA:N,"PYSEC-2021-513,GHSA-mv78-g7wq-mhp4",
,lockfile,tensorflow-cpu,2.4.0,PyPI,GHSA-mv8m-8x97-937q,MODERATE,"BIT-tensorflow-2022-36004,CVE-2022-36004",CWE-617,CVSS:3.1/AV:N/AC:H/PR:N/UI:N/S:U/C:N/I:N/A:H,GHSA-mv8m-8x97-937q,
,lockfile,tensorflow-cpu,2.4.0,PyPI,GHSA-mw6j-hh29-h379,MODERATE,,CWE-190,,GHSA-mw6j-hh29-h379,
,lockfile,tensorflow-cpu,2.4.0,PyPI,GHSA-p2xf-8hgm-hpw5,MODERATE,"BIT-tensorflow-2022-35984,CVE-2022-35984",CWE-617,CVSS:3.1/AV:N/AC:H/PR:N/UI:N/S:U/C:N/I:N/A:H,GHSA-p2xf-8hgm-hpw5,
,lockfile,tensorflow-cpu,2.4.0,PyPI,GHSA-p45v-v4pw-77jr,LOW,"BIT-tensorflow-2021-29548,CVE-2021-29548,PYSEC-2021-185,PYSEC-2021-476,PYSEC-2021-674",CWE-369,CVSS:4.0/AV:L/AC:L/AT:P/PR:L/UI:N/VC:N/VI:N/VA:L/SC:N/SI:N/SA:N,"PYSEC-2021-476,GHSA-p45v-v4pw-77jr",
,lockfile,tensorflow-cpu,2.4.0,PyPI,GHSA-p7hr-f446-x6qf,MODERATE,"BIT-tensorflow-2022-35997,CVE-2022-35997",CWE-617,CVSS:3.1/AV:N/AC:H/PR:N/UI:N/S:U/C:N/I:N/A:H,GHSA-p7hr-f446-x6qf,
,lockfile,tensorflow-cpu,2.4.0,PyPI,GHSA-p9rc-rmr5-529j,MODERATE,"BIT-tensorflow-2022-29199,CVE-2022-29199",CWE-20,CVSS:3.1/AV:L/AC:L/PR:L/UI:N/S:U/C:N/I:N/A:H,GHSA-p9rc-rmr5-529j,
,lockfile,tensorflow-cpu,2.4.0,PyPI,GHSA-pf36-r9c6-h97j,MODERATE,"BIT-tensorflow-2022-41911,CVE-2022-41911",CWE-704,CVSS:3.1/AV:N/AC:H/PR:L/UI:R/S:U/C:N/I:N/A:H,GHSA-pf36-r9c6-h97j,
,lockfile,tensorflow-cpu,2.4.0,PyPI,GHSA-pfjj-m3jj-9jc9,HIGH,"BIT-tensorflow-2022-21736,CVE-2022-21736,PYSEC-2022-115,PYSEC-2022-60",CWE-476,CVSS:4.0/AV:N/AC:L/AT:N/PR:L/UI:N/VC:L/VI:L/VA:H/SC:N/SI:N/SA:N,"PYSEC-2022-60,GHSA-pfjj-m3jj-9jc9",
,lockfile,tensorflow-cpu,2.4.0,PyPI,GHSA-pgcq-h79j-2f69,HIGH,"BIT-tensorflow-2021-41206,CVE-2021-41206,PYSEC-2021-843,PYSEC-2021-845,PYSEC-2021-847",CWE-354,CVSS:4.0/AV:L/AC:L/AT:P/PR:L/UI:N/VC:H/VI:H/VA:H/SC:N/SI:N/SA:N,"PYSEC-2021-845,GHSA-pgcq-h79j-2f69",
,lockfile,tensorflow-cpu,2.4.0,PyPI,GHSA-ph87-fvjr-v33w,LOW,"BIT-tensorflow-2021-29563,CVE-2021-29563,PYSEC-2021-200,PYSEC-2021-491,PYSEC-2021-689",CWE-617,CVSS:4.0/AV:L/AC:L/AT:P/PR:L/UI:N/VC:N/VI:N/VA:L/SC:N/SI:N/SA:N,"PYSEC-2021-491,GHSA-ph87-fvjr-v33w",
,lockfile,tensorflow-cpu,2.4.0,PyPI,GHSA-pmpr-55fj-r229,LOW,"BIT-tensorflow-2021-29598,CVE-2021-29598,PYSEC-2021-235,PYSEC-2021-526,PYSEC-2021-724",CWE-369,CVSS:4.0/AV:L/AC:L/AT:P/PR:L/UI:N/VC:N/VI:N/VA:L/SC:N/SI:N/SA:N,"PYSEC-2021-526,GHSA-pmpr-55fj-r229",
,lockfile,tensorflow-cpu,2.4.0,PyPI,GHSA-pqhm-4wvf-2jg8,MODERATE,"BIT-tensorflow-2022-29201,CVE-2022-29201","CWE-20,CWE-476",CVSS:3.1/AV:L/AC:L/PR:L/UI:N/S:U/C:N/I:N/A:H,GHSA-pqhm-4wvf-2jg8,
,lockfile,tensorflow-cpu,2.4.0,PyPI,GHSA-pqrv-8r2f-7278,MODERATE,"BIT-tensorflow-2022-23590,CVE-2022-23590,PYSEC-2022-154,PYSEC-2022-99",CWE-754,CVSS:3.1/AV:N/AC:H/PR:N/UI:N/S:U/C:N/I:N/A:H,"PYSEC-2022-99,GHSA-pqrv-8r2f-7278",
,lockfile,tensorflow-cpu,2.4.0,PyPI,GHSA-prcg-wp5q-rv7p,MODERATE,"BIT-tensorflow-2021-41197,CVE-2021-41197,PYSEC-2021-390,PYSEC-2021-607,PYSEC-2021-805",CWE-190,CVSS:4.0/AV:L/AC:L/AT:N/PR:L/UI:N/VC:N/VI:N/VA:H/SC:N/SI:N/SA:N,"PYSEC-2021-607,GHSA-prcg-wp5q-rv7p",
,lockfile,tensorflow-cpu,2.4.0,PyPI,GHSA-pvrc-hg3f-58r6,LOW,"BIT-tensorflow-2021-29566,CVE-2021-29566,PYSEC-2021-203,PYSEC-2021-494,PYSEC-2021-692",CWE-787,CVSS:4.0/AV:L/AC:L/AT:P/PR:L/UI:N/VC:N/VI:N/VA:L/SC:N/SI:N/SA:N,"PYSEC-2021-494,GHSA-pvrc-hg3f-58r6",
,lockfile,tensorflow-cpu,2.4.0,PyPI,GHSA-pxrw-j2fv-hx3h,HIGH,"BIT-tensorflow-2022-35937,CVE-2022-35937",CWE-125,CVSS:3.1/AV:N/AC:H/PR:N/UI:N/S:U/C:L/I:L/A:H,GHSA-pxrw-j2fv-hx3h,
,lockfile,tensorflow-cpu,2.4.0,PyPI,GHSA-q2c3-jpmc-gfjx,MODERATE,"BIT-tensorflow-2022-35969,CVE-2022-35969",,CVSS:3.1/AV:N/AC:H/PR:N/UI:N/S:U/C:N/I:N/A:H,GHSA-q2c3-jpmc-gfjx,
,lockfile,tensorflow-cpu,2.4.0,PyPI,GHSA-q3g3-h9r4-prrc,HIGH,"BIT-tensorflow-2021-37659,CVE-2021-37659,PYSEC-2021-281,PYSEC-2021-572,PYSEC-2021-770",CWE-125,CVSS:4.0/AV:L/AC:L/AT:N/PR:L/UI:N/VC:H/VI:L/VA:H/SC:N/SI:N/SA:N,"PYSEC-2021-572,GHSA-q3g3-h9r4-prrc",
,lockfile,tensorflow-cpu,2.4.0,PyPI,GHSA-q5jv-m6qw-5g37,MODERATE,"BIT-tensorflow-2022-35996,CVE-2022-35996",CWE-369,CVSS:3.1/AV:N/AC:H/PR:N/UI:N/S:U/C:N/I:N/A:H,GHSA-q5jv-m6qw-5g37,
,lockfile,tensorflow-cpu,2.4.0,PyPI,GHSA-q7f7-544h-67h9,MODERATE,"BIT-tensorflow-2021-37684,CVE-2021-37684,PYSEC-2021-306,PYSEC-2021-597,PYSEC-2021-795",CWE-369,CVSS:4.0/AV:L/AC:L/AT:N/PR:L/UI:N/VC:N/VI:N/VA:H/SC:N/SI:N/SA:N,"PYSEC-2021-597,GHSA-q7f7-544h-67h9",
,lockfile,tensorflow-cpu,2.4.0,PyPI,GHSA-q85f-69q7-55h2,HIGH,"BIT-tensorflow-2022-23573,CVE-2022-23573,PYSEC-2022-137,PYSEC-2022-82",CWE-908,CVSS:4.0/AV:N/AC:L/AT:N/PR:L/UI:N/VC:L/VI:L/VA:H/SC:N/SI:N/SA:N,"PYSEC-2022-82,GHSA-q85f-69q7-55h2",
,lockfile,tensorflow-cpu,2.4.0,PyPI,GHSA-qfpc-5pjr-mh26,MODERATE,"BIT-tensorflow-2021-37677,CVE-2021-37677,PYSEC-2021-299,PYSEC-2021-590,PYSEC-2021-788","CWE-1284,CWE-20",CVSS:4.0/AV:L/AC:L/AT:N/PR:L/UI:N/VC:N/VI:N/VA:H/SC:N/SI:N/SA:N,"PYSEC-2021-590,GHSA-qfpc-5pjr-mh26",
,lockfile,tensorflow-cpu,2.4.0,PyPI,GHSA-qg48-85hg-mqc5,LOW,"BIT-tensorflow-2021-29554,CVE-2021-29554,PYSEC-2021-191,PYSEC-2021-482,PYSEC-2021-680",CWE-369,CVSS:4.0/AV:L/AC:L/AT:P/PR:L/UI:N/VC:N/VI:N/VA:L/SC:N/SI:N/SA:N,"PYSEC-2021-482,GHSA-qg48-85hg-mqc5",
,lockfile,tensorflow-cpu,2.4.0,PyPI,GHSA-qj5r-f9mv-rffh,HIGH,"BIT-tensorflow-2022-23569,CVE-2022-23569,PYSEC-2022-133,PYSEC-2022-78",CWE-617,CVSS:4.0/AV:N/AC:L/AT:N/PR:L/UI:N/VC:N/VI:N/VA:H/SC:N/SI:N/SA:N,"PYSEC-2022-78,GHSA-qj5r-f9mv-rffh",
,lockfile,tensorflow-cpu,2.4.0,PyPI,GHSA-qjj8-32p7-h289,MODERATE,"BIT-tensorflow-2021-37653,CVE-2021-37653,PYSEC-2021-275,PYSEC-2021-566,PYSEC-2021-764",CWE-369,CVSS:4.0/AV:L/AC:L/AT:N/PR:L/UI:N/VC:N/VI:N/VA:H/SC:N/SI:N/SA:N,"PYSEC-2021-566,GHSA-qjj8-32p7-h289",
,lockfile,tensorflow-cpu,2.4.0,PyPI,GHSA-qjqc-vqcf-5qvj,HIGH,"BIT-tensorflow-2023-25660,CVE-2023-25660",CWE-476,CVSS:3.1/AV:N/AC:L/PR:N/UI:N/S:U/C:N/I:N/A:H,GHSA-qjqc-vqcf-5qvj,
,lockfile,tensorflow-cpu,2.4.0,PyPI,GHSA-qr82-2c78-4m8h,HIGH,"BIT-tensorflow-2021-37671,CVE-2021-37671,PYSEC-2021-293,PYSEC-2021-584,PYSEC-2021-782",CWE-824,CVSS:4.0/AV:L/AC:L/AT:N/PR:L/UI:N/VC:H/VI:H/VA:H/SC:N/SI:N/SA:N,"PYSEC-2021-584,GHSA-qr82-2c78-4m8h",
,lockfile,tensorflow-cpu,2.4.0,PyPI,GHSA-qw5h-7f53-xrp6,LOW,"BIT-tensorflow-2021-29615,CVE-2021-29615,PYSEC-2021-252,PYSEC-2021-543,PYSEC-2021-741",CWE-674,CVSS:4.0/AV:L/AC:L/AT:P/PR:L/UI:N/VC:N/VI:N/VA:L/SC:N/SI:N/SA:N,"PYSEC-2021-543,GHSA-qw5h-7f53-xrp6",
,lockfile,tensorflow-cpu,2.4.0,PyPI,GHSA-qx3f-p745-w4hr,HIGH,"BIT-tensorflow-2022-23562,CVE-2022-23562,PYSEC-2022-126,PYSEC-2022-71",CWE-190,CVSS:4.0/AV:N/AC:L/AT:N/PR:L/UI:N/VC:L/VI:L/VA:H/SC:N/SI:N/SA:N,"PYSEC-2022-71,GHSA-qx3f-p745-w4hr",
,lockfile,tensorflow-cpu,2.4.0,PyPI,GHSA-qxpx-j395-pw36,MODERATE,"BIT-tensorflow-2022-35965,CVE-2022-35965",CWE-476,CVSS:3.1/AV:N/AC:H/PR:N/UI:N/S:U/C:N/I:N/A:H,GHSA-qxpx-j395-pw36,
,lockfile,tensorflow-cpu,2.4.0,PyPI,GHSA-r26c-679w-mrjm,MODERATE,"BIT-tensorflow-2022-36005,CVE-2022-36005",CWE-617,CVSS:3.1/AV:N/AC:H/PR:N/UI:N/S:U/C:N/I:N/A:H,GHSA-r26c-679w-mrjm,
,lockfile,tensorflow-cpu,2.4.0,PyPI,GHSA-r35g-4525-29fq,LOW,"BIT-tensorflow-2021-29555,CVE-2021-29555,PYSEC-2021-192,PYSEC-2021-483,PYSEC-2021-681",CWE-369,CVSS:4.0/AV:L/AC:L/AT:P/PR:L/UI:N/VC:N/VI:N/VA:L/SC:N/SI:N/SA:N,"PYSEC-2021-483,GHSA-r35g-4525-29fq",
,lockfile,tensorflow-cpu,2.4.0,PyPI,GHSA-r4c4-5fpq-56wg,HIGH,"BIT-tensorflow-2021-37664,CVE-2021-37664,PYSEC-2021-286,PYSEC-2021-577,PYSEC-2021-775",CWE-125,CVSS:4.0/AV:L/AC:L/AT:N/PR:L/UI:N/VC:H/VI:L/VA:H/SC:N/SI:N/SA:N,"PYSEC-2021-577,GHSA-r4c4-5fpq-56wg",
,lockfile,tensorflow-cpu,2.4.0,PyPI,GHSA-r4pj-74mg-8868,LOW,"BIT-tensorflow-2021-29524,CVE-2021-29524,PYSEC-2021-161,PYSEC-2021-452,PYSEC-2021-650",CWE-369,CVSS:4.0/AV:L/AC:L/AT:P/PR:L/UI:N/VC:N/VI:N/VA:L/SC:N/SI:N/SA:N,"PYSEC-2021-452,GHSA-r4pj-74mg-8868",
,lockfile,tensorflow-cpu,2.4.0,PyPI,GHSA-r6jx-9g48-2r5r,HIGH,"BIT-tensorflow-2021-37678,CVE-2021-37678,PYSEC-2021-300,PYSEC-2021-591,PYSEC-2021-789",CWE-502,CVSS:4.0/AV:L/AC:L/AT:N/PR:L/UI:N/VC:H/VI:H/VA:H/SC:N/SI:N/SA:N,"PYSEC-2021-591,GHSA-r6jx-9g48-2r5r",
,lockfile,tensorflow-cpu,2.4.0,PyPI,GHSA-r6pg-pjwc-j585,LOW,"BIT-tensorflow-2021-29565,CVE-2021-29565,PYSEC-2021-202,PYSEC-2021-493,PYSEC-2021-691",CWE-476,CVSS:4.0/AV:L/AC:L/AT:P/PR:L/UI:N/VC:N/VI:N/VA:L/SC:N/SI:N/SA:N,"PYSEC-2021-493,GHSA-r6pg-pjwc-j585",
,lockfile,tensorflow-cpu,2.4.0,PyPI,GHSA-rc9w-5c64-9vqq,MODERATE,"BIT-tensorflow-2022-29206,CVE-2022-29206","CWE-20,CWE-476",CVSS:3.1/AV:L/AC:L/PR:L/UI:N/S:U/C:N/I:N/A:H,GHSA-rc9w-5c64-9vqq,
,lockfile,tensorflow-cpu,2.4.0,PyPI,GHSA-rcf8-g8jv-vg6p,HIGH,"BIT-tensorflow-2023-25669,CVE-2023-25669",CWE-697,CVSS:3.1/AV:N/AC:L/PR:N/UI:N/S:U/C:N/I:N/A:H,GHSA-rcf8-g8jv-vg6p,
,lockfile,tensorflow-cpu,2.4.0,PyPI,GHSA-rf3h-xgv5-2q39,LOW,"BIT-tensorflow-2021-29602,CVE-2021-29602,PYSEC-2021-239,PYSEC-2021-530,PYSEC-2021-728",CWE-369,CVSS:4.0/AV:L/AC:L/AT:P/PR:L/UI:N/VC:N/VI:N/VA:L/SC:N/SI:N/SA:N,"PYSEC-2021-530,GHSA-rf3h-xgv5-2q39",
,lockfile,tensorflow-cpu,2.4.0,PyPI,GHSA-rg3m-hqc5-344v,MODERATE,"BIT-tensorflow-2021-41224,CVE-2021-41224,PYSEC-2021-416,PYSEC-2021-633,PYSEC-2021-831",CWE-125,CVSS:4.0/AV:L/AC:L/AT:N/PR:L/UI:N/VC:H/VI:N/VA:H/SC:N/SI:N/SA:N,"PYSEC-2021-633,GHSA-rg3m-hqc5-344v",
,lockfile,tensorflow-cpu,2.4.0,PyPI,GHSA-rgvq-pcvf-hx75,MODERATE,"BIT-tensorflow-2021-29608,CVE-2021-29608,PYSEC-2021-245,PYSEC-2021-536,PYSEC-2021-734",CWE-131,CVSS:4.0/AV:L/AC:L/AT:P/PR:L/UI:N/VC:N/VI:L/VA:H/SC:N/SI:N/SA:N,"PYSEC-2021-536,GHSA-rgvq-pcvf-hx75",
,lockfile,tensorflow-cpu,2.4.0,PyPI,GHSA-rh87-q4vg-m45j,LOW,"BIT-tensorflow-2022-36015,CVE-2022-36015",CWE-190,,GHSA-rh87-q4vg-m45j,
,lockfile,tensorflow-cpu,2.4.0,PyPI,GHSA-rhrq-64mq-hf9h,MODERATE,"BIT-tensorflow-2021-37683,CVE-2021-37683,PYSEC-2021-305,PYSEC-2021-596,PYSEC-2021-794",CWE-369,CVSS:4.0/AV:L/AC:L/AT:N/PR:L/UI:N/VC:N/VI:N/VA:H/SC:N/SI:N/SA:N,"PYSEC-2021-596,GHSA-rhrq-64mq-hf9h",
,lockfile,tensorflow-cpu,2.4.0,PyPI,GHSA-rjx6-v474-2ch9,MODERATE,"BIT-tensorflow-2022-41909,CVE-2022-41909","CWE-20,CWE-476",CVSS:3.1/AV:N/AC:H/PR:L/UI:R/S:U/C:N/I:N/A:H,GHSA-rjx6-v474-2ch9,
,lockfile,tensorflow-cpu,2.4.0,PyPI,GHSA-rmg2-f698-wq35,MODERATE,"BIT-tensorflow-2022-41896,CVE-2022-41896","CWE-1284,CWE-20",CVSS:3.1/AV:N/AC:H/PR:L/UI:R/S:U/C:N/I:N/A:H,GHSA-rmg2-f698-wq35,
,lockfile,tensorflow-cpu,2.4.0,PyPI,GHSA-rrx2-r989-2c43,HIGH,"BIT-tensorflow-2022-23567,CVE-2022-23567,PYSEC-2022-131,PYSEC-2022-76",CWE-190,CVSS:4.0/AV:N/AC:L/AT:N/PR:L/UI:N/VC:N/VI:N/VA:H/SC:N/SI:N/SA:N,"PYSEC-2022-76,GHSA-rrx2-r989-2c43",
,lockfile,tensorflow-cpu,2.4.0,PyPI,GHSA-rww7-2gpw-fv6j,HIGH,"BIT-tensorflow-2022-23572,CVE-2022-23572,PYSEC-2022-136,PYSEC-2022-81","CWE-617,CWE-754",CVSS:4.0/AV:N/AC:L/AT:N/PR:L/UI:N/VC:N/VI:N/VA:H/SC:N/SI:N/SA:N,"PYSEC-2022-81,GHSA-rww7-2gpw-fv6j",
,lockfile,tensorflow-cpu,2.4.0,PyPI,GHSA-v3f7-j968-4h5f,MODERATE,"BIT-tensorflow-2022-21725,CVE-2022-21725,PYSEC-2022-104,PYSEC-2022-49",CWE-369,CVSS:4.0/AV:L/AC:L/AT:N/PR:L/UI:N/VC:N/VI:N/VA:H/SC:N/SI:N/SA:N,"PYSEC-2022-49,GHSA-v3f7-j968-4h5f",
,lockfile,tensorflow-cpu,2.4.0,PyPI,GHSA-v52p-hfjf-wg88,LOW,"BIT-tensorflow-2021-29597,CVE-2021-29597,PYSEC-2021-234,PYSEC-2021-525,PYSEC-2021-723",CWE-369,CVSS:4.0/AV:L/AC:L/AT:P/PR:L/UI:N/VC:N/VI:N/VA:L/SC:N/SI:N/SA:N,"PYSEC-2021-525,GHSA-v52p-hfjf-wg88",
,lockfile,tensorflow-cpu,2.4.0,PyPI,GHSA-v5xg-3q2c-c2r4,MODERATE,"BIT-tensorflow-2022-35960,CVE-2022-35960",CWE-617,CVSS:3.1/AV:N/AC:H/PR:N/UI:N/S:U/C:N/I:N/A:H,GHSA-v5xg-3q2c-c2r4,
,lockfile,tensorflow-cpu,2.4.0,PyPI,GHSA-v6h3-348g-6h5x,MODERATE,"BIT-tensorflow-2022-35967,CVE-2022-35967",CWE-20,CVSS:3.1/AV:N/AC:H/PR:N/UI:N/S:U/C:N/I:N/A:H,GHSA-v6h3-348g-6h5x,
,lockfile,tensorflow-cpu,2.4.0,PyPI,GHSA-v6r6-84gr-92rm,LOW,"BIT-tensorflow-2021-29577,CVE-2021-29577,PYSEC-2021-214,PYSEC-2021-505,PYSEC-2021-703","CWE-119,CWE-787",CVSS:4.0/AV:L/AC:L/AT:P/PR:L/UI:N/VC:N/VI:N/VA:L/SC:N/SI:N/SA:N,"PYSEC-2021-505,GHSA-v6r6-84gr-92rm",
,lockfile,tensorflow-cpu,2.4.0,PyPI,GHSA-v768-w7m9-2vmm,HIGH,"BIT-tensorflow-2021-37676,CVE-2021-37676,PYSEC-2021-298,PYSEC-2021-589,PYSEC-2021-787",CWE-824,CVSS:4.0/AV:L/AC:L/AT:N/PR:L/UI:N/VC:H/VI:H/VA:H/SC:N/SI:N/SA:N,"PYSEC-2021-589,GHSA-v768-w7m9-2vmm",
,lockfile,tensorflow-cpu,2.4.0,PyPI,GHSA-v7vw-577f-vp8x,MODERATE,"BIT-tensorflow-2022-35979,CVE-2022-35979",CWE-20,CVSS:3.1/AV:N/AC:H/PR:N/UI:N/S:U/C:N/I:N/A:H,GHSA-v7vw-577f-vp8x,
,lockfile,tensorflow-cpu,2.4.0,PyPI,GHSA-v82p-hv3v-p6qp,HIGH,"BIT-tensorflow-2021-37665,CVE-2021-37665,PYSEC-2021-287,PYSEC-2021-578,PYSEC-2021-776",CWE-20,CVSS:4.0/AV:L/AC:L/AT:N/PR:L/UI:N/VC:H/VI:H/VA:H/SC:N/SI:N/SA:N,"PYSEC-2021-578,GHSA-v82p-hv3v-p6qp",
,lockfile,tensorflow-cpu,2.4.0,PyPI,GHSA-vcjj-9vg7-vf68,HIGH,"BIT-tensorflow-2021-37688,CVE-2021-37688,PYSEC-2021-310,PYSEC-2021-601,PYSEC-2021-799",CWE-476,CVSS:4.0/AV:L/AC:L/AT:N/PR:L/UI:N/VC:H/VI:H/VA:H/SC:N/SI:N/SA:N,"PYSEC-2021-601,GHSA-vcjj-9vg7-vf68",
,lockfile,tensorflow-cpu,2.4.0,PyPI,GHSA-vf94-36g5-69v8,LOW,"BIT-tensorflow-2021-29595,CVE-2021-29595,PYSEC-2021-232,PYSEC-2021-523,PYSEC-2021-721",CWE-369,CVSS:4.0/AV:L/AC:L/AT:P/PR:L/UI:N/VC:N/VI:N/VA:L/SC:N/SI:N/SA:N,"PYSEC-2021-523,GHSA-vf94-36g5-69v8",
,lockfile,tensorflow-cpu,2.4.0,PyPI,GHSA-vfr4-x8j2-3rf9,LOW,"BIT-tensorflow-2021-29588,CVE-2021-29588,PYSEC-2021-225,PYSEC-2021-516,PYSEC-2021-714",CWE-369,CVSS:4.0/AV:L/AC:L/AT:P/PR:L/UI:N/VC:N/VI:N/VA:L/SC:N/SI:N/SA:N,"PYSEC-2021-516,GHSA-vfr4-x8j2-3rf9",
,lockfile,tensorflow-cpu,2.4.0,PyPI,GHSA-vgvh-2pf4-jr2x,MODERATE,"BIT-tensorflow-2022-35974,CVE-2022-35974",CWE-20,CVSS:3.1/AV:N/AC:H/PR:N/UI:N/S:U/C:N/I:N/A:H,GHSA-vgvh-2pf4-jr2x,
,lockfile,tensorflow-cpu,2.4.0,PyPI,GHSA-vjg4-v33c-ggc4,HIGH,"BIT-tensorflow-2022-21730,CVE-2022-21730,PYSEC-2022-109,PYSEC-2022-54",CWE-125,CVSS:4.0/AV:N/AC:L/AT:N/PR:L/UI:N/VC:H/VI:N/VA:H/SC:N/SI:N/SA:N,"PYSEC-2022-54,GHSA-vjg4-v33c-ggc4",
,lockfile,tensorflow-cpu,2.4.0,PyPI,GHSA-vm7x-4qhj-rrcq,MODERATE,"BIT-tensorflow-2022-35991,CVE-2022-35991",CWE-617,CVSS:3.1/AV:N/AC:H/PR:N/UI:N/S:U/C:N/I:N/A:H,GHSA-vm7x-4qhj-rrcq,
,lockfile,tensorflow-cpu,2.4.0,PyPI,GHSA-vmjw-c2vp-p33c,MODERATE,"BIT-tensorflow-2021-37669,CVE-2021-37669,PYSEC-2021-291,PYSEC-2021-582,PYSEC-2021-780",CWE-681,CVSS:4.0/AV:L/AC:L/AT:N/PR:L/UI:N/VC:N/VI:N/VA:H/SC:N/SI:N/SA:N,"PYSEC-2021-582,GHSA-vmjw-c2vp-p33c",
,lockfile,tensorflow-cpu,2.4.0,PyPI,GHSA-vq2r-5xvm-3hc3,LOW,"BIT-tensorflow-2021-29581,CVE-2021-29581,PYSEC-2021-218,PYSEC-2021-509,PYSEC-2021-707",CWE-908,CVSS:4.0/AV:L/AC:L/AT:P/PR:L/UI:N/VC:N/VI:N/VA:L/SC:N/SI:N/SA:N,"PYSEC-2021-509,GHSA-vq2r-5xvm-3hc3",
,lockfile,tensorflow-cpu,2.4.0,PyPI,GHSA-vqw6-72r7-fgw7,LOW,"BIT-tensorflow-2021-29551,CVE-2021-29551,PYSEC-2021-188,PYSEC-2021-479,PYSEC-2021-677",CWE-125,CVSS:4.0/AV:L/AC:L/AT:P/PR:L/UI:N/VC:N/VI:N/VA:L/SC:N/SI:N/SA:N,"PYSEC-2021-479,GHSA-vqw6-72r7-fgw7",
,lockfile,tensorflow-cpu,2.4.0,PyPI,GHSA-vvg4-vgrv-xfr7,MODERATE,"BIT-tensorflow-2021-29613,CVE-2021-29613,PYSEC-2021-250,PYSEC-2021-541,PYSEC-2021-739","CWE-125,CWE-665",CVSS:4.0/AV:L/AC:L/AT:P/PR:L/UI:N/VC:N/VI:H/VA:H/SC:N/SI:N/SA:N,"PYSEC-2021-541,GHSA-vvg4-vgrv-xfr7",
,lockfile,tensorflow-cpu,2.4.0,PyPI,GHSA-vwhq-49r4-gj9v,HIGH,"BIT-tensorflow-2021-41214,CVE-2021-41214,PYSEC-2021-406,PYSEC-2021-623,PYSEC-2021-821",CWE-824,CVSS:3.1/AV:L/AC:L/PR:L/UI:N/S:U/C:H/I:H/A:H,"PYSEC-2021-623,GHSA-vwhq-49r4-gj9v",
,lockfile,tensorflow-cpu,2.4.0,PyPI,GHSA-vxv8-r8q2-63xw,MODERATE,"BIT-tensorflow-2022-35981,CVE-2022-35981",CWE-617,CVSS:3.1/AV:N/AC:H/PR:N/UI:N/S:U/C:N/I:N/A:H,GHSA-vxv8-r8q2-63xw,
,lockfile,tensorflow-cpu,2.4.0,PyPI,GHSA-w4xf-2pqw-5mq7,HIGH,"BIT-tensorflow-2021-37666,CVE-2021-37666,PYSEC-2021-288,PYSEC-2021-579,PYSEC-2021-777",CWE-824,CVSS:4.0/AV:L/AC:L/AT:N/PR:L/UI:N/VC:H/VI:H/VA:H/SC:N/SI:N/SA:N,"PYSEC-2021-579,GHSA-w4xf-2pqw-5mq7",
,lockfile,tensorflow-cpu,2.4.0,PyPI,GHSA-w62h-8xjm-fv49,MODERATE,"BIT-tensorflow-2022-35987,CVE-2022-35987",CWE-617,CVSS:3.1/AV:N/AC:H/PR:N/UI:N/S:U/C:N/I:N/A:H,GHSA-w62h-8xjm-fv49,
,lockfile,tensorflow-cpu,2.4.0,PyPI,GHSA-w74j-v8xh-3w5h,HIGH,"BIT-tensorflow-2021-37667,CVE-2021-37667,PYSEC-2021-289,PYSEC-2021-580,PYSEC-2021-778",CWE-824,CVSS:4.0/AV:L/AC:L/AT:N/PR:L/UI:N/VC:H/VI:H/VA:H/SC:N/SI:N/SA:N,"PYSEC-2021-580,GHSA-w74j-v8xh-3w5h",
,lockfile,tensorflow-cpu,2.4.0,PyPI,GHSA-wc4g-r73w-x8mm,HIGH,"BIT-tensorflow-2022-23563,CVE-2022-23563,PYSEC-2022-127,PYSEC-2022-72","CWE-367,CWE-668",CVSS:4.0/AV:L/AC:L/AT:N/PR:L/UI:N/VC:H/VI:H/VA:N/SC:N/SI:N/SA:N,"PYSEC-2022-72,GHSA-wc4g-r73w-x8mm",
,lockfile,tensorflow-cpu,2.4.0,PyPI,GHSA-wcv5-qrj6-9pfm,LOW,"BIT-tensorflow-2021-29520,CVE-2021-29520,PYSEC-2021-157,PYSEC-2021-448,PYSEC-2021-646","CWE-120,CWE-787",CVSS:4.0/AV:L/AC:L/AT:P/PR:L/UI:N/VC:N/VI:N/VA:L/SC:N/SI:N/SA:N,"PYSEC-2021-448,GHSA-wcv5-qrj6-9pfm",
,lockfile,tensorflow-cpu,2.4.0,PyPI,GHSA-wcv5-vrvr-3rx2,MODERATE,,CWE-190,CVSS:3.1/AV:L/AC:L/PR:L/UI:N/S:U/C:N/I:N/A:H,GHSA-wcv5-vrvr-3rx2,
,lockfile,tensorflow-cpu,2.4.0,PyPI,GHSA-wf5p-c75w-w3wh,HIGH,"BIT-tensorflow-2021-37689,CVE-2021-37689,PYSEC-2021-311,PYSEC-2021-602,PYSEC-2021-800",CWE-476,CVSS:4.0/AV:L/AC:L/AT:N/PR:L/UI:N/VC:H/VI:H/VA:H/SC:N/SI:N/SA:N,"PYSEC-2021-602,GHSA-wf5p-c75w-w3wh",
,lockfile,tensorflow-cpu,2.4.0,PyPI,GHSA-whr9-vfh2-7hm6,LOW,"BIT-tensorflow-2021-29571,CVE-2021-29571,PYSEC-2021-208,PYSEC-2021-499,PYSEC-2021-697",CWE-787,CVSS:4.0/AV:L/AC:L/AT:P/PR:L/UI:N/VC:L/VI:L/VA:L/SC:N/SI:N/SA:N,"PYSEC-2021-499,GHSA-whr9-vfh2-7hm6",
,lockfile,tensorflow-cpu,2.4.0,PyPI,GHSA-wm93-f238-7v37,HIGH,"BIT-tensorflow-2022-23576,CVE-2022-23576,PYSEC-2022-140,PYSEC-2022-85",CWE-190,CVSS:4.0/AV:N/AC:L/AT:N/PR:L/UI:N/VC:N/VI:N/VA:H/SC:N/SI:N/SA:N,"PYSEC-2022-85,GHSA-wm93-f238-7v37",
,lockfile,tensorflow-cpu,2.4.0,PyPI,GHSA-wp3c-xw9g-gpcg,LOW,"BIT-tensorflow-2021-29567,CVE-2021-29567,PYSEC-2021-204,PYSEC-2021-495,PYSEC-2021-693",CWE-617,CVSS:4.0/AV:L/AC:L/AT:P/PR:L/UI:N/VC:N/VI:N/VA:L/SC:N/SI:N/SA:N,"PYSEC-2021-495,GHSA-wp3c-xw9g-gpcg",
,lockfile,tensorflow-cpu,2.4.0,PyPI,GHSA-wp77-4gmm-7cq8,HIGH,"BIT-tensorflow-2021-37648,CVE-2021-37648,PYSEC-2021-270,PYSEC-2021-561,PYSEC-2021-759",CWE-476,CVSS:4.0/AV:L/AC:L/AT:N/PR:L/UI:N/VC:H/VI:H/VA:H/SC:N/SI:N/SA:N,"PYSEC-2021-561,GHSA-wp77-4gmm-7cq8",
,lockfile,tensorflow-cpu,2.4.0,PyPI,GHSA-wq6q-6m32-9rv9,MODERATE,"BIT-tensorflow-2022-35993,CVE-2022-35993",CWE-617,CVSS:3.1/AV:N/AC:H/PR:N/UI:N/S:U/C:N/I:N/A:H,GHSA-wq6q-6m32-9rv9,
,lockfile,tensorflow-cpu,2.4.0,PyPI,GHSA-wqmc-pm8c-2jhc,MODERATE,"BIT-tensorflow-2022-36017,CVE-2022-36017",CWE-20,CVSS:3.1/AV:N/AC:H/PR:N/UI:N/S:U/C:N/I:N/A:H,GHSA-wqmc-pm8c-2jhc,
,lockfile,tensorflow-cpu,2.4.0,PyPI,GHSA-wvjw-p9f5-vq28,LOW,"BIT-tensorflow-2021-29619,CVE-2021-29619,PYSEC-2021-256,PYSEC-2021-547,PYSEC-2021-745",CWE-755,CVSS:4.0/AV:L/AC:L/AT:P/PR:L/UI:N/VC:N/VI:N/VA:L/SC:N/SI:N/SA:N,"PYSEC-2021-547,GHSA-wvjw-p9f5-vq28",
,lockfile,tensorflow-cpu,2.4.0,PyPI,GHSA-wxjj-cgcx-r3vq,MODERATE,"BIT-tensorflow-2022-35959,CVE-2022-35959",CWE-617,CVSS:3.1/AV:N/AC:H/PR:N/UI:N/S:U/C:N/I:N/A:H,GHSA-wxjj-cgcx-r3vq,
,lockfile,tensorflow-cpu,2.4.0,PyPI,GHSA-x3v8-c8qx-3j3r,MODERATE,"BIT-tensorflow-2021-41215,CVE-2021-41215,PYSEC-2021-407,PYSEC-2021-624,PYSEC-2021-822",CWE-476,CVSS:3.1/AV:L/AC:L/PR:L/UI:N/S:U/C:N/I:N/A:H,"PYSEC-2021-624,GHSA-x3v8-c8qx-3j3r",
,lockfile,tensorflow-cpu,2.4.0,PyPI,GHSA-x4g7-fvjj-prg8,LOW,"BIT-tensorflow-2021-29527,CVE-2021-29527,PYSEC-2021-164,PYSEC-2021-455,PYSEC-2021-653",CWE-369,CVSS:4.0/AV:L/AC:L/AT:P/PR:L/UI:N/VC:N/VI:N/VA:L/SC:N/SI:N/SA:N,"PYSEC-2021-455,GHSA-x4g7-fvjj-prg8",
,lockfile,tensorflow-cpu,2.4.0,PyPI,GHSA-x4qx-4fjv-hmw6,HIGH,"BIT-tensorflow-2022-21738,CVE-2022-21738,PYSEC-2022-117,PYSEC-2022-62",CWE-190,CVSS:4.0/AV:N/AC:L/AT:N/PR:L/UI:N/VC:N/VI:N/VA:H/SC:N/SI:N/SA:N,"PYSEC-2022-62,GHSA-x4qx-4fjv-hmw6",
,lockfile,tensorflow-cpu,2.4.0,PyPI,GHSA-x83m-p7pv-ch8v,LOW,"BIT-tensorflow-2021-29549,CVE-2021-29549,PYSEC-2021-186,PYSEC-2021-477,PYSEC-2021-675",CWE-369,CVSS:4.0/AV:L/AC:L/AT:P/PR:L/UI:N/VC:N/VI:N/VA:L/SC:N/SI:N/SA:N,"PYSEC-2021-477,GHSA-x83m-p7pv-ch8v",
,lockfile,tensorflow-cpu,2.4.0,PyPI,GHSA-x8h6-xgqx-jqgp,LOW,"BIT-tensorflow-2021-29580,CVE-2021-29580,PYSEC-2021-217,PYSEC-2021-508,PYSEC-2021-706",CWE-908,CVSS:4.0/AV:L/AC:L/AT:P/PR:L/UI:N/VC:N/VI:N/VA:L/SC:N/SI:N/SA:N,"PYSEC-2021-508,GHSA-x8h6-xgqx-jqgp",
,lockfile,tensorflow-cpu,2.4.0,PyPI,GHSA-x989-q2pq-4q5x,MODERATE,"BIT-tensorflow-2022-35940,CVE-2022-35940",CWE-190,CVSS:3.1/AV:N/AC:H/PR:N/UI:N/S:U/C:N/I:N/A:H,GHSA-x989-q2pq-4q5x,
,lockfile,tensorflow-cpu,2.4.0,PyPI,GHSA-xcwj-wfcm-m23c,LOW,"BIT-tensorflow-2021-29530,CVE-2021-29530,PYSEC-2021-167,PYSEC-2021-458,PYSEC-2021-656",CWE-476,CVSS:4.0/AV:L/AC:L/AT:P/PR:L/UI:N/VC:N/VI:N/VA:L/SC:N/SI:N/SA:N,"PYSEC-2021-458,GHSA-xcwj-wfcm-m23c",
,lockfile,tensorflow-cpu,2.4.0,PyPI,GHSA-xf83-q765-xm6m,LOW,,,,GHSA-xf83-q765-xm6m,
,lockfile,tensorflow-cpu,2.4.0,PyPI,GHSA-xgc3-m89p-vr3x,LOW,"BIT-tensorflow-2021-29540,CVE-2021-29540,PYSEC-2021-177,PYSEC-2021-468,PYSEC-2021-666","CWE-120,CWE-787",CVSS:4.0/AV:L/AC:L/AT:P/PR:L/UI:N/VC:N/VI:N/VA:L/SC:N/SI:N/SA:N,"PYSEC-2021-468,GHSA-xgc3-m89p-vr3x",
,lockfile,tensorflow-cpu,2.4.0,PyPI,GHSA-xm2v-8rrw-w9pm,LOW,"BIT-tensorflow-2021-29525,CVE-2021-29525,PYSEC-2021-162,PYSEC-2021-453,PYSEC-2021-651",CWE-369,CVSS:4.0/AV:L/AC:L/AT:P/PR:L/UI:N/VC:N/VI:N/VA:L/SC:N/SI:N/SA:N,"PYSEC-2021-453,GHSA-xm2v-8rrw-w9pm",
,lockfile,tensorflow-cpu,2.4.0,PyPI,GHSA-xqfj-35wv-m3cr,LOW,"BIT-tensorflow-2021-29541,CVE-2021-29541,PYSEC-2021-178,PYSEC-2021-469,PYSEC-2021-667",CWE-476,CVSS:4.0/AV:L/AC:L/AT:P/PR:L/UI:N/VC:N/VI:N/VA:L/SC:N/SI:N/SA:N,"PYSEC-2021-469,GHSA-xqfj-35wv-m3cr",
,lockfile,tensorflow-cpu,2.4.0,PyPI,GHSA-xqfj-cr6q-pc8w,LOW,"BIT-tensorflow-2021-29618,CVE-2021-29618,PYSEC-2021-255,PYSEC-2021-546,PYSEC-2021-744",CWE-755,CVSS:4.0/AV:L/AC:L/AT:P/PR:L/UI:N/VC:N/VI:N/VA:L/SC:N/SI:N/SA:N,"PYSEC-2021-546,GHSA-xqfj-cr6q-pc8w",
,lockfile,tensorflow-cpu,2.4.0,PyPI,GHSA-xrp2-fhq4-4q3w,MODERATE,"BIT-tensorflow-2022-29211,CVE-2022-29211",CWE-20,CVSS:3.1/AV:L/AC:L/PR:L/UI:N/S:U/C:N/I:N/A:H,GHSA-xrp2-fhq4-4q3w,
,lockfile,tensorflow-cpu,2.4.0,PyPI,GHSA-xrqm-fpgr-6hhx,MODERATE,"BIT-tensorflow-2021-41202,CVE-2021-41202,PYSEC-2021-395,PYSEC-2021-612,PYSEC-2021-810",CWE-681,CVSS:4.0/AV:L/AC:L/AT:N/PR:L/UI:N/VC:N/VI:N/VA:H/SC:N/SI:N/SA:N,"PYSEC-2021-612,GHSA-xrqm-fpgr-6hhx",
,lockfile,tensorflow-cpu,2.4.0,PyPI,GHSA-xvjm-fvxx-q3hv,LOW,"BIT-tensorflow-2021-29584,CVE-2021-29584,PYSEC-2021-221,PYSEC-2021-512,PYSEC-2021-710",CWE-190,CVSS:4.0/AV:L/AC:L/AT:P/PR:L/UI:N/VC:N/VI:N/VA:L/SC:N/SI:N/SA:N,"PYSEC-2021-512,GHSA-xvjm-fvxx-q3hv",
,lockfile,tensorflow-cpu,2.4.0,PyPI,GHSA-xvwp-h6jv-7472,HIGH,"BIT-tensorflow-2022-41900,CVE-2022-41900","CWE-125,CWE-787",CVSS:3.1/AV:N/AC:H/PR:L/UI:R/S:U/C:H/I:H/A:H,GHSA-xvwp-h6jv-7472,
,lockfile,tensorflow-cpu,2.4.0,PyPI,GHSA-xw93-v57j-fcgh,LOW,"BIT-tensorflow-2021-29557,CVE-2021-29557,PYSEC-2021-194,PYSEC-2021-485,PYSEC-2021-683",CWE-369,CVSS:4.0/AV:L/AC:L/AT:P/PR:L/UI:N/VC:N/VI:N/VA:L/SC:N/SI:N/SA:N,"PYSEC-2021-485,GHSA-xw93-v57j-fcgh",
,lockfile,tensorflow-cpu,2.4.0,PyPI,GHSA-xxcj-rhqg-m46g,MODERATE,"BIT-tensorflow-2022-41889,CVE-2022-41889",CWE-476,CVSS:3.1/AV:L/AC:L/PR:L/UI:N/S:U/C:N/I:N/A:H,GHSA-xxcj-rhqg-m46g,
,lockfile,tensorflow-cpu,2.4.0,PyPI,PYSEC-2021-440,,"BIT-tensorflow-2021-29512,CVE-2021-29512,GHSA-4278-2v5v-65r4,PYSEC-2021-149,PYSEC-2021-638",,,"PYSEC-2021-440,GHSA-4278-2v5v-65r4",
,lockfile,tensorflow-cpu,2.4.0,PyPI,PYSEC-2021-441,,"BIT-tensorflow-2021-29513,CVE-2021-29513,GHSA-452g-f7fp-9jf7,PYSEC-2021-150,PYSEC-2021-639",,,"PYSEC-2021-441,GHSA-452g-f7fp-9jf7",
,lockfile,tensorflow-cpu,2.4.0,PyPI,PYSEC-2021-442,,"BIT-tensorflow-2021-29514,CVE-2021-29514,GHSA-8h46-5m9h-7553,PYSEC-2021-151,PYSEC-2021-640",,,"PYSEC-2021-442,GHSA-8h46-5m9h-7553",
,lockfile,tensorflow-cpu,2.4.0,PyPI,PYSEC-2021-443,,"BIT-tensorflow-2021-29515,CVE-2021-29515,GHSA-hc6c-75p4-hmq4,PYSEC-2021-152,PYSEC-2021-641",,,"PYSEC-2021-443,GHSA-hc6c-75p4-hmq4",
,lockfile,tensorflow-cpu,2.4.0,PyPI,PYSEC-2021-444,,"BIT-tensorflow-2021-29516,CVE-2021-29516,GHSA-84mw-34w6-2q43,PYSEC-2021-153,PYSEC-2021-642",,,"PYSEC-2021-444,GHSA-84mw-34w6-2q43",
,lockfile,tensorflow-cpu,2.4.0,PyPI,PYSEC-2021-445,,"BIT-tensorflow-2021-29517,CVE-2021-29517,GHSA-772p-x54p-hjrv,PYSEC-2021-154,PYSEC-2021-643",,,"PYSEC-2021-445,GHSA-772p-x54p-hjrv",
,lockfile,tensorflow-cpu,2.4.0,PyPI,PYSEC-2021-446,,"BIT-tensorflow-2021-29518,CVE-2021-29518,GHSA-62gx-355r-9fhg,PYSEC-2021-155,PYSEC-2021-644",,,"PYSEC-2021-446,GHSA-62gx-355r-9fhg",
,lockfile,tensorflow-cpu,2.4.0,PyPI,PYSEC-2021-447,,"BIT-tensorflow-2021-29519,CVE-2021-29519,GHSA-772j-h9xw-ffp5,PYSEC-2021-156,PYSEC-2021-645",,,"PYSEC-2021-447,GHSA-772j-h9xw-ffp5",
,lockfile,tensorflow-cpu,2.4.0,PyPI,PYSEC-2021-448,,"BIT-tensorflow-2021-29520,CVE-2021-29520,GHSA-wcv5-qrj6-9pfm,PYSEC-2021-157,PYSEC-2021-646",,,"PYSEC-2021-448,GHSA-wcv5-qrj6-9pfm",
,lockfile,tensorflow-cpu,2.4.0,PyPI,PYSEC-2021-449,,"BIT-tensorflow-2021-29521,CVE-2021-29521,GHSA-hr84-fqvp-48mm,PYSEC-2021-158,PYSEC-2021-647",,,"PYSEC-2021-449,GHSA-hr84-fqvp-48mm",
,lockfile,tensorflow-cpu,2.4.0,PyPI,PYSEC-2021-450,,"BIT-tensorflow-2021-29522,CVE-2021-29522,GHSA-c968-pq7h-7fxv,PYSEC-2021-159,PYSEC-2021-648",,,"PYSEC-2021-450,GHSA-c968-pq7h-7fxv",
,lockfile,tensorflow-cpu,2.4.0,PyPI,PYSEC-2021-451,,"BIT-tensorflow-2021-29523,CVE-2021-29523,GHSA-2cpx-427x-q2c6,PYSEC-2021-160,PYSEC-2021-649",,,"PYSEC-2021-451,GHSA-2cpx-427x-q2c6",
,lockfile,tensorflow-cpu,2.4.0,PyPI,PYSEC-2021-452,,"BIT-tensorflow-2021-29524,CVE-2021-29524,GHSA-r4pj-74mg-8868,PYSEC-2021-161,PYSEC-2021-650",,,"PYSEC-2021-452,GHSA-r4pj-74mg-8868",
,lockfile,tensorflow-cpu,2.4.0,PyPI,PYSEC-2021-453,,"BIT-tensorflow-2021-29525,CVE-2021-29525,GHSA-xm2v-8rrw-w9pm,PYSEC-2021-162,PYSEC-2021-651",,,"PYSEC-2021-453,GHSA-xm2v-8rrw-w9pm",
,lockfile,tensorflow-cpu,2.4.0,PyPI,PYSEC-2021-454,,"BIT-tensorflow-2021-29526,CVE-2021-29526,GHSA-4vf2-4xcg-65cx,PYSEC-2021-163,PYSEC-2021-652",,,"PYSEC-2021-454,GHSA-4vf2-4xcg-65cx",
,lockfile,tensorflow-cpu,2.4.0,PyPI,PYSEC-2021-455,,"BIT-tensorflow-2021-29527,CVE-2021-29527,GHSA-x4g7-fvjj-prg8,PYSEC-2021-164,PYSEC-2021-653",,,"PYSEC-2021-455,GHSA-x4g7-fvjj-prg8",
,lockfile,tensorflow-cpu,2.4.0,PyPI,PYSEC-2021-456,,"BIT-tensorflow-2021-29528,CVE-2021-29528,GHSA-6f84-42vf-ppwp,PYSEC-2021-165,PYSEC-2021-654",,,"PYSEC-2021-456,GHSA-6f84-42vf-ppwp",
,lockfile,tensorflow-cpu,2.4.0,PyPI,PYSEC-2021-457,,"BIT-tensorflow-2021-29529,CVE-2021-29529,GHSA-jfp7-4j67-8r3q,PYSEC-2021-166,PYSEC-2021-655",,,"PYSEC-2021-457,GHSA-jfp7-4j67-8r3q",
,lockfile,tensorflow-cpu,2.4.0,PyPI,PYSEC-2021-458,,"BIT-tensorflow-2021-29530,CVE-2021-29530,GHSA-xcwj-wfcm-m23c,PYSEC-2021-167,PYSEC-2021-656",,,"PYSEC-2021-458,GHSA-xcwj-wfcm-m23c",
,lockfile,tensorflow-cpu,2.4.0,PyPI,PYSEC-2021-459,,"BIT-tensorflow-2021-29531,CVE-2021-29531,GHSA-3qxp-qjq7-w4hf,PYSEC-2021-168,PYSEC-2021-657",,,"PYSEC-2021-459,GHSA-3qxp-qjq7-w4hf",
,lockfile,tensorflow-cpu,2.4.0,PyPI,PYSEC-2021-460,,"BIT-tensorflow-2021-29532,CVE-2021-29532,GHSA-j47f-4232-hvv8,PYSEC-2021-169,PYSEC-2021-658",,,"PYSEC-2021-460,GHSA-j47f-4232-hvv8",
,lockfile,tensorflow-cpu,2.4.0,PyPI,PYSEC-2021-461,,"BIT-tensorflow-2021-29533,CVE-2021-29533,GHSA-393f-2jr3-cp69,PYSEC-2021-170,PYSEC-2021-659",,,"PYSEC-2021-461,GHSA-393f-2jr3-cp69",
,lockfile,tensorflow-cpu,2.4.0,PyPI,PYSEC-2021-462,,"BIT-tensorflow-2021-29534,CVE-2021-29534,GHSA-6j9c-grc6-5m6g,PYSEC-2021-171,PYSEC-2021-660",,,"PYSEC-2021-462,GHSA-6j9c-grc6-5m6g",
,lockfile,tensorflow-cpu,2.4.0,PyPI,PYSEC-2021-463,,"BIT-tensorflow-2021-29535,CVE-2021-29535,GHSA-m3f9-w3p3-p669,PYSEC-2021-172,PYSEC-2021-661",,,"PYSEC-2021-463,GHSA-m3f9-w3p3-p669",
,lockfile,tensorflow-cpu,2.4.0,PyPI,PYSEC-2021-464,,"BIT-tensorflow-2021-29536,CVE-2021-29536,GHSA-2gfx-95x2-5v3x,PYSEC-2021-173,PYSEC-2021-662",,,"PYSEC-2021-464,GHSA-2gfx-95x2-5v3x",
,lockfile,tensorflow-cpu,2.4.0,PyPI,PYSEC-2021-465,,"BIT-tensorflow-2021-29537,CVE-2021-29537,GHSA-8c89-2vwr-chcq,PYSEC-2021-174,PYSEC-2021-663",,,"PYSEC-2021-465,GHSA-8c89-2vwr-chcq",
,lockfile,tensorflow-cpu,2.4.0,PyPI,PYSEC-2021-466,,"BIT-tensorflow-2021-29538,CVE-2021-29538,GHSA-j8qc-5fqr-52fp,PYSEC-2021-175,PYSEC-2021-664",,,"PYSEC-2021-466,GHSA-j8qc-5fqr-52fp",
,lockfile,tensorflow-cpu,2.4.0,PyPI,PYSEC-2021-467,,"BIT-tensorflow-2021-29539,CVE-2021-29539,GHSA-g4h2-gqm3-c9wq,PYSEC-2021-176,PYSEC-2021-665",,,"PYSEC-2021-467,GHSA-g4h2-gqm3-c9wq",
,lockfile,tensorflow-cpu,2.4.0,PyPI,PYSEC-2021-468,,"BIT-tensorflow-2021-29540,CVE-2021-29540,GHSA-xgc3-m89p-vr3x,PYSEC-2021-177,PYSEC-2021-666",,,"PYSEC-2021-468,GHSA-xgc3-m89p-vr3x",
,lockfile,tensorflow-cpu,2.4.0,PyPI,PYSEC-2021-469,,"BIT-tensorflow-2021-29541,CVE-2021-29541,GHSA-xqfj-35wv-m3cr,PYSEC-2021-178,PYSEC-2021-667",,,"PYSEC-2021-469,GHSA-xqfj-35wv-m3cr",
,lockfile,tensorflow-cpu,2.4.0,PyPI,PYSEC-2021-470,,"BIT-tensorflow-2021-29542,CVE-2021-29542,GHSA-4hrh-9vmp-2jgg,PYSEC-2021-179,PYSEC-2021-668",,,"PYSEC-2021-470,GHSA-4hrh-9vmp-2jgg",
,lockfile,tensorflow-cpu,2.4.0,PyPI,PYSEC-2021-471,,"BIT-tensorflow-2021-29543,CVE-2021-29543,GHSA-fphq-gw9m-ghrv,PYSEC-2021-180,PYSEC-2021-669",,,"PYSEC-2021-471,GHSA-fphq-gw9m-ghrv",
,lockfile,tensorflow-cpu,2.4.0,PyPI,PYSEC-2021-472,,"BIT-tensorflow-2021-29544,CVE-2021-29544,GHSA-6g85-3hm8-83f9,PYSEC-2021-181,PYSEC-2021-670",,,"PYSEC-2021-472,GHSA-6g85-3hm8-83f9",
,lockfile,tensorflow-cpu,2.4.0,PyPI,PYSEC-2021-473,,"BIT-tensorflow-2021-29545,CVE-2021-29545,GHSA-hmg3-c7xj-6qwm,PYSEC-2021-182,PYSEC-2021-671",,,"PYSEC-2021-473,GHSA-hmg3-c7xj-6qwm",
,lockfile,tensorflow-cpu,2.4.0,PyPI,PYSEC-2021-474,,"BIT-tensorflow-2021-29546,CVE-2021-29546,GHSA-m34j-p8rj-wjxq,PYSEC-2021-183,PYSEC-2021-672",,,"PYSEC-2021-474,GHSA-m34j-p8rj-wjxq",
,lockfile,tensorflow-cpu,2.4.0,PyPI,PYSEC-2021-475,,"BIT-tensorflow-2021-29547,CVE-2021-29547,GHSA-4fg4-p75j-w5xj,PYSEC-2021-184,PYSEC-2021-673",,,"PYSEC-2021-475,GHSA-4fg4-p75j-w5xj",
,lockfile,tensorflow-cpu,2.4.0,PyPI,PYSEC-2021-476,,"BIT-tensorflow-2021-29548,CVE-2021-29548,GHSA-p45v-v4pw-77jr,PYSEC-2021-185,PYSEC-2021-674",,,"PYSEC-2021-476,GHSA-p45v-v4pw-77jr",
,lockfile,tensorflow-cpu,2.4.0,PyPI,PYSEC-2021-477,,"BIT-tensorflow-2021-29549,CVE-2021-29549,GHSA-x83m-p7pv-ch8v,PYSEC-2021-186,PYSEC-2021-675",,,"PYSEC-2021-477,GHSA-x83m-p7pv-ch8v",
,lockfile,tensorflow-cpu,2.4.0,PyPI,PYSEC-2021-478,,"BIT-tensorflow-2021-29550,CVE-2021-29550,GHSA-f78g-q7r4-9wcv,PYSEC-2021-187,PYSEC-2021-676",,,"PYSEC-2021-478,GHSA-f78g-q7r4-9wcv",
,lockfile,tensorflow-cpu,2.4.0,PyPI,PYSEC-2021-479,,"BIT-tensorflow-2021-29551,CVE-2021-29551,GHSA-vqw6-72r7-fgw7,PYSEC-2021-188,PYSEC-2021-677",,,"PYSEC-2021-479,GHSA-vqw6-72r7-fgw7",
,lockfile,tensorflow-cpu,2.4.0,PyPI,PYSEC-2021-480,,"BIT-tensorflow-2021-29552,CVE-2021-29552,GHSA-jhq9-wm9m-cf89,PYSEC-2021-189,PYSEC-2021-678",,,"PYSEC-2021-480,GHSA-jhq9-wm9m-cf89",
,lockfile,tensorflow-cpu,2.4.0,PyPI,PYSEC-2021-481,,"BIT-tensorflow-2021-29553,CVE-2021-29553,GHSA-h9px-9vqg-222h,PYSEC-2021-190,PYSEC-2021-679",,,"PYSEC-2021-481,GHSA-h9px-9vqg-222h",
,lockfile,tensorflow-cpu,2.4.0,PyPI,PYSEC-2021-482,,"BIT-tensorflow-2021-29554,CVE-2021-29554,GHSA-qg48-85hg-mqc5,PYSEC-2021-191,PYSEC-2021-680",,,"PYSEC-2021-482,GHSA-qg48-85hg-mqc5",
,lockfile,tensorflow-cpu,2.4.0,PyPI,PYSEC-2021-483,,"BIT-tensorflow-2021-29555,CVE-2021-29555,GHSA-r35g-4525-29fq,PYSEC-2021-192,PYSEC-2021-681",,,"PYSEC-2021-483,GHSA-r35g-4525-29fq",
,lockfile,tensorflow-cpu,2.4.0,PyPI,PYSEC-2021-484,,"BIT-tensorflow-2021-29556,CVE-2021-29556,GHSA-fxqh-cfjm-fp93,PYSEC-2021-193,PYSEC-2021-682",,,"PYSEC-2021-484,GHSA-fxqh-cfjm-fp93",
,lockfile,tensorflow-cpu,2.4.0,PyPI,PYSEC-2021-485,,"BIT-tensorflow-2021-29557,CVE-2021-29557,GHSA-xw93-v57j-fcgh,PYSEC-2021-194,PYSEC-2021-683",,,"PYSEC-2021-485,GHSA-xw93-v57j-fcgh",
,lockfile,tensorflow-cpu,2.4.0,PyPI,PYSEC-2021-486,,"BIT-tensorflow-2021-29558,CVE-2021-29558,GHSA-mqh2-9wrp-vx84,PYSEC-2021-195,PYSEC-2021-684",,,"PYSEC-2021-486,GHSA-mqh2-9wrp-vx84",
,lockfile,tensorflow-cpu,2.4.0,PyPI,PYSEC-2021-487,,"BIT-tensorflow-2021-29559,CVE-2021-29559,GHSA-59q2-x2qc-4c97,PYSEC-2021-196,PYSEC-2021-685",,,"PYSEC-2021-487,GHSA-59q2-x2qc-4c97",
,lockfile,tensorflow-cpu,2.4.0,PyPI,PYSEC-2021-488,,"BIT-tensorflow-2021-29560,CVE-2021-29560,GHSA-8gv3-57p6-g35r,PYSEC-2021-197,PYSEC-2021-686",,,"PYSEC-2021-488,GHSA-8gv3-57p6-g35r",
,lockfile,tensorflow-cpu,2.4.0,PyPI,PYSEC-2021-489,,"BIT-tensorflow-2021-29561,CVE-2021-29561,GHSA-gvm4-h8j3-rjrq,PYSEC-2021-198,PYSEC-2021-687",,,"PYSEC-2021-489,GHSA-gvm4-h8j3-rjrq",
,lockfile,tensorflow-cpu,2.4.0,PyPI,PYSEC-2021-490,,"BIT-tensorflow-2021-29562,CVE-2021-29562,GHSA-36vm-xw34-x4pj,PYSEC-2021-199,PYSEC-2021-688",,,"PYSEC-2021-490,GHSA-36vm-xw34-x4pj",
,lockfile,tensorflow-cpu,2.4.0,PyPI,PYSEC-2021-491,,"BIT-tensorflow-2021-29563,CVE-2021-29563,GHSA-ph87-fvjr-v33w,PYSEC-2021-200,PYSEC-2021-689",,,"PYSEC-2021-491,GHSA-ph87-fvjr-v33w",
,lockfile,tensorflow-cpu,2.4.0,PyPI,PYSEC-2021-492,,"BIT-tensorflow-2021-29564,CVE-2021-29564,GHSA-75f6-78jr-4656,PYSEC-2021-201,PYSEC-2021-690",,,"PYSEC-2021-492,GHSA-75f6-78jr-4656",
,lockfile,tensorflow-cpu,2.4.0,PyPI,PYSEC-2021-493,,"BIT-tensorflow-2021-29565,CVE-2021-29565,GHSA-r6pg-pjwc-j585,PYSEC-2021-202,PYSEC-2021-691",,,"PYSEC-2021-493,GHSA-r6pg-pjwc-j585",
,lockfile,tensorflow-cpu,2.4.0,PyPI,PYSEC-2021-494,,"BIT-tensorflow-2021-29566,CVE-2021-29566,GHSA-pvrc-hg3f-58r6,PYSEC-2021-203,PYSEC-2021-692",,,"PYSEC-2021-494,GHSA-pvrc-hg3f-58r6",
,lockfile,tensorflow-cpu,2.4.0,PyPI,PYSEC-2021-495,,"BIT-tensorflow-2021-29567,CVE-2021-29567,GHSA-wp3c-xw9g-gpcg,PYSEC-2021-204,PYSEC-2021-693",,,"PYSEC-2021-495,GHSA-wp3c-xw9g-gpcg",
,lockfile,tensorflow-cpu,2.4.0,PyPI,PYSEC-2021-496,,"BIT-tensorflow-2021-29568,CVE-2021-29568,GHSA-4p4p-www8-8fv9,PYSEC-2021-205,PYSEC-2021-694",,,"PYSEC-2021-496,GHSA-4p4p-www8-8fv9",
,lockfile,tensorflow-cpu,2.4.0,PyPI,PYSEC-2021-497,,"BIT-tensorflow-2021-29569,CVE-2021-29569,GHSA-3h8m-483j-7xxm,PYSEC-2021-206,PYSEC-2021-695",,,"PYSEC-2021-497,GHSA-3h8m-483j-7xxm",
,lockfile,tensorflow-cpu,2.4.0,PyPI,PYSEC-2021-498,,"BIT-tensorflow-2021-29570,CVE-2021-29570,GHSA-545v-42p7-98fq,PYSEC-2021-207,PYSEC-2021-696",,,"PYSEC-2021-498,GHSA-545v-42p7-98fq",
,lockfile,tensorflow-cpu,2.4.0,PyPI,PYSEC-2021-499,,"BIT-tensorflow-2021-29571,CVE-2021-29571,GHSA-whr9-vfh2-7hm6,PYSEC-2021-208,PYSEC-2021-697",,,"PYSEC-2021-499,GHSA-whr9-vfh2-7hm6",
,lockfile,tensorflow-cpu,2.4.0,PyPI,PYSEC-2021-500,,"BIT-tensorflow-2021-29572,CVE-2021-29572,GHSA-5gqf-456p-4836,PYSEC-2021-209,PYSEC-2021-698",,,"PYSEC-2021-500,GHSA-5gqf-456p-4836",
,lockfile,tensorflow-cpu,2.4.0,PyPI,PYSEC-2021-501,,"BIT-tensorflow-2021-29573,CVE-2021-29573,GHSA-9vpm-rcf4-9wqw,PYSEC-2021-210,PYSEC-2021-699",,,"PYSEC-2021-501,GHSA-9vpm-rcf4-9wqw",
,lockfile,tensorflow-cpu,2.4.0,PyPI,PYSEC-2021-502,,"BIT-tensorflow-2021-29574,CVE-2021-29574,GHSA-828x-qc2p-wprq,PYSEC-2021-211,PYSEC-2021-700",,,"PYSEC-2021-502,GHSA-828x-qc2p-wprq",
,lockfile,tensorflow-cpu,2.4.0,PyPI,PYSEC-2021-503,,"BIT-tensorflow-2021-29575,CVE-2021-29575,GHSA-6qgm-fv6v-rfpv,PYSEC-2021-212,PYSEC-2021-701",,,"PYSEC-2021-503,GHSA-6qgm-fv6v-rfpv",
,lockfile,tensorflow-cpu,2.4.0,PyPI,PYSEC-2021-504,,"BIT-tensorflow-2021-29576,CVE-2021-29576,GHSA-7cqx-92hp-x6wh,PYSEC-2021-213,PYSEC-2021-702",,,"PYSEC-2021-504,GHSA-7cqx-92hp-x6wh",
,lockfile,tensorflow-cpu,2.4.0,PyPI,PYSEC-2021-505,,"BIT-tensorflow-2021-29577,CVE-2021-29577,GHSA-v6r6-84gr-92rm,PYSEC-2021-214,PYSEC-2021-703",,,"PYSEC-2021-505,GHSA-v6r6-84gr-92rm",
,lockfile,tensorflow-cpu,2.4.0,PyPI,PYSEC-2021-506,,"BIT-tensorflow-2021-29578,CVE-2021-29578,GHSA-6f89-8j54-29xf,PYSEC-2021-215,PYSEC-2021-704",,,"PYSEC-2021-506,GHSA-6f89-8j54-29xf",
,lockfile,tensorflow-cpu,2.4.0,PyPI,PYSEC-2021-507,,"BIT-tensorflow-2021-29579,CVE-2021-29579,GHSA-79fv-9865-4qcv,PYSEC-2021-216,PYSEC-2021-705",,,"PYSEC-2021-507,GHSA-79fv-9865-4qcv",
,lockfile,tensorflow-cpu,2.4.0,PyPI,PYSEC-2021-508,,"BIT-tensorflow-2021-29580,CVE-2021-29580,GHSA-x8h6-xgqx-jqgp,PYSEC-2021-217,PYSEC-2021-706",,,"PYSEC-2021-508,GHSA-x8h6-xgqx-jqgp",
,lockfile,tensorflow-cpu,2.4.0,PyPI,PYSEC-2021-509,,"BIT-tensorflow-2021-29581,CVE-2021-29581,GHSA-vq2r-5xvm-3hc3,PYSEC-2021-218,PYSEC-2021-707",,,"PYSEC-2021-509,GHSA-vq2r-5xvm-3hc3",
,lockfile,tensorflow-cpu,2.4.0,PyPI,PYSEC-2021-510,,"BIT-tensorflow-2021-29582,CVE-2021-29582,GHSA-c45w-2wxr-pp53,PYSEC-2021-219,PYSEC-2021-708",,,"PYSEC-2021-510,GHSA-c45w-2wxr-pp53",
,lockfile,tensorflow-cpu,2.4.0,PyPI,PYSEC-2021-511,,"BIT-tensorflow-2021-29583,CVE-2021-29583,GHSA-9xh4-23q4-v6wr,PYSEC-2021-220,PYSEC-2021-709",,,"PYSEC-2021-511,GHSA-9xh4-23q4-v6wr",
,lockfile,tensorflow-cpu,2.4.0,PyPI,PYSEC-2021-512,,"BIT-tensorflow-2021-29584,CVE-2021-29584,GHSA-xvjm-fvxx-q3hv,PYSEC-2021-221,PYSEC-2021-710",,,"PYSEC-2021-512,GHSA-xvjm-fvxx-q3hv",
,lockfile,tensorflow-cpu,2.4.0,PyPI,PYSEC-2021-513,,"BIT-tensorflow-2021-29585,CVE-2021-29585,GHSA-mv78-g7wq-mhp4,PYSEC-2021-222,PYSEC-2021-711",,,"PYSEC-2021-513,GHSA-mv78-g7wq-mhp4",
,lockfile,tensorflow-cpu,2.4.0,PyPI,PYSEC-2021-514,,"BIT-tensorflow-2021-29586,CVE-2021-29586,GHSA-26j7-6w8w-7922,PYSEC-2021-223,PYSEC-2021-712",,,"PYSEC-2021-514,GHSA-26j7-6w8w-7922",
,lockfile,tensorflow-cpu,2.4.0,PyPI,PYSEC-2021-515,,"BIT-tensorflow-2021-29587,CVE-2021-29587,GHSA-j7rm-8ww4-xx2g,PYSEC-2021-224,PYSEC-2021-713",,,"PYSEC-2021-515,GHSA-j7rm-8ww4-xx2g",
,lockfile,tensorflow-cpu,2.4.0,PyPI,PYSEC-2021-516,,"BIT-tensorflow-2021-29588,CVE-2021-29588,GHSA-vfr4-x8j2-3rf9,PYSEC-2021-225,PYSEC-2021-714",,,"PYSEC-2021-516,GHSA-vfr4-x8j2-3rf9",
,lockfile,tensorflow-cpu,2.4.0,PyPI,PYSEC-2021-517,,"BIT-tensorflow-2021-29589,CVE-2021-29589,GHSA-3w67-q784-6w7c,PYSEC-2021-226,PYSEC-2021-715",,,"PYSEC-2021-517,GHSA-3w67-q784-6w7c",
,lockfile,tensorflow-cpu,2.4.0,PyPI,PYSEC-2021-518,,"BIT-tensorflow-2021-29590,CVE-2021-29590,GHSA-24x6-8c7m-hv3f,PYSEC-2021-227,PYSEC-2021-716",,,"PYSEC-2021-518,GHSA-24x6-8c7m-hv3f",
,lockfile,tensorflow-cpu,2.4.0,PyPI,PYSEC-2021-519,,"BIT-tensorflow-2021-29591,CVE-2021-29591,GHSA-cwv3-863g-39vx,PYSEC-2021-228,PYSEC-2021-717",,,"PYSEC-2021-519,GHSA-cwv3-863g-39vx",
,lockfile,tensorflow-cpu,2.4.0,PyPI,PYSEC-2021-520,,"BIT-tensorflow-2021-29592,CVE-2021-29592,GHSA-jjr8-m8g8-p6wv,PYSEC-2021-229,PYSEC-2021-718",,,"PYSEC-2021-520,GHSA-jjr8-m8g8-p6wv",
,lockfile,tensorflow-cpu,2.4.0,PyPI,PYSEC-2021-521,,"BIT-tensorflow-2021-29593,CVE-2021-29593,GHSA-cfx7-2xpc-8w4h,PYSEC-2021-230,PYSEC-2021-719",,,"PYSEC-2021-521,GHSA-cfx7-2xpc-8w4h",
,lockfile,tensorflow-cpu,2.4.0,PyPI,PYSEC-2021-522,,"BIT-tensorflow-2021-29594,CVE-2021-29594,GHSA-3qgw-p4fm-x7gf,PYSEC-2021-231,PYSEC-2021-720",,,"PYSEC-2021-522,GHSA-3qgw-p4fm-x7gf",
,lockfile,tensorflow-cpu,2.4.0,PyPI,PYSEC-2021-523,,"BIT-tensorflow-2021-29595,CVE-2021-29595,GHSA-vf94-36g5-69v8,PYSEC-2021-232,PYSEC-2021-721",,,"PYSEC-2021-523,GHSA-vf94-36g5-69v8",
,lockfile,tensorflow-cpu,2.4.0,PyPI,PYSEC-2021-524,,"BIT-tensorflow-2021-29596,CVE-2021-29596,GHSA-4vrf-ff7v-hpgr,PYSEC-2021-233,PYSEC-2021-722",,,"PYSEC-2021-524,GHSA-4vrf-ff7v-hpgr",
,lockfile,tensorflow-cpu,2.4.0,PyPI,PYSEC-2021-525,,"BIT-tensorflow-2021-29597,CVE-2021-29597,GHSA-v52p-hfjf-wg88,PYSEC-2021-234,PYSEC-2021-723",,,"PYSEC-2021-525,GHSA-v52p-hfjf-wg88",
,lockfile,tensorflow-cpu,2.4.0,PyPI,PYSEC-2021-526,,"BIT-tensorflow-2021-29598,CVE-2021-29598,GHSA-pmpr-55fj-r229,PYSEC-2021-235,PYSEC-2021-724",,,"PYSEC-2021-526,GHSA-pmpr-55fj-r229",
,lockfile,tensorflow-cpu,2.4.0,PyPI,PYSEC-2021-527,,"BIT-tensorflow-2021-29599,CVE-2021-29599,GHSA-97wf-p777-86jq,PYSEC-2021-236,PYSEC-2021-725",,,"PYSEC-2021-527,GHSA-97wf-p777-86jq",
,lockfile,tensorflow-cpu,2.4.0,PyPI,PYSEC-2021-528,,"BIT-tensorflow-2021-29600,CVE-2021-29600,GHSA-j8qh-3xrq-c825,PYSEC-2021-237,PYSEC-2021-726",,,"PYSEC-2021-528,GHSA-j8qh-3xrq-c825",
,lockfile,tensorflow-cpu,2.4.0,PyPI,PYSEC-2021-529,,"BIT-tensorflow-2021-29601,CVE-2021-29601,GHSA-9c84-4hx6-xmm4,PYSEC-2021-238,PYSEC-2021-727",,,"PYSEC-2021-529,GHSA-9c84-4hx6-xmm4",
,lockfile,tensorflow-cpu,2.4.0,PyPI,PYSEC-2021-530,,"BIT-tensorflow-2021-29602,CVE-2021-29602,GHSA-rf3h-xgv5-2q39,PYSEC-2021-239,PYSEC-2021-728",,,"PYSEC-2021-530,GHSA-rf3h-xgv5-2q39",
,lockfile,tensorflow-cpu,2.4.0,PyPI,PYSEC-2021-531,,"BIT-tensorflow-2021-29603,CVE-2021-29603,GHSA-crch-j389-5f84,PYSEC-2021-240,PYSEC-2021-729",,,"PYSEC-2021-531,GHSA-crch-j389-5f84",
,lockfile,tensorflow-cpu,2.4.0,PyPI,PYSEC-2021-532,,"BIT-tensorflow-2021-29604,CVE-2021-29604,GHSA-8rm6-75mf-7r7r,PYSEC-2021-241,PYSEC-2021-730",,,"PYSEC-2021-532,GHSA-8rm6-75mf-7r7r",
,lockfile,tensorflow-cpu,2.4.0,PyPI,PYSEC-2021-533,,"BIT-tensorflow-2021-29605,CVE-2021-29605,GHSA-jf7h-7m85-w2v2,PYSEC-2021-242,PYSEC-2021-731",,,"PYSEC-2021-533,GHSA-jf7h-7m85-w2v2",
,lockfile,tensorflow-cpu,2.4.0,PyPI,PYSEC-2021-534,,"BIT-tensorflow-2021-29606,CVE-2021-29606,GHSA-h4pc-gx2w-f2xv,PYSEC-2021-243,PYSEC-2021-732",,,"PYSEC-2021-534,GHSA-h4pc-gx2w-f2xv",
,lockfile,tensorflow-cpu,2.4.0,PyPI,PYSEC-2021-535,,"BIT-tensorflow-2021-29607,CVE-2021-29607,GHSA-gv26-jpj9-c8gq,PYSEC-2021-244,PYSEC-2021-733",,,"PYSEC-2021-535,GHSA-gv26-jpj9-c8gq",
,lockfile,tensorflow-cpu,2.4.0,PyPI,PYSEC-2021-536,,"BIT-tensorflow-2021-29608,CVE-2021-29608,GHSA-rgvq-pcvf-hx75,PYSEC-2021-245,PYSEC-2021-734",,,"PYSEC-2021-536,GHSA-rgvq-pcvf-hx75",
,lockfile,tensorflow-cpu,2.4.0,PyPI,PYSEC-2021-537,,"BIT-tensorflow-2021-29609,CVE-2021-29609,GHSA-cjc7-49v2-jp64,PYSEC-2021-246,PYSEC-2021-735",,,"PYSEC-2021-537,GHSA-cjc7-49v2-jp64",
,lockfile,tensorflow-cpu,2.4.0,PyPI,PYSEC-2021-538,,"BIT-tensorflow-2021-29610,CVE-2021-29610,GHSA-mq5c-prh3-3f3h,PYSEC-2021-247,PYSEC-2021-736",,,"PYSEC-2021-538,GHSA-mq5c-prh3-3f3h",
,lockfile,tensorflow-cpu,2.4.0,PyPI,PYSEC-2021-539,,"BIT-tensorflow-2021-29611,CVE-2021-29611,GHSA-9rpc-5v9q-5r7f,PYSEC-2021-248,PYSEC-2021-737",,,"PYSEC-2021-539,GHSA-9rpc-5v9q-5r7f",
,lockfile,tensorflow-cpu,2.4.0,PyPI,PYSEC-2021-540,,"BIT-tensorflow-2021-29612,CVE-2021-29612,GHSA-2xgj-xhgf-ggjv,PYSEC-2021-249,PYSEC-2021-738",,,"PYSEC-2021-540,GHSA-2xgj-xhgf-ggjv",
,lockfile,tensorflow-cpu,2.4.0,PyPI,PYSEC-2021-541,,"BIT-tensorflow-2021-29613,CVE-2021-29613,GHSA-vvg4-vgrv-xfr7,PYSEC-2021-250,PYSEC-2021-739",,,"PYSEC-2021-541,GHSA-vvg4-vgrv-xfr7",
,lockfile,tensorflow-cpu,2.4.0,PyPI,PYSEC-2021-542,,"BIT-tensorflow-2021-29614,CVE-2021-29614,GHSA-8pmx-p244-g88h,PYSEC-2021-251,PYSEC-2021-740",,,"PYSEC-2021-542,GHSA-8pmx-p244-g88h",
,lockfile,tensorflow-cpu,2.4.0,PyPI,PYSEC-2021-543,,"BIT-tensorflow-2021-29615,CVE-2021-29615,GHSA-qw5h-7f53-xrp6,PYSEC-2021-252,PYSEC-2021-741",,,"PYSEC-2021-543,GHSA-qw5h-7f53-xrp6",
,lockfile,tensorflow-cpu,2.4.0,PyPI,PYSEC-2021-544,,"BIT-tensorflow-2021-29616,CVE-2021-29616,GHSA-4hvv-7x94-7vq8,PYSEC-2021-253,PYSEC-2021-742",,,"PYSEC-2021-544,GHSA-4hvv-7x94-7vq8",
,lockfile,tensorflow-cpu,2.4.0,PyPI,PYSEC-2021-545,,"BIT-tensorflow-2021-29617,CVE-2021-29617,GHSA-mmq6-q8r3-48fm,PYSEC-2021-254,PYSEC-2021-743",,,"PYSEC-2021-545,GHSA-mmq6-q8r3-48fm",
,lockfile,tensorflow-cpu,2.4.0,PyPI,PYSEC-2021-546,,"BIT-tensorflow-2021-29618,CVE-2021-29618,GHSA-xqfj-cr6q-pc8w,PYSEC-2021-255,PYSEC-2021-744",,,"PYSEC-2021-546,GHSA-xqfj-cr6q-pc8w",
,lockfile,tensorflow-cpu,2.4.0,PyPI,PYSEC-2021-547,,"BIT-tensorflow-2021-29619,CVE-2021-29619,GHSA-wvjw-p9f5-vq28,PYSEC-2021-256,PYSEC-2021-745",,,"PYSEC-2021-547,GHSA-wvjw-p9f5-vq28",
,lockfile,tensorflow-cpu,2.4.0,PyPI,PYSEC-2021-548,,"BIT-tensorflow-2021-37635,CVE-2021-37635,GHSA-cgfm-62j4-v4rf,PYSEC-2021-257,PYSEC-2021-746",,,"PYSEC-2021-548,GHSA-cgfm-62j4-v4rf",
,lockfile,tensorflow-cpu,2.4.0,PyPI,PYSEC-2021-549,,"BIT-tensorflow-2021-37636,CVE-2021-37636,GHSA-hp4c-x6r7-6555,PYSEC-2021-258,PYSEC-2021-747",,,"PYSEC-2021-549,GHSA-hp4c-x6r7-6555",
,lockfile,tensorflow-cpu,2.4.0,PyPI,PYSEC-2021-550,,"BIT-tensorflow-2021-37637,CVE-2021-37637,GHSA-c9qf-r67m-p7cg,PYSEC-2021-259,PYSEC-2021-748",,,"PYSEC-2021-550,GHSA-c9qf-r67m-p7cg",
,lockfile,tensorflow-cpu,2.4.0,PyPI,PYSEC-2021-551,,"BIT-tensorflow-2021-37638,CVE-2021-37638,GHSA-hwr7-8gxx-fj5p,PYSEC-2021-260,PYSEC-2021-749",,,"PYSEC-2021-551,GHSA-hwr7-8gxx-fj5p",
,lockfile,tensorflow-cpu,2.4.0,PyPI,PYSEC-2021-552,,"BIT-tensorflow-2021-37639,CVE-2021-37639,GHSA-gh6x-4whr-2qv4,PYSEC-2021-261,PYSEC-2021-750",,,"PYSEC-2021-552,GHSA-gh6x-4whr-2qv4",
,lockfile,tensorflow-cpu,2.4.0,PyPI,PYSEC-2021-553,,"BIT-tensorflow-2021-37640,CVE-2021-37640,GHSA-95xm-g58g-3p88,PYSEC-2021-262,PYSEC-2021-751",,,"PYSEC-2021-553,GHSA-95xm-g58g-3p88",
,lockfile,tensorflow-cpu,2.4.0,PyPI,PYSEC-2021-554,,"BIT-tensorflow-2021-37641,CVE-2021-37641,GHSA-9c8h-vvrj-w2p8,PYSEC-2021-263,PYSEC-2021-752",,,"PYSEC-2021-554,GHSA-9c8h-vvrj-w2p8",
,lockfile,tensorflow-cpu,2.4.0,PyPI,PYSEC-2021-555,,"BIT-tensorflow-2021-37642,CVE-2021-37642,GHSA-ch4f-829c-v5pw,PYSEC-2021-264,PYSEC-2021-753",,,"PYSEC-2021-555,GHSA-ch4f-829c-v5pw",
,lockfile,tensorflow-cpu,2.4.0,PyPI,PYSEC-2021-556,,"BIT-tensorflow-2021-37643,CVE-2021-37643,GHSA-fcwc-p4fc-c5cc,PYSEC-2021-265,PYSEC-2021-754",,,"PYSEC-2021-556,GHSA-fcwc-p4fc-c5cc",
,lockfile,tensorflow-cpu,2.4.0,PyPI,PYSEC-2021-557,,"BIT-tensorflow-2021-37644,CVE-2021-37644,GHSA-27j5-4p9v-pp67,PYSEC-2021-266,PYSEC-2021-755",,,"PYSEC-2021-557,GHSA-27j5-4p9v-pp67",
,lockfile,tensorflow-cpu,2.4.0,PyPI,PYSEC-2021-558,,"BIT-tensorflow-2021-37645,CVE-2021-37645,GHSA-9w2p-5mgw-p94c,PYSEC-2021-267,PYSEC-2021-756",,,"PYSEC-2021-558,GHSA-9w2p-5mgw-p94c",
,lockfile,tensorflow-cpu,2.4.0,PyPI,PYSEC-2021-559,,"BIT-tensorflow-2021-37646,CVE-2021-37646,GHSA-h6jh-7gv5-28vg,PYSEC-2021-268,PYSEC-2021-757",,,"PYSEC-2021-559,GHSA-h6jh-7gv5-28vg",
,lockfile,tensorflow-cpu,2.4.0,PyPI,PYSEC-2021-560,,"BIT-tensorflow-2021-37647,CVE-2021-37647,GHSA-c5x2-p679-95wc,PYSEC-2021-269,PYSEC-2021-758",,,"PYSEC-2021-560,GHSA-c5x2-p679-95wc",
,lockfile,tensorflow-cpu,2.4.0,PyPI,PYSEC-2021-561,,"BIT-tensorflow-2021-37648,CVE-2021-37648,GHSA-wp77-4gmm-7cq8,PYSEC-2021-270,PYSEC-2021-759",,,"PYSEC-2021-561,GHSA-wp77-4gmm-7cq8",
,lockfile,tensorflow-cpu,2.4.0,PyPI,PYSEC-2021-562,,"BIT-tensorflow-2021-37649,CVE-2021-37649,GHSA-6gv8-p3vj-pxvr,PYSEC-2021-271,PYSEC-2021-760",,,"PYSEC-2021-562,GHSA-6gv8-p3vj-pxvr",
,lockfile,tensorflow-cpu,2.4.0,PyPI,PYSEC-2021-563,,"BIT-tensorflow-2021-37650,CVE-2021-37650,GHSA-f8h4-7rgh-q2gm,PYSEC-2021-272,PYSEC-2021-761",,,"PYSEC-2021-563,GHSA-f8h4-7rgh-q2gm",
,lockfile,tensorflow-cpu,2.4.0,PyPI,PYSEC-2021-564,,"BIT-tensorflow-2021-37651,CVE-2021-37651,GHSA-hpv4-7p9c-mvfr,PYSEC-2021-273,PYSEC-2021-762",,,"PYSEC-2021-564,GHSA-hpv4-7p9c-mvfr",
,lockfile,tensorflow-cpu,2.4.0,PyPI,PYSEC-2021-565,,"BIT-tensorflow-2021-37652,CVE-2021-37652,GHSA-m7fm-4jfh-jrg6,PYSEC-2021-274,PYSEC-2021-763",,,"PYSEC-2021-565,GHSA-m7fm-4jfh-jrg6",
,lockfile,tensorflow-cpu,2.4.0,PyPI,PYSEC-2021-566,,"BIT-tensorflow-2021-37653,CVE-2021-37653,GHSA-qjj8-32p7-h289,PYSEC-2021-275,PYSEC-2021-764",,,"PYSEC-2021-566,GHSA-qjj8-32p7-h289",
,lockfile,tensorflow-cpu,2.4.0,PyPI,PYSEC-2021-567,,"BIT-tensorflow-2021-37654,CVE-2021-37654,GHSA-2r8p-fg3c-wcj4,PYSEC-2021-276,PYSEC-2021-765",,,"PYSEC-2021-567,GHSA-2r8p-fg3c-wcj4",
,lockfile,tensorflow-cpu,2.4.0,PyPI,PYSEC-2021-568,,"BIT-tensorflow-2021-37655,CVE-2021-37655,GHSA-7fvx-3jfc-2cpc,PYSEC-2021-277,PYSEC-2021-766",,,"PYSEC-2021-568,GHSA-7fvx-3jfc-2cpc",
,lockfile,tensorflow-cpu,2.4.0,PyPI,PYSEC-2021-569,,"BIT-tensorflow-2021-37656,CVE-2021-37656,GHSA-4xfp-4pfp-89wg,PYSEC-2021-278,PYSEC-2021-767",,,"PYSEC-2021-569,GHSA-4xfp-4pfp-89wg",
,lockfile,tensorflow-cpu,2.4.0,PyPI,PYSEC-2021-570,,"BIT-tensorflow-2021-37657,CVE-2021-37657,GHSA-5xwc-mrhx-5g3m,PYSEC-2021-279,PYSEC-2021-768",,,"PYSEC-2021-570,GHSA-5xwc-mrhx-5g3m",
,lockfile,tensorflow-cpu,2.4.0,PyPI,PYSEC-2021-571,,"BIT-tensorflow-2021-37658,CVE-2021-37658,GHSA-6p5r-g9mq-ggh2,PYSEC-2021-280,PYSEC-2021-769",,,"PYSEC-2021-571,GHSA-6p5r-g9mq-ggh2",
,lockfile,tensorflow-cpu,2.4.0,PyPI,PYSEC-2021-572,,"BIT-tensorflow-2021-37659,CVE-2021-37659,GHSA-q3g3-h9r4-prrc,PYSEC-2021-281,PYSEC-2021-770",,,"PYSEC-2021-572,GHSA-q3g3-h9r4-prrc",
,lockfile,tensorflow-cpu,2.4.0,PyPI,PYSEC-2021-573,,"BIT-tensorflow-2021-37660,CVE-2021-37660,GHSA-cm5x-837x-jf3c,PYSEC-2021-282,PYSEC-2021-771",,,"PYSEC-2021-573,GHSA-cm5x-837x-jf3c",
,lockfile,tensorflow-cpu,2.4.0,PyPI,PYSEC-2021-574,,"BIT-tensorflow-2021-37661,CVE-2021-37661,GHSA-gf88-j2mg-cc82,PYSEC-2021-283,PYSEC-2021-772",,,"PYSEC-2021-574,GHSA-gf88-j2mg-cc82",
,lockfile,tensorflow-cpu,2.4.0,PyPI,PYSEC-2021-575,,"BIT-tensorflow-2021-37662,CVE-2021-37662,GHSA-f5cx-5wr3-5qrc,PYSEC-2021-284,PYSEC-2021-773",,,"PYSEC-2021-575,GHSA-f5cx-5wr3-5qrc",
,lockfile,tensorflow-cpu,2.4.0,PyPI,PYSEC-2021-576,,"BIT-tensorflow-2021-37663,CVE-2021-37663,GHSA-g25h-jr74-qp5j,PYSEC-2021-285,PYSEC-2021-774",,,"PYSEC-2021-576,GHSA-g25h-jr74-qp5j",
,lockfile,tensorflow-cpu,2.4.0,PyPI,PYSEC-2021-577,,"BIT-tensorflow-2021-37664,CVE-2021-37664,GHSA-r4c4-5fpq-56wg,PYSEC-2021-286,PYSEC-2021-775",,,"PYSEC-2021-577,GHSA-r4c4-5fpq-56wg",
,lockfile,tensorflow-cpu,2.4.0,PyPI,PYSEC-2021-578,,"BIT-tensorflow-2021-37665,CVE-2021-37665,GHSA-v82p-hv3v-p6qp,PYSEC-2021-287,PYSEC-2021-776",,,"PYSEC-2021-578,GHSA-v82p-hv3v-p6qp",
,lockfile,tensorflow-cpu,2.4.0,PyPI,PYSEC-2021-579,,"BIT-tensorflow-2021-37666,CVE-2021-37666,GHSA-w4xf-2pqw-5mq7,PYSEC-2021-288,PYSEC-2021-777",,,"PYSEC-2021-579,GHSA-w4xf-2pqw-5mq7",
,lockfile,tensorflow-cpu,2.4.0,PyPI,PYSEC-2021-580,,"BIT-tensorflow-2021-37667,CVE-2021-37667,GHSA-w74j-v8xh-3w5h,PYSEC-2021-289,PYSEC-2021-778",,,"PYSEC-2021-580,GHSA-w74j-v8xh-3w5h",
,lockfile,tensorflow-cpu,2.4.0,PyPI,PYSEC-2021-581,,"BIT-tensorflow-2021-37668,CVE-2021-37668,GHSA-2wmv-37vq-52g5,PYSEC-2021-290,PYSEC-2021-779",,,"PYSEC-2021-581,GHSA-2wmv-37vq-52g5",
,lockfile,tensorflow-cpu,2.4.0,PyPI,PYSEC-2021-582,,"BIT-tensorflow-2021-37669,CVE-2021-37669,GHSA-vmjw-c2vp-p33c,PYSEC-2021-291,PYSEC-2021-780",,,"PYSEC-2021-582,GHSA-vmjw-c2vp-p33c",
,lockfile,tensorflow-cpu,2.4.0,PyPI,PYSEC-2021-583,,"BIT-tensorflow-2021-37670,CVE-2021-37670,GHSA-9697-98pf-4rw7,PYSEC-2021-292,PYSEC-2021-781",,,"PYSEC-2021-583,GHSA-9697-98pf-4rw7",
,lockfile,tensorflow-cpu,2.4.0,PyPI,PYSEC-2021-584,,"BIT-tensorflow-2021-37671,CVE-2021-37671,GHSA-qr82-2c78-4m8h,PYSEC-2021-293,PYSEC-2021-782",,,"PYSEC-2021-584,GHSA-qr82-2c78-4m8h",
,lockfile,tensorflow-cpu,2.4.0,PyPI,PYSEC-2021-585,,"BIT-tensorflow-2021-37672,CVE-2021-37672,GHSA-5hj3-vjjf-f5m7,PYSEC-2021-294,PYSEC-2021-783",,,"PYSEC-2021-585,GHSA-5hj3-vjjf-f5m7",
,lockfile,tensorflow-cpu,2.4.0,PyPI,PYSEC-2021-586,,"BIT-tensorflow-2021-37673,CVE-2021-37673,GHSA-278g-rq84-9hmg,PYSEC-2021-295,PYSEC-2021-784",,,"PYSEC-2021-586,GHSA-278g-rq84-9hmg",
,lockfile,tensorflow-cpu,2.4.0,PyPI,PYSEC-2021-587,,"BIT-tensorflow-2021-37674,CVE-2021-37674,GHSA-7ghq-fvr3-pj2x,PYSEC-2021-296,PYSEC-2021-785",,,"PYSEC-2021-587,GHSA-7ghq-fvr3-pj2x",
,lockfile,tensorflow-cpu,2.4.0,PyPI,PYSEC-2021-588,,"BIT-tensorflow-2021-37675,CVE-2021-37675,GHSA-9c8h-2mv3-49ww,PYSEC-2021-297,PYSEC-2021-786",,,"PYSEC-2021-588,GHSA-9c8h-2mv3-49ww",
,lockfile,tensorflow-cpu,2.4.0,PyPI,PYSEC-2021-589,,"BIT-tensorflow-2021-37676,CVE-2021-37676,GHSA-v768-w7m9-2vmm,PYSEC-2021-298,PYSEC-2021-787",,,"PYSEC-2021-589,GHSA-v768-w7m9-2vmm",
,lockfile,tensorflow-cpu,2.4.0,PyPI,PYSEC-2021-590,,"BIT-tensorflow-2021-37677,CVE-2021-37677,GHSA-qfpc-5pjr-mh26,PYSEC-2021-299,PYSEC-2021-788",,,"PYSEC-2021-590,GHSA-qfpc-5pjr-mh26",
,lockfile,tensorflow-cpu,2.4.0,PyPI,PYSEC-2021-591,,"BIT-tensorflow-2021-37678,CVE-2021-37678,GHSA-r6jx-9g48-2r5r,PYSEC-2021-300,PYSEC-2021-789",,,"PYSEC-2021-591,GHSA-r6jx-9g48-2r5r",
,lockfile,tensorflow-cpu,2.4.0,PyPI,PYSEC-2021-592,,"BIT-tensorflow-2021-37679,CVE-2021-37679,GHSA-g8wg-cjwc-xhhp,PYSEC-2021-301,PYSEC-2021-790",,,"PYSEC-2021-592,GHSA-g8wg-cjwc-xhhp",
,lockfile,tensorflow-cpu,2.4.0,PyPI,PYSEC-2021-593,,"BIT-tensorflow-2021-37680,CVE-2021-37680,GHSA-cfpj-3q4c-jhvr,PYSEC-2021-302,PYSEC-2021-791",,,"PYSEC-2021-593,GHSA-cfpj-3q4c-jhvr",
,lockfile,tensorflow-cpu,2.4.0,PyPI,PYSEC-2021-594,,"BIT-tensorflow-2021-37681,CVE-2021-37681,GHSA-7xwj-5r4v-429p,PYSEC-2021-303,PYSEC-2021-792",,,"PYSEC-2021-594,GHSA-7xwj-5r4v-429p",
,lockfile,tensorflow-cpu,2.4.0,PyPI,PYSEC-2021-595,,"BIT-tensorflow-2021-37682,CVE-2021-37682,GHSA-4c4g-crqm-xrxw,PYSEC-2021-304,PYSEC-2021-793",,,"PYSEC-2021-595,GHSA-4c4g-crqm-xrxw",
,lockfile,tensorflow-cpu,2.4.0,PyPI,PYSEC-2021-596,,"BIT-tensorflow-2021-37683,CVE-2021-37683,GHSA-rhrq-64mq-hf9h,PYSEC-2021-305,PYSEC-2021-794",,,"PYSEC-2021-596,GHSA-rhrq-64mq-hf9h",
,lockfile,tensorflow-cpu,2.4.0,PyPI,PYSEC-2021-597,,"BIT-tensorflow-2021-37684,CVE-2021-37684,GHSA-q7f7-544h-67h9,PYSEC-2021-306,PYSEC-2021-795",,,"PYSEC-2021-597,GHSA-q7f7-544h-67h9",
,lockfile,tensorflow-cpu,2.4.0,PyPI,PYSEC-2021-598,,"BIT-tensorflow-2021-37685,CVE-2021-37685,GHSA-c545-c4f9-rf6v,PYSEC-2021-307,PYSEC-2021-796",,,"PYSEC-2021-598,GHSA-c545-c4f9-rf6v",
,lockfile,tensorflow-cpu,2.4.0,PyPI,PYSEC-2021-599,,"BIT-tensorflow-2021-37686,CVE-2021-37686,GHSA-mhhc-q96p-mfm9,PYSEC-2021-308,PYSEC-2021-797",,,PYSEC-2021-599,
,lockfile,tensorflow-cpu,2.4.0,PyPI,PYSEC-2021-600,,"BIT-tensorflow-2021-37687,CVE-2021-37687,GHSA-jwf9-w5xm-f437,PYSEC-2021-309,PYSEC-2021-798",,,"PYSEC-2021-600,GHSA-jwf9-w5xm-f437",
,lockfile,tensorflow-cpu,2.4.0,PyPI,PYSEC-2021-601,,"BIT-tensorflow-2021-37688,CVE-2021-37688,GHSA-vcjj-9vg7-vf68,PYSEC-2021-310,PYSEC-2021-799",,,"PYSEC-2021-601,GHSA-vcjj-9vg7-vf68",
,lockfile,tensorflow-cpu,2.4.0,PyPI,PYSEC-2021-602,,"BIT-tensorflow-2021-37689,CVE-2021-37689,GHSA-wf5p-c75w-w3wh,PYSEC-2021-311,PYSEC-2021-800",,,"PYSEC-2021-602,GHSA-wf5p-c75w-w3wh",
,lockfile,tensorflow-cpu,2.4.0,PyPI,PYSEC-2021-603,,"BIT-tensorflow-2021-37690,CVE-2021-37690,GHSA-3hxh-8cp2-g4hg,PYSEC-2021-312,PYSEC-2021-801",,,"PYSEC-2021-603,GHSA-3hxh-8cp2-g4hg",
,lockfile,tensorflow-cpu,2.4.0,PyPI,PYSEC-2021-604,,"BIT-tensorflow-2021-37691,CVE-2021-37691,GHSA-27qf-jwm8-g7f3,PYSEC-2021-313,PYSEC-2021-802",,,"PYSEC-2021-604,GHSA-27qf-jwm8-g7f3",
,lockfile,tensorflow-cpu,2.4.0,PyPI,PYSEC-2021-605,,"BIT-tensorflow-2021-37692,CVE-2021-37692,GHSA-cmgw-8vpc-rc59,PYSEC-2021-314,PYSEC-2021-803",,,PYSEC-2021-605,
,lockfile,tensorflow-cpu,2.4.0,PyPI,PYSEC-2021-606,,"BIT-tensorflow-2021-41196,CVE-2021-41196,GHSA-m539-j985-hcr8,PYSEC-2021-389,PYSEC-2021-804",,,"PYSEC-2021-606,GHSA-m539-j985-hcr8",
,lockfile,tensorflow-cpu,2.4.0,PyPI,PYSEC-2021-607,,"BIT-tensorflow-2021-41197,CVE-2021-41197,GHSA-prcg-wp5q-rv7p,PYSEC-2021-390,PYSEC-2021-805",,,"PYSEC-2021-607,GHSA-prcg-wp5q-rv7p",
,lockfile,tensorflow-cpu,2.4.0,PyPI,PYSEC-2021-608,,"BIT-tensorflow-2021-41198,CVE-2021-41198,GHSA-2p25-55c9-h58q,PYSEC-2021-391,PYSEC-2021-806",,,"PYSEC-2021-608,GHSA-2p25-55c9-h58q",
,lockfile,tensorflow-cpu,2.4.0,PyPI,PYSEC-2021-609,,"BIT-tensorflow-2021-41199,CVE-2021-41199,GHSA-5hx2-qx8j-qjqm,PYSEC-2021-392,PYSEC-2021-807",,,"PYSEC-2021-609,GHSA-5hx2-qx8j-qjqm",
,lockfile,tensorflow-cpu,2.4.0,PyPI,PYSEC-2021-610,,"BIT-tensorflow-2021-41200,CVE-2021-41200,GHSA-gh8h-7j2j-qv4f,PYSEC-2021-393,PYSEC-2021-808",,,"PYSEC-2021-610,GHSA-gh8h-7j2j-qv4f",
,lockfile,tensorflow-cpu,2.4.0,PyPI,PYSEC-2021-611,,"BIT-tensorflow-2021-41201,CVE-2021-41201,GHSA-j86v-p27c-73fm,PYSEC-2021-394,PYSEC-2021-809",,,"PYSEC-2021-611,GHSA-j86v-p27c-73fm",
,lockfile,tensorflow-cpu,2.4.0,PyPI,PYSEC-2021-612,,"BIT-tensorflow-2021-41202,CVE-2021-41202,GHSA-xrqm-fpgr-6hhx,PYSEC-2021-395,PYSEC-2021-810",,,"PYSEC-2021-612,GHSA-xrqm-fpgr-6hhx",
,lockfile,tensorflow-cpu,2.4.0,PyPI,PYSEC-2021-613,,"BIT-tensorflow-2021-41203,CVE-2021-41203,GHSA-7pxj-m4jf-r6h2,PYSEC-2021-396,PYSEC-2021-811",,,"PYSEC-2021-613,GHSA-7pxj-m4jf-r6h2",
,lockfile,tensorflow-cpu,2.4.0,PyPI,PYSEC-2021-614,,"BIT-tensorflow-2021-41204,CVE-2021-41204,GHSA-786j-5qwq-r36x,PYSEC-2021-397,PYSEC-2021-812",,,"PYSEC-2021-614,GHSA-786j-5qwq-r36x",
,lockfile,tensorflow-cpu,2.4.0,PyPI,PYSEC-2021-615,,"BIT-tensorflow-2021-41205,CVE-2021-41205,GHSA-49rx-x2rw-pc6f,PYSEC-2021-398,PYSEC-2021-813",,,"PYSEC-2021-615,GHSA-49rx-x2rw-pc6f",
,lockfile,tensorflow-cpu,2.4.0,PyPI,PYSEC-2021-616,,"BIT-tensorflow-2021-41207,CVE-2021-41207,GHSA-7v94-64hj-m82h,PYSEC-2021-399,PYSEC-2021-814",,,"PYSEC-2021-616,GHSA-7v94-64hj-m82h",
,lockfile,tensorflow-cpu,2.4.0,PyPI,PYSEC-2021-617,,"BIT-tensorflow-2021-41208,CVE-2021-41208,GHSA-57wx-m983-2f88,PYSEC-2021-400,PYSEC-2021-815",,,"PYSEC-2021-617,GHSA-57wx-m983-2f88",
,lockfile,tensorflow-cpu,2.4.0,PyPI,PYSEC-2021-618,,"BIT-tensorflow-2021-41209,CVE-2021-41209,GHSA-6hpv-v2rx-c5g6,PYSEC-2021-401,PYSEC-2021-816",,,"PYSEC-2021-618,GHSA-6hpv-v2rx-c5g6",
,lockfile,tensorflow-cpu,2.4.0,PyPI,PYSEC-2021-619,,"BIT-tensorflow-2021-41210,CVE-2021-41210,GHSA-m342-ff57-4jcc,PYSEC-2021-402,PYSEC-2021-817",,,"PYSEC-2021-619,GHSA-m342-ff57-4jcc",
,lockfile,tensorflow-cpu,2.4.0,PyPI,PYSEC-2021-621,,"BIT-tensorflow-2021-41212,CVE-2021-41212,GHSA-fr77-rrx3-cp7g,PYSEC-2021-404,PYSEC-2021-819",,,"PYSEC-2021-621,GHSA-fr77-rrx3-cp7g",
,lockfile,tensorflow-cpu,2.4.0,PyPI,PYSEC-2021-622,,"BIT-tensorflow-2021-41213,CVE-2021-41213,GHSA-h67m-xg8f-fxcf,PYSEC-2021-405,PYSEC-2021-820",,,"PYSEC-2021-622,GHSA-h67m-xg8f-fxcf",
,lockfile,tensorflow-cpu,2.4.0,PyPI,PYSEC-2021-623,,"BIT-tensorflow-2021-41214,CVE-2021-41214,GHSA-vwhq-49r4-gj9v,PYSEC-2021-406,PYSEC-2021-821",,,"PYSEC-2021-623,GHSA-vwhq-49r4-gj9v",
,lockfile,tensorflow-cpu,2.4.0,PyPI,PYSEC-2021-624,,"BIT-tensorflow-2021-41215,CVE-2021-41215,GHSA-x3v8-c8qx-3j3r,PYSEC-2021-407,PYSEC-2021-822",,,"PYSEC-2021-624,GHSA-x3v8-c8qx-3j3r",
,lockfile,tensorflow-cpu,2.4.0,PyPI,PYSEC-2021-625,,"BIT-tensorflow-2021-41216,CVE-2021-41216,GHSA-3ff2-r28g-w7h9,PYSEC-2021-408,PYSEC-2021-823",,,"PYSEC-2021-625,GHSA-3ff2-r28g-w7h9",
,lockfile,tensorflow-cpu,2.4.0,PyPI,PYSEC-2021-626,,"BIT-tensorflow-2021-41217,CVE-2021-41217,GHSA-5crj-c72x-m7gq,PYSEC-2021-409,PYSEC-2021-824",,,"PYSEC-2021-626,GHSA-5crj-c72x-m7gq",
,lockfile,tensorflow-cpu,2.4.0,PyPI,PYSEC-2021-627,,"BIT-tensorflow-2021-41218,CVE-2021-41218,GHSA-9crf-c6qr-r273,PYSEC-2021-410,PYSEC-2021-825",,,"PYSEC-2021-627,GHSA-9crf-c6qr-r273",
,lockfile,tensorflow-cpu,2.4.0,PyPI,PYSEC-2021-628,,"BIT-tensorflow-2021-41219,CVE-2021-41219,GHSA-4f99-p9c2-3j8x,PYSEC-2021-411,PYSEC-2021-826",,,"PYSEC-2021-628,GHSA-4f99-p9c2-3j8x",
,lockfile,tensorflow-cpu,2.4.0,PyPI,PYSEC-2021-630,,"BIT-tensorflow-2021-41221,CVE-2021-41221,GHSA-cqv6-3phm-hcwx,PYSEC-2021-413,PYSEC-2021-828",,,"PYSEC-2021-630,GHSA-cqv6-3phm-hcwx",
,lockfile,tensorflow-cpu,2.4.0,PyPI,PYSEC-2021-631,,"BIT-tensorflow-2021-41222,CVE-2021-41222,GHSA-cpf4-wx82-gxp6,PYSEC-2021-414,PYSEC-2021-829",,,"PYSEC-2021-631,GHSA-cpf4-wx82-gxp6",
,lockfile,tensorflow-cpu,2.4.0,PyPI,PYSEC-2021-632,,"BIT-tensorflow-2021-41223,CVE-2021-41223,GHSA-f54p-f6jp-4rhr,PYSEC-2021-415,PYSEC-2021-830",,,"PYSEC-2021-632,GHSA-f54p-f6jp-4rhr",
,lockfile,tensorflow-cpu,2.4.0,PyPI,PYSEC-2021-633,,"BIT-tensorflow-2021-41224,CVE-2021-41224,GHSA-rg3m-hqc5-344v,PYSEC-2021-416,PYSEC-2021-831",,,"PYSEC-2021-633,GHSA-rg3m-hqc5-344v",
,lockfile,tensorflow-cpu,2.4.0,PyPI,PYSEC-2021-634,,"BIT-tensorflow-2021-41225,CVE-2021-41225,GHSA-7r94-xv9v-63jw,PYSEC-2021-417,PYSEC-2021-832",,,"PYSEC-2021-634,GHSA-7r94-xv9v-63jw",
,lockfile,tensorflow-cpu,2.4.0,PyPI,PYSEC-2021-635,,"BIT-tensorflow-2021-41226,CVE-2021-41226,GHSA-374m-jm66-3vj8,PYSEC-2021-418,PYSEC-2021-833",,,"PYSEC-2021-635,GHSA-374m-jm66-3vj8",
,lockfile,tensorflow-cpu,2.4.0,PyPI,PYSEC-2021-636,,"BIT-tensorflow-2021-41227,CVE-2021-41227,GHSA-j8c8-67vp-6mx7,PYSEC-2021-419,PYSEC-2021-834",,,"PYSEC-2021-636,GHSA-j8c8-67vp-6mx7",
,lockfile,tensorflow-cpu,2.4.0,PyPI,PYSEC-2021-637,,"BIT-tensorflow-2021-41228,CVE-2021-41228,GHSA-3rcw-9p9x-582v,PYSEC-2021-420,PYSEC-2021-835",,,"PYSEC-2021-637,GHSA-3rcw-9p9x-582v",
,lockfile,tensorflow-cpu,2.4.0,PyPI,PYSEC-2021-844,,"BIT-tensorflow-2021-41195,CVE-2021-41195,GHSA-cq76-mxrc-vchh,PYSEC-2021-842,PYSEC-2021-846",,,"PYSEC-2021-844,GHSA-cq76-mxrc-vchh",
,lockfile,tensorflow-cpu,2.4.0,PyPI,PYSEC-2021-845,,"BIT-tensorflow-2021-41206,CVE-2021-41206,GHSA-pgcq-h79j-2f69,PYSEC-2021-843,PYSEC-2021-847",,,"PYSEC-2021-845,GHSA-pgcq-h79j-2f69",
,lockfile,tensorflow-cpu,2.4.0,PyPI,PYSEC-2022-100,,"BIT-tensorflow-2022-23591,CVE-2022-23591,GHSA-247x-2f9f-5wp7,PYSEC-2022-155",,,"PYSEC-2022-100,GHSA-247x-2f9f-5wp7",
,lockfile,tensorflow-cpu,2.4.0,PyPI,PYSEC-2022-103,,"BIT-tensorflow-2022-23595,CVE-2022-23595,GHSA-fpcp-9h7m-ffpx,PYSEC-2022-158",,,"PYSEC-2022-103,GHSA-fpcp-9h7m-ffpx",
,lockfile,tensorflow-cpu,2.4.0,PyPI,PYSEC-2022-49,,"BIT-tensorflow-2022-21725,CVE-2022-21725,GHSA-v3f7-j968-4h5f,PYSEC-2022-104",,,"PYSEC-2022-49,GHSA-v3f7-j968-4h5f",
,lockfile,tensorflow-cpu,2.4.0,PyPI,PYSEC-2022-50,,"BIT-tensorflow-2022-21726,CVE-2022-21726,GHSA-23hm-7w47-xw72,PYSEC-2022-105",,,"PYSEC-2022-50,GHSA-23hm-7w47-xw72",
,lockfile,tensorflow-cpu,2.4.0,PyPI,PYSEC-2022-51,,"BIT-tensorflow-2022-21727,CVE-2022-21727,GHSA-c6fh-56w7-fvjw,PYSEC-2022-106",,,"PYSEC-2022-51,GHSA-c6fh-56w7-fvjw",
,lockfile,tensorflow-cpu,2.4.0,PyPI,PYSEC-2022-52,,"BIT-tensorflow-2022-21728,CVE-2022-21728,GHSA-6gmv-pjp9-p8w8,PYSEC-2022-107",,,"PYSEC-2022-52,GHSA-6gmv-pjp9-p8w8",
,lockfile,tensorflow-cpu,2.4.0,PyPI,PYSEC-2022-53,,"BIT-tensorflow-2022-21729,CVE-2022-21729,GHSA-34f9-hjfq-rr8j,PYSEC-2022-108",,,"PYSEC-2022-53,GHSA-34f9-hjfq-rr8j",
,lockfile,tensorflow-cpu,2.4.0,PyPI,PYSEC-2022-54,,"BIT-tensorflow-2022-21730,CVE-2022-21730,GHSA-vjg4-v33c-ggc4,PYSEC-2022-109",,,"PYSEC-2022-54,GHSA-vjg4-v33c-ggc4",
,lockfile,tensorflow-cpu,2.4.0,PyPI,PYSEC-2022-55,,"BIT-tensorflow-2022-21731,CVE-2022-21731,GHSA-m4hf-j54p-p353,PYSEC-2022-110",,,"PYSEC-2022-55,GHSA-m4hf-j54p-p353",
,lockfile,tensorflow-cpu,2.4.0,PyPI,PYSEC-2022-56,,"BIT-tensorflow-2022-21732,CVE-2022-21732,GHSA-c582-c96p-r5cq,PYSEC-2022-111",,,"PYSEC-2022-56,GHSA-c582-c96p-r5cq",
,lockfile,tensorflow-cpu,2.4.0,PyPI,PYSEC-2022-57,,"BIT-tensorflow-2022-21733,CVE-2022-21733,GHSA-98j8-c9q4-r38g,PYSEC-2022-112",,,"PYSEC-2022-57,GHSA-98j8-c9q4-r38g",
,lockfile,tensorflow-cpu,2.4.0,PyPI,PYSEC-2022-58,,"BIT-tensorflow-2022-21734,CVE-2022-21734,GHSA-gcvh-66ff-4mwm,PYSEC-2022-113",,,"PYSEC-2022-58,GHSA-gcvh-66ff-4mwm",
,lockfile,tensorflow-cpu,2.4.0,PyPI,PYSEC-2022-59,,"BIT-tensorflow-2022-21735,CVE-2022-21735,GHSA-87v6-crgm-2gfj,PYSEC-2022-114",,,"PYSEC-2022-59,GHSA-87v6-crgm-2gfj",
,lockfile,tensorflow-cpu,2.4.0,PyPI,PYSEC-2022-60,,"BIT-tensorflow-2022-21736,CVE-2022-21736,GHSA-pfjj-m3jj-9jc9,PYSEC-2022-115",,,"PYSEC-2022-60,GHSA-pfjj-m3jj-9jc9",
,lockfile,tensorflow-cpu,2.4.0,PyPI,PYSEC-2022-61,,"BIT-tensorflow-2022-21737,CVE-2022-21737,GHSA-f2vv-v9cg-qhh7,PYSEC-2022-116",,,"PYSEC-2022-61,GHSA-f2vv-v9cg-qhh7",
,lockfile,tensorflow-cpu,2.4.0,PyPI,PYSEC-2022-62,,"BIT-tensorflow-2022-21738,CVE-2022-21738,GHSA-x4qx-4fjv-hmw6,PYSEC-2022-117",,,"PYSEC-2022-62,GHSA-x4qx-4fjv-hmw6",
,lockfile,tensorflow-cpu,2.4.0,PyPI,PYSEC-2022-63,,"BIT-tensorflow-2022-21739,CVE-2022-21739,GHSA-3mw4-6rj6-74g5,PYSEC-2022-118",,,"PYSEC-2022-63,GHSA-3mw4-6rj6-74g5",
,lockfile,tensorflow-cpu,2.4.0,PyPI,PYSEC-2022-64,,"BIT-tensorflow-2022-21740,CVE-2022-21740,GHSA-44qp-9wwf-734r,PYSEC-2022-119",,,"PYSEC-2022-64,GHSA-44qp-9wwf-734r",
,lockfile,tensorflow-cpu,2.4.0,PyPI,PYSEC-2022-65,,"BIT-tensorflow-2022-21741,CVE-2022-21741,GHSA-428x-9xc2-m8mj,PYSEC-2022-120",,,"PYSEC-2022-65,GHSA-428x-9xc2-m8mj",
,lockfile,tensorflow-cpu,2.4.0,PyPI,PYSEC-2022-66,,"BIT-tensorflow-2022-23557,CVE-2022-23557,GHSA-gf2j-f278-xh4v,PYSEC-2022-121",,,"PYSEC-2022-66,GHSA-gf2j-f278-xh4v",
,lockfile,tensorflow-cpu,2.4.0,PyPI,PYSEC-2022-67,,"BIT-tensorflow-2022-23558,CVE-2022-23558,GHSA-9gwq-6cwj-47h3,PYSEC-2022-122",,,"PYSEC-2022-67,GHSA-9gwq-6cwj-47h3",
,lockfile,tensorflow-cpu,2.4.0,PyPI,PYSEC-2022-68,,"BIT-tensorflow-2022-23559,CVE-2022-23559,GHSA-98p5-x8x4-c9m5,PYSEC-2022-123",,,"PYSEC-2022-68,GHSA-98p5-x8x4-c9m5",
,lockfile,tensorflow-cpu,2.4.0,PyPI,PYSEC-2022-69,,"BIT-tensorflow-2022-23560,CVE-2022-23560,GHSA-4hvf-hxvg-f67v,PYSEC-2022-124",,,"PYSEC-2022-69,GHSA-4hvf-hxvg-f67v",
,lockfile,tensorflow-cpu,2.4.0,PyPI,PYSEC-2022-70,,"BIT-tensorflow-2022-23561,CVE-2022-23561,GHSA-9c78-vcq7-7vxq,PYSEC-2022-125",,,"PYSEC-2022-70,GHSA-9c78-vcq7-7vxq",
,lockfile,tensorflow-cpu,2.4.0,PyPI,PYSEC-2022-71,,"BIT-tensorflow-2022-23562,CVE-2022-23562,GHSA-qx3f-p745-w4hr,PYSEC-2022-126",,,"PYSEC-2022-71,GHSA-qx3f-p745-w4hr",
,lockfile,tensorflow-cpu,2.4.0,PyPI,PYSEC-2022-72,,"BIT-tensorflow-2022-23563,CVE-2022-23563,GHSA-wc4g-r73w-x8mm,PYSEC-2022-127",,,"PYSEC-2022-72,GHSA-wc4g-r73w-x8mm",
,lockfile,tensorflow-cpu,2.4.0,PyPI,PYSEC-2022-73,,"BIT-tensorflow-2022-23564,CVE-2022-23564,GHSA-8rcj-c8pj-v3m3,PYSEC-2022-128",,,"PYSEC-2022-73,GHSA-8rcj-c8pj-v3m3",
,lockfile,tensorflow-cpu,2.4.0,PyPI,PYSEC-2022-74,,"BIT-tensorflow-2022-23565,CVE-2022-23565,GHSA-4v5p-v5h9-6xjx,PYSEC-2022-129",,,"PYSEC-2022-74,GHSA-4v5p-v5h9-6xjx",
,lockfile,tensorflow-cpu,2.4.0,PyPI,PYSEC-2022-75,,"BIT-tensorflow-2022-23566,CVE-2022-23566,GHSA-5qw5-89mw-wcg2,PYSEC-2022-130",,,"PYSEC-2022-75,GHSA-5qw5-89mw-wcg2",
,lockfile,tensorflow-cpu,2.4.0,PyPI,PYSEC-2022-76,,"BIT-tensorflow-2022-23567,CVE-2022-23567,GHSA-rrx2-r989-2c43,PYSEC-2022-131",,,"PYSEC-2022-76,GHSA-rrx2-r989-2c43",
,lockfile,tensorflow-cpu,2.4.0,PyPI,PYSEC-2022-77,,"BIT-tensorflow-2022-23568,CVE-2022-23568,GHSA-6445-fm66-fvq2,PYSEC-2022-132",,,"PYSEC-2022-77,GHSA-6445-fm66-fvq2",
,lockfile,tensorflow-cpu,2.4.0,PyPI,PYSEC-2022-78,,"BIT-tensorflow-2022-23569,CVE-2022-23569,GHSA-qj5r-f9mv-rffh,PYSEC-2022-133",,,"PYSEC-2022-78,GHSA-qj5r-f9mv-rffh",
,lockfile,tensorflow-cpu,2.4.0,PyPI,PYSEC-2022-79,,"BIT-tensorflow-2022-23570,CVE-2022-23570,GHSA-9p77-mmrw-69c7,PYSEC-2022-134",,,"PYSEC-2022-79,GHSA-9p77-mmrw-69c7",
,lockfile,tensorflow-cpu,2.4.0,PyPI,PYSEC-2022-80,,"BIT-tensorflow-2022-23571,CVE-2022-23571,GHSA-j3mj-fhpq-qqjj,PYSEC-2022-135",,,"PYSEC-2022-80,GHSA-j3mj-fhpq-qqjj",
,lockfile,tensorflow-cpu,2.4.0,PyPI,PYSEC-2022-81,,"BIT-tensorflow-2022-23572,CVE-2022-23572,GHSA-rww7-2gpw-fv6j,PYSEC-2022-136",,,"PYSEC-2022-81,GHSA-rww7-2gpw-fv6j",
,lockfile,tensorflow-cpu,2.4.0,PyPI,PYSEC-2022-82,,"BIT-tensorflow-2022-23573,CVE-2022-23573,GHSA-q85f-69q7-55h2,PYSEC-2022-137",,,"PYSEC-2022-82,GHSA-q85f-69q7-55h2",
,lockfile,tensorflow-cpu,2.4.0,PyPI,PYSEC-2022-83,,"BIT-tensorflow-2022-23574,CVE-2022-23574,GHSA-77gp-3h4r-6428,PYSEC-2022-138",,,"PYSEC-2022-83,GHSA-77gp-3h4r-6428",
,lockfile,tensorflow-cpu,2.4.0,PyPI,PYSEC-2022-84,,"BIT-tensorflow-2022-23575,CVE-2022-23575,GHSA-c94w-c95p-phf8,PYSEC-2022-139",,,"PYSEC-2022-84,GHSA-c94w-c95p-phf8",
,lockfile,tensorflow-cpu,2.4.0,PyPI,PYSEC-2022-85,,"BIT-tensorflow-2022-23576,CVE-2022-23576,GHSA-wm93-f238-7v37,PYSEC-2022-140",,,"PYSEC-2022-85,GHSA-wm93-f238-7v37",
,lockfile,tensorflow-cpu,2.4.0,PyPI,PYSEC-2022-86,,"BIT-tensorflow-2022-23577,CVE-2022-23577,GHSA-8cxv-76p7-jxwr,PYSEC-2022-141",,,"PYSEC-2022-86,GHSA-8cxv-76p7-jxwr",
,lockfile,tensorflow-cpu,2.4.0,PyPI,PYSEC-2022-87,,"BIT-tensorflow-2022-23578,CVE-2022-23578,GHSA-8r7c-3cm2-3h8f,PYSEC-2022-142",,,"PYSEC-2022-87,GHSA-8r7c-3cm2-3h8f",
,lockfile,tensorflow-cpu,2.4.0,PyPI,PYSEC-2022-88,,"BIT-tensorflow-2022-23579,CVE-2022-23579,GHSA-5f2r-qp73-37mr,PYSEC-2022-143",,,"PYSEC-2022-88,GHSA-5f2r-qp73-37mr",
,lockfile,tensorflow-cpu,2.4.0,PyPI,PYSEC-2022-89,,"BIT-tensorflow-2022-23580,CVE-2022-23580,GHSA-627q-g293-49q7,PYSEC-2022-144",,,"PYSEC-2022-89,GHSA-627q-g293-49q7",
,lockfile,tensorflow-cpu,2.4.0,PyPI,PYSEC-2022-90,,"BIT-tensorflow-2022-23581,CVE-2022-23581,GHSA-fq86-3f29-px2c,PYSEC-2022-145",,,"PYSEC-2022-90,GHSA-fq86-3f29-px2c",
,lockfile,tensorflow-cpu,2.4.0,PyPI,PYSEC-2022-91,,"BIT-tensorflow-2022-23582,CVE-2022-23582,GHSA-4j82-5ccr-4r8v,PYSEC-2022-146",,,"PYSEC-2022-91,GHSA-4j82-5ccr-4r8v",
,lockfile,tensorflow-cpu,2.4.0,PyPI,PYSEC-2022-92,,"BIT-tensorflow-2022-23583,CVE-2022-23583,GHSA-gjqc-q9g6-q2j3,PYSEC-2022-147",,,"PYSEC-2022-92,GHSA-gjqc-q9g6-q2j3",
,lockfile,tensorflow-cpu,2.4.0,PyPI,PYSEC-2022-93,,"BIT-tensorflow-2022-23584,CVE-2022-23584,GHSA-24x4-6qmh-88qg,PYSEC-2022-148",,,"PYSEC-2022-93,GHSA-24x4-6qmh-88qg",
,lockfile,tensorflow-cpu,2.4.0,PyPI,PYSEC-2022-94,,"BIT-tensorflow-2022-23585,CVE-2022-23585,GHSA-fq6p-6334-8gr4,PYSEC-2022-149",,,"PYSEC-2022-94,GHSA-fq6p-6334-8gr4",
,lockfile,tensorflow-cpu,2.4.0,PyPI,PYSEC-2022-95,,"BIT-tensorflow-2022-23586,CVE-2022-23586,GHSA-43jf-985q-588j,PYSEC-2022-150",,,"PYSEC-2022-95,GHSA-43jf-985q-588j",
,lockfile,tensorflow-cpu,2.4.0,PyPI,PYSEC-2022-96,,"BIT-tensorflow-2022-23587,CVE-2022-23587,GHSA-8jj7-5vxc-pg2q,PYSEC-2022-151",,,"PYSEC-2022-96,GHSA-8jj7-5vxc-pg2q",
,lockfile,tensorflow-cpu,2.4.0,PyPI,PYSEC-2022-97,,"BIT-tensorflow-2022-23588,CVE-2022-23588,GHSA-fx5c-h9f6-rv7c,PYSEC-2022-152",,,"PYSEC-2022-97,GHSA-fx5c-h9f6-rv7c",
,lockfile,tensorflow-cpu,2.4.0,PyPI,PYSEC-2022-98,,"BIT-tensorflow-2022-23589,CVE-2022-23589,GHSA-9px9-73fg-3fqp,PYSEC-2022-153",,,"PYSEC-2022-98,GHSA-9px9-73fg-3fqp",
,lockfile,tensorflow-cpu,2.4.0,PyPI,PYSEC-2022-99,,"BIT-tensorflow-2022-23590,CVE-2022-23590,GHSA-pqrv-8r2f-7278,PYSEC-2022-154",,,"PYSEC-2022-99,GHSA-pqrv-8r2f-7278",
,lockfile,tensorflow-cpu,2.5.0,PyPI,GHSA-23hm-7w47-xw72,HIGH,"BIT-tensorflow-2022-21726,CVE-2022-21726,PYSEC-2022-105,PYSEC-2022-50",CWE-125,CVSS:4.0/AV:N/AC:L/AT:N/PR:L/UI:N/VC:H/VI:N/VA:H/SC:N/SI:N/SA:N,"PYSEC-2022-50,GHSA-23hm-7w47-xw72",
,lockfile,tensorflow-cpu,2.5.0,PyPI,GHSA-2475-53vw-vp25,MODERATE,"BIT-tensorflow-2022-35968,CVE-2022-35968",CWE-617,CVSS:3.1/AV:N/AC:H/PR:N/UI:N/S:U/C:N/I:N/A:H,GHSA-2475-53vw-vp25,
,lockfile,tensorflow-cpu,2.5.0,PyPI,GHSA-247x-2f9f-5wp7,HIGH,"BIT-tensorflow-2022-23591,CVE-2022-23591,PYSEC-2022-100,PYSEC-2022-155","CWE-400,CWE-674",CVSS:4.0/AV:N/AC:L/AT:N/PR:L/UI:N/VC:N/VI:N/VA:H/SC:N/SI:N/SA:N,"PYSEC-2022-100,GHSA-247x-2f9f-5wp7",
,lockfile,tensorflow-cpu,2.5.0,PyPI,GHSA-24x4-6qmh-88qg,HIGH,"BIT-tensorflow-2022-23584,CVE-2022-23584,PYSEC-2022-148,PYSEC-2022-93",CWE-416,CVSS:3.1/AV:N/AC:L/PR:L/UI:N/S:U/C:L/I:L/A:H,"PYSEC-2022-93,GHSA-24x4-6qmh-88qg",
,lockfile,tensorflow-cpu,2.5.0,PyPI,GHSA-278g-rq84-9hmg,MODERATE,"BIT-tensorflow-2021-37673,CVE-2021-37673,PYSEC-2021-295,PYSEC-2021-586,PYSEC-2021-784",CWE-20,CVSS:4.0/AV:L/AC:L/AT:N/PR:L/UI:N/VC:N/VI:N/VA:H/SC:N/SI:N/SA:N,GHSA-278g-rq84-9hmg,
,lockfile,tensorflow-cpu,2.5.0,PyPI,GHSA-27j5-4p9v-pp67,MODERATE,"BIT-tensorflow-2021-37644,CVE-2021-37644,PYSEC-2021-266,PYSEC-2021-557,PYSEC-2021-755",CWE-617,CVSS:4.0/AV:L/AC:L/AT:P/PR:L/UI:N/VC:N/VI:N/VA:H/SC:N/SI:N/SA:N,GHSA-27j5-4p9v-pp67,
,lockfile,tensorflow-cpu,2.5.0,PyPI,GHSA-27qf-jwm8-g7f3,MODERATE,"BIT-tensorflow-2021-37691,CVE-2021-37691,PYSEC-2021-313,PYSEC-2021-604,PYSEC-2021-802",CWE-369,CVSS:4.0/AV:L/AC:L/AT:N/PR:L/UI:N/VC:N/VI:N/VA:H/SC:N/SI:N/SA:N,GHSA-27qf-jwm8-g7f3,
,lockfile,tensorflow-cpu,2.5.0,PyPI,GHSA-27rc-728f-x5w2,MODERATE,"BIT-tensorflow-2022-41899,CVE-2022-41899","CWE-20,CWE-617",CVSS:3.1/AV:N/AC:H/PR:L/UI:R/S:U/C:N/I:N/A:H,GHSA-27rc-728f-x5w2,
,lockfile,tensorflow-cpu,2.5.0,PyPI,GHSA-2p25-55c9-h58q,MODERATE,"BIT-tensorflow-2021-41198,CVE-2021-41198,PYSEC-2021-391,PYSEC-2021-608,PYSEC-2021-806",CWE-190,CVSS:4.0/AV:L/AC:L/AT:N/PR:L/UI:N/VC:N/VI:N/VA:H/SC:N/SI:N/SA:N,"PYSEC-2021-608,GHSA-2p25-55c9-h58q",
,lockfile,tensorflow-cpu,2.5.0,PyPI,GHSA-2p9q-h29j-3f5v,MODERATE,"BIT-tensorflow-2022-29193,CVE-2022-29193",CWE-20,CVSS:3.1/AV:L/AC:L/PR:L/UI:N/S:U/C:N/I:N/A:H,GHSA-2p9q-h29j-3f5v,
,lockfile,tensorflow-cpu,2.5.0,PyPI,GHSA-2r2f-g8mw-9gvr,HIGH,"BIT-tensorflow-2022-29208,CVE-2022-29208",CWE-787,CVSS:3.1/AV:L/AC:L/PR:L/UI:N/S:U/C:N/I:H/A:H,GHSA-2r2f-g8mw-9gvr,
,lockfile,tensorflow-cpu,2.5.0,PyPI,GHSA-2r8p-fg3c-wcj4,HIGH,"BIT-tensorflow-2021-37654,CVE-2021-37654,PYSEC-2021-276,PYSEC-2021-567,PYSEC-2021-765",CWE-125,CVSS:4.0/AV:L/AC:L/AT:N/PR:L/UI:N/VC:H/VI:L/VA:H/SC:N/SI:N/SA:N,GHSA-2r8p-fg3c-wcj4,
,lockfile,tensorflow-cpu,2.5.0,PyPI,GHSA-2vv3-56qg-g2cf,MODERATE,"BIT-tensorflow-2022-29200,CVE-2022-29200","CWE-1284,CWE-20",CVSS:3.1/AV:L/AC:L/PR:L/UI:N/S:U/C:N/I:N/A:H,GHSA-2vv3-56qg-g2cf,
,lockfile,tensorflow-cpu,2.5.0,PyPI,GHSA-2wmv-37vq-52g5,MODERATE,"BIT-tensorflow-2021-37668,CVE-2021-37668,PYSEC-2021-290,PYSEC-2021-581,PYSEC-2021-779",CWE-369,CVSS:4.0/AV:L/AC:L/AT:N/PR:L/UI:N/VC:N/VI:N/VA:H/SC:N/SI:N/SA:N,GHSA-2wmv-37vq-52g5,
,lockfile,tensorflow-cpu,2.5.0,PyPI,GHSA-34f9-hjfq-rr8j,HIGH,"BIT-tensorflow-2022-21729,CVE-2022-21729,PYSEC-2022-108,PYSEC-2022-53",CWE-190,CVSS:4.0/AV:N/AC:L/AT:N/PR:L/UI:N/VC:N/VI:N/VA:H/SC:N/SI:N/SA:N,"PYSEC-2022-53,GHSA-34f9-hjfq-rr8j",
,lockfile,tensorflow-cpu,2.5.0,PyPI,GHSA-368v-7v32-52fx,MODERATE,"BIT-tensorflow-2022-41907,CVE-2022-41907",CWE-131,CVSS:3.1/AV:N/AC:H/PR:L/UI:R/S:U/C:N/I:N/A:H,GHSA-368v-7v32-52fx,
,lockfile,tensorflow-cpu,2.5.0,PyPI,GHSA-374m-jm66-3vj8,MODERATE,"BIT-tensorflow-2021-41226,CVE-2021-41226,PYSEC-2021-418,PYSEC-2021-635,PYSEC-2021-833",CWE-125,CVSS:4.0/AV:L/AC:L/AT:N/PR:L/UI:N/VC:H/VI:N/VA:H/SC:N/SI:N/SA:N,"PYSEC-2021-635,GHSA-374m-jm66-3vj8",
,lockfile,tensorflow-cpu,2.5.0,PyPI,GHSA-37jf-mjv6-xfqw,MODERATE,"BIT-tensorflow-2022-35999,CVE-2022-35999",CWE-617,CVSS:3.1/AV:N/AC:H/PR:N/UI:N/S:U/C:N/I:N/A:H,GHSA-37jf-mjv6-xfqw,
,lockfile,tensorflow-cpu,2.5.0,PyPI,GHSA-397c-5g2j-qxpv,MODERATE,"BIT-tensorflow-2022-35982,CVE-2022-35982",CWE-20,CVSS:3.1/AV:N/AC:H/PR:N/UI:N/S:U/C:N/I:N/A:H,GHSA-397c-5g2j-qxpv,
,lockfile,tensorflow-cpu,2.5.0,PyPI,GHSA-3ff2-r28g-w7h9,MODERATE,"BIT-tensorflow-2021-41216,CVE-2021-41216,PYSEC-2021-408,PYSEC-2021-625,PYSEC-2021-823","CWE-120,CWE-787",CVSS:3.1/AV:L/AC:L/PR:L/UI:N/S:U/C:N/I:N/A:H,"PYSEC-2021-625,GHSA-3ff2-r28g-w7h9",
,lockfile,tensorflow-cpu,2.5.0,PyPI,GHSA-3hxh-8cp2-g4hg,MODERATE,"BIT-tensorflow-2021-37690,CVE-2021-37690,PYSEC-2021-312,PYSEC-2021-603,PYSEC-2021-801",CWE-416,CVSS:4.0/AV:L/AC:L/AT:N/PR:L/UI:N/VC:L/VI:L/VA:H/SC:N/SI:N/SA:N,GHSA-3hxh-8cp2-g4hg,
,lockfile,tensorflow-cpu,2.5.0,PyPI,GHSA-3mw4-6rj6-74g5,HIGH,"BIT-tensorflow-2022-21739,CVE-2022-21739,PYSEC-2022-118,PYSEC-2022-63",CWE-476,CVSS:4.0/AV:N/AC:L/AT:N/PR:L/UI:N/VC:N/VI:N/VA:H/SC:N/SI:N/SA:N,"PYSEC-2022-63,GHSA-3mw4-6rj6-74g5",
,lockfile,tensorflow-cpu,2.5.0,PyPI,GHSA-3rcw-9p9x-582v,MODERATE,"BIT-tensorflow-2021-41228,CVE-2021-41228,PYSEC-2021-420,PYSEC-2021-637,PYSEC-2021-835","CWE-78,CWE-94",CVSS:4.0/AV:L/AC:L/AT:P/PR:H/UI:N/VC:N/VI:N/VA:N/SC:H/SI:H/SA:H,"PYSEC-2021-637,GHSA-3rcw-9p9x-582v",
,lockfile,tensorflow-cpu,2.5.0,PyPI,GHSA-428x-9xc2-m8mj,HIGH,"BIT-tensorflow-2022-21741,CVE-2022-21741,PYSEC-2022-120,PYSEC-2022-65",CWE-369,CVSS:4.0/AV:N/AC:L/AT:N/PR:L/UI:N/VC:N/VI:N/VA:H/SC:N/SI:N/SA:N,"PYSEC-2022-65,GHSA-428x-9xc2-m8mj",
,lockfile,tensorflow-cpu,2.5.0,PyPI,GHSA-43jf-985q-588j,MODERATE,"BIT-tensorflow-2022-23586,CVE-2022-23586,PYSEC-2022-150,PYSEC-2022-95",CWE-617,CVSS:3.1/AV:N/AC:L/PR:L/UI:N/S:U/C:N/I:N/A:H,"PYSEC-2022-95,GHSA-43jf-985q-588j",
,lockfile,tensorflow-cpu,2.5.0,PyPI,GHSA-43q8-3fv7-pr5x,HIGH,,CWE-354,CVSS:3.1/AV:L/AC:H/PR:L/UI:N/S:U/C:H/I:H/A:H,GHSA-43q8-3fv7-pr5x,
,lockfile,tensorflow-cpu,2.5.0,PyPI,GHSA-44qp-9wwf-734r,HIGH,"BIT-tensorflow-2022-21740,CVE-2022-21740,PYSEC-2022-119,PYSEC-2022-64","CWE-120,CWE-787",CVSS:4.0/AV:N/AC:L/AT:N/PR:L/UI:N/VC:L/VI:L/VA:H/SC:N/SI:N/SA:N,"PYSEC-2022-64,GHSA-44qp-9wwf-734r",
,lockfile,tensorflow-cpu,2.5.0,PyPI,GHSA-49rq-hwc3-x77w,HIGH,"BIT-tensorflow-2023-25670,CVE-2023-25670",CWE-476,CVSS:3.1/AV:N/AC:L/PR:N/UI:N/S:U/C:N/I:N/A:H,GHSA-49rq-hwc3-x77w,
,lockfile,tensorflow-cpu,2.5.0,PyPI,GHSA-49rx-x2rw-pc6f,MODERATE,"BIT-tensorflow-2021-41205,CVE-2021-41205,PYSEC-2021-398,PYSEC-2021-615,PYSEC-2021-813",CWE-125,CVSS:4.0/AV:L/AC:L/AT:N/PR:L/UI:N/VC:H/VI:N/VA:H/SC:N/SI:N/SA:N,"PYSEC-2021-615,GHSA-49rx-x2rw-pc6f",
,lockfile,tensorflow-cpu,2.5.0,PyPI,GHSA-4c4g-crqm-xrxw,MODERATE,"BIT-tensorflow-2021-37682,CVE-2021-37682,PYSEC-2021-304,PYSEC-2021-595,PYSEC-2021-793",CWE-908,CVSS:4.0/AV:L/AC:L/AT:N/PR:L/UI:N/VC:N/VI:L/VA:L/SC:N/SI:N/SA:N,GHSA-4c4g-crqm-xrxw,
,lockfile,tensorflow-cpu,2.5.0,PyPI,GHSA-4f99-p9c2-3j8x,HIGH,"BIT-tensorflow-2021-41219,CVE-2021-41219,PYSEC-2021-411,PYSEC-2021-628,PYSEC-2021-826","CWE-125,CWE-824",CVSS:3.1/AV:L/AC:L/PR:L/UI:N/S:U/C:H/I:H/A:H,"PYSEC-2021-628,GHSA-4f99-p9c2-3j8x",
,lockfile,tensorflow-cpu,2.5.0,PyPI,GHSA-4hvf-hxvg-f67v,HIGH,"BIT-tensorflow-2022-23560,CVE-2022-23560,PYSEC-2022-124,PYSEC-2022-69","CWE-125,CWE-787",CVSS:4.0/AV:N/AC:L/AT:N/PR:L/UI:N/VC:H/VI:H/VA:H/SC:N/SI:N/SA:N,"PYSEC-2022-69,GHSA-4hvf-hxvg-f67v",
,lockfile,tensorflow-cpu,2.5.0,PyPI,GHSA-4j82-5ccr-4r8v,MODERATE,"BIT-tensorflow-2022-23582,CVE-2022-23582,PYSEC-2022-146,PYSEC-2022-91",CWE-617,CVSS:3.1/AV:N/AC:L/PR:L/UI:N/S:U/C:N/I:N/A:H,"PYSEC-2022-91,GHSA-4j82-5ccr-4r8v",
,lockfile,tensorflow-cpu,2.5.0,PyPI,GHSA-4pc4-m9mj-v2r9,MODERATE,"BIT-tensorflow-2022-35972,CVE-2022-35972",CWE-20,CVSS:3.1/AV:N/AC:H/PR:N/UI:N/S:U/C:N/I:N/A:H,GHSA-4pc4-m9mj-v2r9,
,lockfile,tensorflow-cpu,2.5.0,PyPI,GHSA-4v5p-v5h9-6xjx,HIGH,"BIT-tensorflow-2022-23565,CVE-2022-23565,PYSEC-2022-129,PYSEC-2022-74",CWE-617,CVSS:4.0/AV:N/AC:L/AT:N/PR:L/UI:N/VC:N/VI:N/VA:H/SC:N/SI:N/SA:N,"PYSEC-2022-74,GHSA-4v5p-v5h9-6xjx",
,lockfile,tensorflow-cpu,2.5.0,PyPI,GHSA-4w68-4x85-mjj9,MODERATE,"BIT-tensorflow-2022-35966,CVE-2022-35966",CWE-20,CVSS:3.1/AV:N/AC:H/PR:N/UI:N/S:U/C:N/I:N/A:H,GHSA-4w68-4x85-mjj9,
,lockfile,tensorflow-cpu,2.5.0,PyPI,GHSA-4xfp-4pfp-89wg,MODERATE,"BIT-tensorflow-2021-37656,CVE-2021-37656,PYSEC-2021-278,PYSEC-2021-569,PYSEC-2021-767",CWE-824,CVSS:4.0/AV:L/AC:L/AT:N/PR:L/UI:N/VC:N/VI:H/VA:H/SC:N/SI:N/SA:N,GHSA-4xfp-4pfp-89wg,
,lockfile,tensorflow-cpu,2.5.0,PyPI,GHSA-54ch-gjq5-4976,MODERATE,"BIT-tensorflow-2022-29205,CVE-2022-29205","CWE-476,CWE-908",CVSS:3.1/AV:L/AC:L/PR:L/UI:N/S:U/C:N/I:N/A:H,GHSA-54ch-gjq5-4976,
,lockfile,tensorflow-cpu,2.5.0,PyPI,GHSA-54pp-c6pp-7fpx,MODERATE,"BIT-tensorflow-2022-41886,CVE-2022-41886",CWE-131,CVSS:3.1/AV:N/AC:H/PR:L/UI:R/S:U/C:N/I:N/A:H,GHSA-54pp-c6pp-7fpx,
,lockfile,tensorflow-cpu,2.5.0,PyPI,GHSA-558h-mq8x-7q9g,HIGH,"BIT-tensorflow-2023-25665,CVE-2023-25665",CWE-476,CVSS:3.1/AV:N/AC:L/PR:N/UI:N/S:U/C:N/I:N/A:H,GHSA-558h-mq8x-7q9g,
,lockfile,tensorflow-cpu,2.5.0,PyPI,GHSA-57wx-m983-2f88,CRITICAL,"BIT-tensorflow-2021-41208,CVE-2021-41208,PYSEC-2021-400,PYSEC-2021-617,PYSEC-2021-815","CWE-476,CWE-824",CVSS:3.1/AV:L/AC:L/PR:N/UI:N/S:C/C:H/I:H/A:H,"PYSEC-2021-617,GHSA-57wx-m983-2f88",
,lockfile,tensorflow-cpu,2.5.0,PyPI,GHSA-5889-7v45-q28m,MODERATE,"BIT-tensorflow-2022-29213,CVE-2022-29213","CWE-20,CWE-617",CVSS:3.1/AV:L/AC:L/PR:L/UI:N/S:U/C:N/I:N/A:H,GHSA-5889-7v45-q28m,
,lockfile,tensorflow-cpu,2.5.0,PyPI,GHSA-5crj-c72x-m7gq,MODERATE,"BIT-tensorflow-2021-41217,CVE-2021-41217,PYSEC-2021-409,PYSEC-2021-626,PYSEC-2021-824",CWE-476,CVSS:3.1/AV:L/AC:L/PR:L/UI:N/S:U/C:N/I:N/A:H,"PYSEC-2021-626,GHSA-5crj-c72x-m7gq",
,lockfile,tensorflow-cpu,2.5.0,PyPI,GHSA-5f2r-qp73-37mr,MODERATE,"BIT-tensorflow-2022-23579,CVE-2022-23579,PYSEC-2022-143,PYSEC-2022-88",CWE-617,CVSS:3.1/AV:N/AC:L/PR:L/UI:N/S:U/C:N/I:N/A:H,"PYSEC-2022-88,GHSA-5f2r-qp73-37mr",
,lockfile,tensorflow-cpu,2.5.0,PyPI,GHSA-5hj3-vjjf-f5m7,MODERATE,"BIT-tensorflow-2021-37672,CVE-2021-37672,PYSEC-2021-294,PYSEC-2021-585,PYSEC-2021-783",CWE-125,CVSS:4.0/AV:L/AC:L/AT:N/PR:L/UI:N/VC:H/VI:N/VA:N/SC:N/SI:N/SA:N,GHSA-5hj3-vjjf-f5m7,
,lockfile,tensorflow-cpu,2.5.0,PyPI,GHSA-5hx2-qx8j-qjqm,MODERATE,"BIT-tensorflow-2021-41199,CVE-2021-41199,PYSEC-2021-392,PYSEC-2021-609,PYSEC-2021-807",CWE-190,CVSS:3.1/AV:L/AC:L/PR:L/UI:N/S:U/C:N/I:N/A:H,"PYSEC-2021-609,GHSA-5hx2-qx8j-qjqm",
,lockfile,tensorflow-cpu,2.5.0,PyPI,GHSA-5qw5-89mw-wcg2,HIGH,"BIT-tensorflow-2022-23566,CVE-2022-23566,PYSEC-2022-130,PYSEC-2022-75",CWE-787,CVSS:4.0/AV:N/AC:L/AT:N/PR:L/UI:N/VC:H/VI:H/VA:H/SC:N/SI:N/SA:N,"PYSEC-2022-75,GHSA-5qw5-89mw-wcg2",
,lockfile,tensorflow-cpu,2.5.0,PyPI,GHSA-5v77-j66x-4c4g,MODERATE,"BIT-tensorflow-2022-29196,CVE-2022-29196","CWE-1284,CWE-20",CVSS:3.1/AV:L/AC:L/PR:L/UI:N/S:U/C:N/I:N/A:H,GHSA-5v77-j66x-4c4g,
,lockfile,tensorflow-cpu,2.5.0,PyPI,GHSA-5w96-866f-6rm8,HIGH,"BIT-tensorflow-2023-27579,CVE-2023-27579",CWE-697,CVSS:3.1/AV:N/AC:L/PR:N/UI:N/S:U/C:N/I:N/A:H,GHSA-5w96-866f-6rm8,
,lockfile,tensorflow-cpu,2.5.0,PyPI,GHSA-5wpj-c6f7-24x8,MODERATE,"BIT-tensorflow-2022-29207,CVE-2022-29207","CWE-20,CWE-475",CVSS:3.1/AV:L/AC:L/PR:L/UI:N/S:U/C:N/I:N/A:H,GHSA-5wpj-c6f7-24x8,
,lockfile,tensorflow-cpu,2.5.0,PyPI,GHSA-5xwc-mrhx-5g3m,MODERATE,"BIT-tensorflow-2021-37657,CVE-2021-37657,PYSEC-2021-279,PYSEC-2021-570,PYSEC-2021-768",CWE-824,CVSS:4.0/AV:L/AC:L/AT:N/PR:L/UI:N/VC:N/VI:H/VA:H/SC:N/SI:N/SA:N,GHSA-5xwc-mrhx-5g3m,
,lockfile,tensorflow-cpu,2.5.0,PyPI,GHSA-627q-g293-49q7,MODERATE,"BIT-tensorflow-2022-23580,CVE-2022-23580,PYSEC-2022-144,PYSEC-2022-89","CWE-1284,CWE-400",CVSS:3.1/AV:N/AC:L/PR:L/UI:N/S:U/C:N/I:N/A:H,"PYSEC-2022-89,GHSA-627q-g293-49q7",
,lockfile,tensorflow-cpu,2.5.0,PyPI,GHSA-6445-fm66-fvq2,HIGH,"BIT-tensorflow-2022-23568,CVE-2022-23568,PYSEC-2022-132,PYSEC-2022-77",CWE-190,CVSS:4.0/AV:N/AC:L/AT:N/PR:L/UI:N/VC:N/VI:N/VA:H/SC:N/SI:N/SA:N,"PYSEC-2022-77,GHSA-6445-fm66-fvq2",
,lockfile,tensorflow-cpu,2.5.0,PyPI,GHSA-647v-r7qq-24fh,HIGH,"BIT-tensorflow-2023-25673,CVE-2023-25673",CWE-697,CVSS:3.1/AV:N/AC:L/PR:N/UI:N/S:U/C:N/I:N/A:H,GHSA-647v-r7qq-24fh,
,lockfile,tensorflow-cpu,2.5.0,PyPI,GHSA-64jg-wjww-7c5w,HIGH,"BIT-tensorflow-2023-25663,CVE-2023-25663",CWE-476,CVSS:3.1/AV:N/AC:L/PR:N/UI:N/S:U/C:N/I:N/A:H,GHSA-64jg-wjww-7c5w,
,lockfile,tensorflow-cpu,2.5.0,PyPI,GHSA-66vq-54fq-6jvv,MODERATE,"BIT-tensorflow-2022-41891,CVE-2022-41891",CWE-20,CVSS:3.1/AV:N/AC:H/PR:L/UI:R/S:U/C:N/I:N/A:H,GHSA-66vq-54fq-6jvv,
,lockfile,tensorflow-cpu,2.5.0,PyPI,GHSA-67pf-62xr-q35m,MODERATE,"BIT-tensorflow-2022-41893,CVE-2022-41893",CWE-617,CVSS:3.1/AV:N/AC:H/PR:L/UI:R/S:U/C:N/I:N/A:H,GHSA-67pf-62xr-q35m,
,lockfile,tensorflow-cpu,2.5.0,PyPI,GHSA-689c-r7h2-fv9v,MODERATE,"BIT-tensorflow-2022-35973,CVE-2022-35973",CWE-20,CVSS:3.1/AV:N/AC:H/PR:N/UI:N/S:U/C:N/I:N/A:H,GHSA-689c-r7h2-fv9v,
,lockfile,tensorflow-cpu,2.5.0,PyPI,GHSA-68v3-g9cm-rmm6,HIGH,"BIT-tensorflow-2023-25658,CVE-2023-25658",CWE-125,CVSS:3.1/AV:N/AC:L/PR:N/UI:N/S:U/C:N/I:N/A:H,GHSA-68v3-g9cm-rmm6,
,lockfile,tensorflow-cpu,2.5.0,PyPI,GHSA-6gmv-pjp9-p8w8,HIGH,"BIT-tensorflow-2022-21728,CVE-2022-21728,PYSEC-2022-107,PYSEC-2022-52",CWE-125,CVSS:4.0/AV:N/AC:L/AT:N/PR:L/UI:N/VC:H/VI:N/VA:H/SC:N/SI:N/SA:N,"PYSEC-2022-52,GHSA-6gmv-pjp9-p8w8",
,lockfile,tensorflow-cpu,2.5.0,PyPI,GHSA-6gv8-p3vj-pxvr,HIGH,"BIT-tensorflow-2021-37649,CVE-2021-37649,PYSEC-2021-271,PYSEC-2021-562,PYSEC-2021-760",CWE-476,CVSS:4.0/AV:L/AC:L/AT:N/PR:N/UI:N/VC:H/VI:H/VA:H/SC:N/SI:N/SA:N,GHSA-6gv8-p3vj-pxvr,
,lockfile,tensorflow-cpu,2.5.0,PyPI,GHSA-6hg6-5c2q-7rcr,HIGH,"BIT-tensorflow-2023-25664,CVE-2023-25664","CWE-120,CWE-122",CVSS:3.1/AV:N/AC:L/PR:N/UI:N/S:U/C:N/I:N/A:H,GHSA-6hg6-5c2q-7rcr,
,lockfile,tensorflow-cpu,2.5.0,PyPI,GHSA-6hpv-v2rx-c5g6,MODERATE,"BIT-tensorflow-2021-41209,CVE-2021-41209,PYSEC-2021-401,PYSEC-2021-618,PYSEC-2021-816",CWE-369,CVSS:3.1/AV:L/AC:L/PR:L/UI:N/S:U/C:N/I:N/A:H,"PYSEC-2021-618,GHSA-6hpv-v2rx-c5g6",
,lockfile,tensorflow-cpu,2.5.0,PyPI,GHSA-6p5r-g9mq-ggh2,MODERATE,"BIT-tensorflow-2021-37658,CVE-2021-37658,PYSEC-2021-280,PYSEC-2021-571,PYSEC-2021-769",CWE-824,CVSS:4.0/AV:L/AC:L/AT:N/PR:L/UI:N/VC:N/VI:H/VA:H/SC:N/SI:N/SA:N,GHSA-6p5r-g9mq-ggh2,
,lockfile,tensorflow-cpu,2.5.0,PyPI,GHSA-6wfh-89q8-44jq,HIGH,"BIT-tensorflow-2023-25676,CVE-2023-25676",CWE-476,CVSS:3.1/AV:N/AC:L/PR:N/UI:N/S:U/C:N/I:N/A:H,GHSA-6wfh-89q8-44jq,
,lockfile,tensorflow-cpu,2.5.0,PyPI,GHSA-6x99-gv2v-q76v,MODERATE,"BIT-tensorflow-2022-41888,CVE-2022-41888",CWE-20,CVSS:3.1/AV:N/AC:H/PR:L/UI:R/S:U/C:N/I:N/A:H,GHSA-6x99-gv2v-q76v,
,lockfile,tensorflow-cpu,2.5.0,PyPI,GHSA-75c9-jrh4-79mc,HIGH,"BIT-tensorflow-2022-29216,CVE-2022-29216",CWE-94,CVSS:3.1/AV:L/AC:L/PR:L/UI:N/S:U/C:H/I:H/A:H,GHSA-75c9-jrh4-79mc,
,lockfile,tensorflow-cpu,2.5.0,PyPI,GHSA-762h-vpvw-3rcx,MODERATE,"BIT-tensorflow-2022-41885,CVE-2022-41885",CWE-131,CVSS:3.1/AV:N/AC:H/PR:L/UI:R/S:U/C:N/I:N/A:H,GHSA-762h-vpvw-3rcx,
,lockfile,tensorflow-cpu,2.5.0,PyPI,GHSA-77gp-3h4r-6428,HIGH,"BIT-tensorflow-2022-23574,CVE-2022-23574,PYSEC-2022-138,PYSEC-2022-83","CWE-125,CWE-787",CVSS:4.0/AV:N/AC:L/AT:N/PR:L/UI:N/VC:H/VI:H/VA:H/SC:N/SI:N/SA:N,"PYSEC-2022-83,GHSA-77gp-3h4r-6428",
,lockfile,tensorflow-cpu,2.5.0,PyPI,GHSA-786j-5qwq-r36x,MODERATE,"BIT-tensorflow-2021-41204,CVE-2021-41204,PYSEC-2021-397,PYSEC-2021-614,PYSEC-2021-812",CWE-824,CVSS:4.0/AV:L/AC:L/AT:N/PR:L/UI:N/VC:N/VI:N/VA:H/SC:N/SI:N/SA:N,"PYSEC-2021-614,GHSA-786j-5qwq-r36x",
,lockfile,tensorflow-cpu,2.5.0,PyPI,GHSA-79h2-q768-fpxr,MODERATE,"BIT-tensorflow-2022-36027,CVE-2022-36027",CWE-20,CVSS:3.1/AV:N/AC:H/PR:N/UI:N/S:U/C:N/I:N/A:H,GHSA-79h2-q768-fpxr,
,lockfile,tensorflow-cpu,2.5.0,PyPI,GHSA-7fvx-3jfc-2cpc,HIGH,"BIT-tensorflow-2021-37655,CVE-2021-37655,PYSEC-2021-277,PYSEC-2021-568,PYSEC-2021-766",CWE-125,CVSS:4.0/AV:L/AC:L/AT:N/PR:L/UI:N/VC:H/VI:L/VA:H/SC:N/SI:N/SA:N,GHSA-7fvx-3jfc-2cpc,
,lockfile,tensorflow-cpu,2.5.0,PyPI,GHSA-7ghq-fvr3-pj2x,MODERATE,"BIT-tensorflow-2021-37674,CVE-2021-37674,PYSEC-2021-296,PYSEC-2021-587,PYSEC-2021-785","CWE-1284,CWE-20",CVSS:4.0/AV:L/AC:L/AT:N/PR:L/UI:N/VC:N/VI:N/VA:H/SC:N/SI:N/SA:N,GHSA-7ghq-fvr3-pj2x,
,lockfile,tensorflow-cpu,2.5.0,PyPI,GHSA-7j3m-8g3c-9qqq,MODERATE,"BIT-tensorflow-2022-36014,CVE-2022-36014",CWE-476,CVSS:3.1/AV:N/AC:H/PR:N/UI:N/S:U/C:N/I:N/A:H,GHSA-7j3m-8g3c-9qqq,
,lockfile,tensorflow-cpu,2.5.0,PyPI,GHSA-7jvm-xxmr-v5cw,HIGH,"BIT-tensorflow-2023-25662,CVE-2023-25662",CWE-190,CVSS:3.1/AV:N/AC:L/PR:N/UI:N/S:U/C:N/I:N/A:H,GHSA-7jvm-xxmr-v5cw,
,lockfile,tensorflow-cpu,2.5.0,PyPI,GHSA-7pxj-m4jf-r6h2,HIGH,"BIT-tensorflow-2021-41203,CVE-2021-41203,PYSEC-2021-396,PYSEC-2021-613,PYSEC-2021-811","CWE-190,CWE-345",CVSS:4.0/AV:L/AC:L/AT:N/PR:L/UI:N/VC:H/VI:H/VA:H/SC:N/SI:N/SA:N,"PYSEC-2021-613,GHSA-7pxj-m4jf-r6h2",
,lockfile,tensorflow-cpu,2.5.0,PyPI,GHSA-7r94-xv9v-63jw,MODERATE,"BIT-tensorflow-2021-41225,CVE-2021-41225,PYSEC-2021-417,PYSEC-2021-634,PYSEC-2021-832",CWE-908,CVSS:4.0/AV:L/AC:L/AT:N/PR:L/UI:N/VC:N/VI:N/VA:H/SC:N/SI:N/SA:N,"PYSEC-2021-634,GHSA-7r94-xv9v-63jw",
,lockfile,tensorflow-cpu,2.5.0,PyPI,GHSA-7v94-64hj-m82h,MODERATE,"BIT-tensorflow-2021-41207,CVE-2021-41207,PYSEC-2021-399,PYSEC-2021-616,PYSEC-2021-814",CWE-369,CVSS:4.0/AV:L/AC:L/AT:N/PR:L/UI:N/VC:N/VI:N/VA:H/SC:N/SI:N/SA:N,"PYSEC-2021-616,GHSA-7v94-64hj-m82h",
,lockfile,tensorflow-cpu,2.5.0,PyPI,GHSA-7x4v-9gxg-9hwj,HIGH,"BIT-tensorflow-2023-25675,CVE-2023-25675",CWE-697,CVSS:3.1/AV:N/AC:L/PR:N/UI:N/S:U/C:N/I:N/A:H,GHSA-7x4v-9gxg-9hwj,
,lockfile,tensorflow-cpu,2.5.0,PyPI,GHSA-7xwj-5r4v-429p,HIGH,"BIT-tensorflow-2021-37681,CVE-2021-37681,PYSEC-2021-303,PYSEC-2021-594,PYSEC-2021-792",CWE-476,CVSS:4.0/AV:L/AC:L/AT:N/PR:L/UI:N/VC:H/VI:H/VA:H/SC:N/SI:N/SA:N,GHSA-7xwj-5r4v-429p,
,lockfile,tensorflow-cpu,2.5.0,PyPI,GHSA-828c-5j5q-vrjq,MODERATE,"BIT-tensorflow-2022-36013,CVE-2022-36013",CWE-476,CVSS:3.1/AV:N/AC:H/PR:N/UI:N/S:U/C:N/I:N/A:H,GHSA-828c-5j5q-vrjq,
,lockfile,tensorflow-cpu,2.5.0,PyPI,GHSA-84jm-4cf3-9jfm,MODERATE,"BIT-tensorflow-2022-35963,CVE-2022-35963",CWE-617,CVSS:3.1/AV:N/AC:H/PR:N/UI:N/S:U/C:N/I:N/A:H,GHSA-84jm-4cf3-9jfm,
,lockfile,tensorflow-cpu,2.5.0,PyPI,GHSA-87v6-crgm-2gfj,HIGH,"BIT-tensorflow-2022-21735,CVE-2022-21735,PYSEC-2022-114,PYSEC-2022-59",CWE-369,CVSS:4.0/AV:N/AC:L/AT:N/PR:L/UI:N/VC:N/VI:N/VA:H/SC:N/SI:N/SA:N,"PYSEC-2022-59,GHSA-87v6-crgm-2gfj",
,lockfile,tensorflow-cpu,2.5.0,PyPI,GHSA-8cxv-76p7-jxwr,HIGH,"BIT-tensorflow-2022-23577,CVE-2022-23577,PYSEC-2022-141,PYSEC-2022-86",CWE-476,CVSS:4.0/AV:N/AC:L/AT:N/PR:L/UI:N/VC:N/VI:N/VA:H/SC:N/SI:N/SA:N,"PYSEC-2022-86,GHSA-8cxv-76p7-jxwr",
,lockfile,tensorflow-cpu,2.5.0,PyPI,GHSA-8fvv-46hw-vpg3,MODERATE,"BIT-tensorflow-2022-41887,CVE-2022-41887",CWE-131,CVSS:3.1/AV:N/AC:H/PR:L/UI:R/S:U/C:N/I:N/A:H,GHSA-8fvv-46hw-vpg3,
,lockfile,tensorflow-cpu,2.5.0,PyPI,GHSA-8jj7-5vxc-pg2q,HIGH,"BIT-tensorflow-2022-23587,CVE-2022-23587,PYSEC-2022-151,PYSEC-2022-96",CWE-190,CVSS:3.1/AV:N/AC:L/PR:L/UI:N/S:U/C:H/I:H/A:H,"PYSEC-2022-96,GHSA-8jj7-5vxc-pg2q",
,lockfile,tensorflow-cpu,2.5.0,PyPI,GHSA-8r7c-3cm2-3h8f,MODERATE,"BIT-tensorflow-2022-23578,CVE-2022-23578,PYSEC-2022-142,PYSEC-2022-87",CWE-401,CVSS:4.0/AV:N/AC:L/AT:N/PR:L/UI:N/VC:N/VI:N/VA:L/SC:N/SI:N/SA:N,"PYSEC-2022-87,GHSA-8r7c-3cm2-3h8f",
,lockfile,tensorflow-cpu,2.5.0,PyPI,GHSA-8rcj-c8pj-v3m3,HIGH,"BIT-tensorflow-2022-23564,CVE-2022-23564,PYSEC-2022-128,PYSEC-2022-73",CWE-617,CVSS:4.0/AV:N/AC:L/AT:N/PR:L/UI:N/VC:N/VI:N/VA:H/SC:N/SI:N/SA:N,"PYSEC-2022-73,GHSA-8rcj-c8pj-v3m3",
,lockfile,tensorflow-cpu,2.5.0,PyPI,GHSA-8w5g-3wcv-9g2j,MODERATE,"BIT-tensorflow-2022-41880,CVE-2022-41880",CWE-125,CVSS:3.1/AV:N/AC:L/PR:L/UI:R/S:U/C:L/I:L/A:H,GHSA-8w5g-3wcv-9g2j,
,lockfile,tensorflow-cpu,2.5.0,PyPI,GHSA-8wwm-6264-x792,MODERATE,"BIT-tensorflow-2022-29212,CVE-2022-29212",CWE-20,CVSS:3.1/AV:L/AC:L/PR:L/UI:N/S:U/C:N/I:N/A:H,GHSA-8wwm-6264-x792,
,lockfile,tensorflow-cpu,2.5.0,PyPI,GHSA-93vr-9q9m-pj8p,HIGH,"BIT-tensorflow-2023-25659,CVE-2023-25659",CWE-125,CVSS:3.1/AV:N/AC:L/PR:N/UI:N/S:U/C:N/I:N/A:H,GHSA-93vr-9q9m-pj8p,
,lockfile,tensorflow-cpu,2.5.0,PyPI,GHSA-94mm-g2mv-8p7r,HIGH,"BIT-tensorflow-2023-25672,CVE-2023-25672",CWE-476,CVSS:3.1/AV:N/AC:L/PR:N/UI:N/S:U/C:N/I:N/A:H,GHSA-94mm-g2mv-8p7r,
,lockfile,tensorflow-cpu,2.5.0,PyPI,GHSA-95xm-g58g-3p88,MODERATE,"BIT-tensorflow-2021-37640,CVE-2021-37640,PYSEC-2021-262,PYSEC-2021-553,PYSEC-2021-751",CWE-369,CVSS:4.0/AV:L/AC:L/AT:P/PR:L/UI:N/VC:N/VI:N/VA:H/SC:N/SI:N/SA:N,GHSA-95xm-g58g-3p88,
,lockfile,tensorflow-cpu,2.5.0,PyPI,GHSA-9697-98pf-4rw7,MODERATE,"BIT-tensorflow-2021-37670,CVE-2021-37670,PYSEC-2021-292,PYSEC-2021-583,PYSEC-2021-781",CWE-125,CVSS:4.0/AV:L/AC:L/AT:N/PR:L/UI:N/VC:H/VI:N/VA:N/SC:N/SI:N/SA:N,GHSA-9697-98pf-4rw7,
,lockfile,tensorflow-cpu,2.5.0,PyPI,GHSA-97p7-w86h-vcf9,MODERATE,"BIT-tensorflow-2022-35935,CVE-2022-35935",CWE-617,CVSS:3.1/AV:N/AC:H/PR:N/UI:N/S:U/C:N/I:N/A:H,GHSA-97p7-w86h-vcf9,
,lockfile,tensorflow-cpu,2.5.0,PyPI,GHSA-98j8-c9q4-r38g,MODERATE,"BIT-tensorflow-2022-21733,CVE-2022-21733,PYSEC-2022-112,PYSEC-2022-57","CWE-190,CWE-400",CVSS:4.0/AV:N/AC:L/AT:N/PR:L/UI:N/VC:N/VI:N/VA:L/SC:N/SI:N/SA:N,"PYSEC-2022-57,GHSA-98j8-c9q4-r38g",
,lockfile,tensorflow-cpu,2.5.0,PyPI,GHSA-98p5-x8x4-c9m5,HIGH,"BIT-tensorflow-2022-23559,CVE-2022-23559,PYSEC-2022-123,PYSEC-2022-68",CWE-190,CVSS:4.0/AV:N/AC:L/AT:N/PR:L/UI:N/VC:H/VI:H/VA:H/SC:N/SI:N/SA:N,"PYSEC-2022-68,GHSA-98p5-x8x4-c9m5",
,lockfile,tensorflow-cpu,2.5.0,PyPI,GHSA-9942-r22v-78cp,MODERATE,"BIT-tensorflow-2022-35985,CVE-2022-35985",CWE-617,CVSS:3.1/AV:N/AC:H/PR:N/UI:N/S:U/C:N/I:N/A:H,GHSA-9942-r22v-78cp,
,lockfile,tensorflow-cpu,2.5.0,PyPI,GHSA-9c78-vcq7-7vxq,HIGH,"BIT-tensorflow-2022-23561,CVE-2022-23561,PYSEC-2022-125,PYSEC-2022-70",CWE-787,CVSS:4.0/AV:N/AC:L/AT:N/PR:L/UI:N/VC:H/VI:H/VA:H/SC:N/SI:N/SA:N,"PYSEC-2022-70,GHSA-9c78-vcq7-7vxq",
,lockfile,tensorflow-cpu,2.5.0,PyPI,GHSA-9c8h-2mv3-49ww,MODERATE,"BIT-tensorflow-2021-37675,CVE-2021-37675,PYSEC-2021-297,PYSEC-2021-588,PYSEC-2021-786",CWE-369,CVSS:4.0/AV:L/AC:L/AT:N/PR:L/UI:N/VC:N/VI:N/VA:H/SC:N/SI:N/SA:N,GHSA-9c8h-2mv3-49ww,
,lockfile,tensorflow-cpu,2.5.0,PyPI,GHSA-9c8h-vvrj-w2p8,MODERATE,"BIT-tensorflow-2021-37641,CVE-2021-37641,PYSEC-2021-263,PYSEC-2021-554,PYSEC-2021-752",CWE-125,CVSS:4.0/AV:L/AC:L/AT:N/PR:L/UI:N/VC:H/VI:N/VA:H/SC:N/SI:N/SA:N,GHSA-9c8h-vvrj-w2p8,
,lockfile,tensorflow-cpu,2.5.0,PyPI,GHSA-9cr2-8pwr-fhfq,MODERATE,"BIT-tensorflow-2022-36026,CVE-2022-36026",CWE-617,CVSS:3.1/AV:N/AC:H/PR:N/UI:N/S:U/C:N/I:N/A:H,GHSA-9cr2-8pwr-fhfq,
,lockfile,tensorflow-cpu,2.5.0,PyPI,GHSA-9crf-c6qr-r273,MODERATE,"BIT-tensorflow-2021-41218,CVE-2021-41218,PYSEC-2021-410,PYSEC-2021-627,PYSEC-2021-825",CWE-369,CVSS:3.1/AV:L/AC:L/PR:L/UI:N/S:U/C:N/I:N/A:H,"PYSEC-2021-627,GHSA-9crf-c6qr-r273",
,lockfile,tensorflow-cpu,2.5.0,PyPI,GHSA-9fpg-838v-wpv7,MODERATE,"BIT-tensorflow-2022-35971,CVE-2022-35971",CWE-617,CVSS:3.1/AV:N/AC:H/PR:N/UI:N/S:U/C:N/I:N/A:H,GHSA-9fpg-838v-wpv7,
,lockfile,tensorflow-cpu,2.5.0,PyPI,GHSA-9gwq-6cwj-47h3,HIGH,"BIT-tensorflow-2022-23558,CVE-2022-23558,PYSEC-2022-122,PYSEC-2022-67",CWE-190,CVSS:4.0/AV:N/AC:L/AT:N/PR:L/UI:N/VC:L/VI:L/VA:H/SC:N/SI:N/SA:N,"PYSEC-2022-67,GHSA-9gwq-6cwj-47h3",
,lockfile,tensorflow-cpu,2.5.0,PyPI,GHSA-9j4v-pp28-mxv7,MODERATE,"BIT-tensorflow-2022-36019,CVE-2022-36019",CWE-617,CVSS:3.1/AV:N/AC:H/PR:N/UI:N/S:U/C:N/I:N/A:H,GHSA-9j4v-pp28-mxv7,
,lockfile,tensorflow-cpu,2.5.0,PyPI,GHSA-9p77-mmrw-69c7,HIGH,"BIT-tensorflow-2022-23570,CVE-2022-23570,PYSEC-2022-134,PYSEC-2022-79",CWE-476,CVSS:4.0/AV:N/AC:L/AT:N/PR:L/UI:N/VC:N/VI:N/VA:H/SC:N/SI:N/SA:N,"PYSEC-2022-79,GHSA-9p77-mmrw-69c7",
,lockfile,tensorflow-cpu,2.5.0,PyPI,GHSA-9px9-73fg-3fqp,MODERATE,"BIT-tensorflow-2022-23589,CVE-2022-23589,PYSEC-2022-153,PYSEC-2022-98",CWE-476,CVSS:3.1/AV:N/AC:L/PR:L/UI:N/S:U/C:N/I:N/A:H,"PYSEC-2022-98,GHSA-9px9-73fg-3fqp",
,lockfile,tensorflow-cpu,2.5.0,PyPI,GHSA-9v8w-xmr4-wgxp,MODERATE,"BIT-tensorflow-2022-35992,CVE-2022-35992",CWE-617,CVSS:3.1/AV:N/AC:H/PR:N/UI:N/S:U/C:N/I:N/A:H,GHSA-9v8w-xmr4-wgxp,
,lockfile,tensorflow-cpu,2.5.0,PyPI,GHSA-9vqj-64pv-w55c,MODERATE,"BIT-tensorflow-2022-35988,CVE-2022-35988",CWE-617,CVSS:3.1/AV:N/AC:H/PR:N/UI:N/S:U/C:N/I:N/A:H,GHSA-9vqj-64pv-w55c,
,lockfile,tensorflow-cpu,2.5.0,PyPI,GHSA-9w2p-5mgw-p94c,MODERATE,"BIT-tensorflow-2021-37645,CVE-2021-37645,PYSEC-2021-267,PYSEC-2021-558,PYSEC-2021-756",CWE-681,CVSS:4.0/AV:L/AC:L/AT:P/PR:L/UI:N/VC:N/VI:N/VA:H/SC:N/SI:N/SA:N,GHSA-9w2p-5mgw-p94c,
,lockfile,tensorflow-cpu,2.5.0,PyPI,GHSA-c545-c4f9-rf6v,MODERATE,"BIT-tensorflow-2021-37685,CVE-2021-37685,PYSEC-2021-307,PYSEC-2021-598,PYSEC-2021-796",CWE-125,CVSS:4.0/AV:L/AC:L/AT:N/PR:L/UI:N/VC:H/VI:N/VA:N/SC:N/SI:N/SA:N,GHSA-c545-c4f9-rf6v,
,lockfile,tensorflow-cpu,2.5.0,PyPI,GHSA-c582-c96p-r5cq,MODERATE,"BIT-tensorflow-2022-21732,CVE-2022-21732,PYSEC-2022-111,PYSEC-2022-56","CWE-400,CWE-770",CVSS:4.0/AV:N/AC:L/AT:N/PR:L/UI:N/VC:N/VI:N/VA:L/SC:N/SI:N/SA:N,"PYSEC-2022-56,GHSA-c582-c96p-r5cq",
,lockfile,tensorflow-cpu,2.5.0,PyPI,GHSA-c5x2-p679-95wc,HIGH,"BIT-tensorflow-2021-37647,CVE-2021-37647,PYSEC-2021-269,PYSEC-2021-560,PYSEC-2021-758",CWE-476,CVSS:4.0/AV:L/AC:L/AT:N/PR:N/UI:N/VC:N/VI:H/VA:H/SC:N/SI:N/SA:N,GHSA-c5x2-p679-95wc,
,lockfile,tensorflow-cpu,2.5.0,PyPI,GHSA-c6fh-56w7-fvjw,HIGH,"BIT-tensorflow-2022-21727,CVE-2022-21727,PYSEC-2022-106,PYSEC-2022-51",CWE-190,CVSS:4.0/AV:N/AC:L/AT:N/PR:L/UI:N/VC:L/VI:L/VA:H/SC:N/SI:N/SA:N,"PYSEC-2022-51,GHSA-c6fh-56w7-fvjw",
,lockfile,tensorflow-cpu,2.5.0,PyPI,GHSA-c94w-c95p-phf8,HIGH,"BIT-tensorflow-2022-23575,CVE-2022-23575,PYSEC-2022-139,PYSEC-2022-84",CWE-190,CVSS:4.0/AV:N/AC:L/AT:N/PR:L/UI:N/VC:N/VI:N/VA:H/SC:N/SI:N/SA:N,"PYSEC-2022-84,GHSA-c94w-c95p-phf8",
,lockfile,tensorflow-cpu,2.5.0,PyPI,GHSA-c9qf-r67m-p7cg,HIGH,"BIT-tensorflow-2021-37637,CVE-2021-37637,PYSEC-2021-259,PYSEC-2021-550,PYSEC-2021-748",CWE-476,CVSS:4.0/AV:L/AC:L/AT:N/PR:N/UI:N/VC:N/VI:H/VA:H/SC:N/SI:N/SA:N,GHSA-c9qf-r67m-p7cg,
,lockfile,tensorflow-cpu,2.5.0,PyPI,GHSA-cfpj-3q4c-jhvr,MODERATE,"BIT-tensorflow-2021-37680,CVE-2021-37680,PYSEC-2021-302,PYSEC-2021-593,PYSEC-2021-791",CWE-369,CVSS:4.0/AV:L/AC:L/AT:N/PR:L/UI:N/VC:N/VI:N/VA:H/SC:N/SI:N/SA:N,GHSA-cfpj-3q4c-jhvr,
,lockfile,tensorflow-cpu,2.5.0,PyPI,GHSA-cg88-rpvp-cjv5,HIGH,"BIT-tensorflow-2022-41902,CVE-2022-41902","CWE-125,CWE-787",CVSS:3.1/AV:N/AC:H/PR:L/UI:R/S:U/C:H/I:H/A:H,GHSA-cg88-rpvp-cjv5,
,lockfile,tensorflow-cpu,2.5.0,PyPI,GHSA-cgfm-62j4-v4rf,HIGH,"BIT-tensorflow-2021-37635,CVE-2021-37635,PYSEC-2021-257,PYSEC-2021-548,PYSEC-2021-746",CWE-125,CVSS:4.0/AV:L/AC:L/AT:N/PR:L/UI:N/VC:H/VI:L/VA:H/SC:N/SI:N/SA:N,GHSA-cgfm-62j4-v4rf,
,lockfile,tensorflow-cpu,2.5.0,PyPI,GHSA-ch4f-829c-v5pw,MODERATE,"BIT-tensorflow-2021-37642,CVE-2021-37642,PYSEC-2021-264,PYSEC-2021-555,PYSEC-2021-753",CWE-369,CVSS:4.0/AV:L/AC:L/AT:N/PR:L/UI:N/VC:N/VI:N/VA:H/SC:N/SI:N/SA:N,GHSA-ch4f-829c-v5pw,
,lockfile,tensorflow-cpu,2.5.0,PyPI,GHSA-cm5x-837x-jf3c,MODERATE,"BIT-tensorflow-2021-37660,CVE-2021-37660,PYSEC-2021-282,PYSEC-2021-573,PYSEC-2021-771",CWE-369,CVSS:4.0/AV:L/AC:L/AT:N/PR:L/UI:N/VC:N/VI:N/VA:H/SC:N/SI:N/SA:N,GHSA-cm5x-837x-jf3c,
,lockfile,tensorflow-cpu,2.5.0,PyPI,GHSA-cmgw-8vpc-rc59,MODERATE,"BIT-tensorflow-2021-37692,CVE-2021-37692,PYSEC-2021-314,PYSEC-2021-605,PYSEC-2021-803",CWE-20,CVSS:4.0/AV:L/AC:L/AT:N/PR:L/UI:N/VC:N/VI:N/VA:H/SC:N/SI:N/SA:N,GHSA-cmgw-8vpc-rc59,
,lockfile,tensorflow-cpu,2.5.0,PyPI,GHSA-cpf4-wx82-gxp6,MODERATE,"BIT-tensorflow-2021-41222,CVE-2021-41222,PYSEC-2021-414,PYSEC-2021-631,PYSEC-2021-829",CWE-682,CVSS:4.0/AV:L/AC:L/AT:N/PR:L/UI:N/VC:N/VI:N/VA:H/SC:N/SI:N/SA:N,"PYSEC-2021-631,GHSA-cpf4-wx82-gxp6",
,lockfile,tensorflow-cpu,2.5.0,PyPI,GHSA-cq76-mxrc-vchh,MODERATE,"BIT-tensorflow-2021-41195,CVE-2021-41195,PYSEC-2021-842,PYSEC-2021-844,PYSEC-2021-846",CWE-190,CVSS:4.0/AV:L/AC:L/AT:N/PR:L/UI:N/VC:N/VI:N/VA:H/SC:N/SI:N/SA:N,"PYSEC-2021-844,GHSA-cq76-mxrc-vchh",
,lockfile,tensorflow-cpu,2.5.0,PyPI,GHSA-cqv6-3phm-hcwx,HIGH,"BIT-tensorflow-2021-41221,CVE-2021-41221,PYSEC-2021-413,PYSEC-2021-630,PYSEC-2021-828","CWE-120,CWE-787",CVSS:3.1/AV:L/AC:L/PR:L/UI:N/S:U/C:H/I:H/A:H,"PYSEC-2021-630,GHSA-cqv6-3phm-hcwx",
,lockfile,tensorflow-cpu,2.5.0,PyPI,GHSA-cqvq-fvhr-v6hc,LOW,,,,GHSA-cqvq-fvhr-v6hc,
,lockfile,tensorflow-cpu,2.5.0,PyPI,GHSA-cv2p-32v3-vhwq,MODERATE,"BIT-tensorflow-2022-36003,CVE-2022-36003",CWE-617,CVSS:3.1/AV:N/AC:H/PR:N/UI:N/S:U/C:N/I:N/A:H,GHSA-cv2p-32v3-vhwq,
,lockfile,tensorflow-cpu,2.5.0,PyPI,GHSA-cwpm-f78v-7m5c,MODERATE,"BIT-tensorflow-2022-29202,CVE-2022-29202","CWE-1284,CWE-20,CWE-400",CVSS:3.1/AV:L/AC:L/PR:L/UI:N/S:U/C:N/I:N/A:H,GHSA-cwpm-f78v-7m5c,
,lockfile,tensorflow-cpu,2.5.0,PyPI,GHSA-f2vv-v9cg-qhh7,HIGH,"BIT-tensorflow-2022-21737,CVE-2022-21737,PYSEC-2022-116,PYSEC-2022-61","CWE-617,CWE-754",CVSS:4.0/AV:N/AC:L/AT:N/PR:L/UI:N/VC:N/VI:N/VA:H/SC:N/SI:N/SA:N,"PYSEC-2022-61,GHSA-f2vv-v9cg-qhh7",
,lockfile,tensorflow-cpu,2.5.0,PyPI,GHSA-f2w8-jw48-fr7j,MODERATE,"BIT-tensorflow-2022-41897,CVE-2022-41897",CWE-125,CVSS:3.1/AV:N/AC:H/PR:L/UI:R/S:U/C:N/I:N/A:H,GHSA-f2w8-jw48-fr7j,
,lockfile,tensorflow-cpu,2.5.0,PyPI,GHSA-f49c-87jh-g47q,HIGH,"BIT-tensorflow-2023-25801,CVE-2023-25801",CWE-415,CVSS:3.1/AV:L/AC:L/PR:N/UI:N/S:U/C:L/I:H/A:H,GHSA-f49c-87jh-g47q,
,lockfile,tensorflow-cpu,2.5.0,PyPI,GHSA-f4rr-5m7v-wxcw,MODERATE,"BIT-tensorflow-2022-29209,CVE-2022-29209",CWE-843,CVSS:3.1/AV:L/AC:L/PR:L/UI:N/S:U/C:N/I:N/A:H,GHSA-f4rr-5m7v-wxcw,
,lockfile,tensorflow-cpu,2.5.0,PyPI,GHSA-f4w6-h4f5-wx45,MODERATE,"BIT-tensorflow-2022-35934,CVE-2022-35934",CWE-617,CVSS:3.1/AV:N/AC:H/PR:N/UI:N/S:U/C:N/I:N/A:H,GHSA-f4w6-h4f5-wx45,
,lockfile,tensorflow-cpu,2.5.0,PyPI,GHSA-f54p-f6jp-4rhr,MODERATE,"BIT-tensorflow-2021-41223,CVE-2021-41223,PYSEC-2021-415,PYSEC-2021-632,PYSEC-2021-830",CWE-125,CVSS:4.0/AV:L/AC:L/AT:N/PR:L/UI:N/VC:H/VI:N/VA:H/SC:N/SI:N/SA:N,"PYSEC-2021-632,GHSA-f54p-f6jp-4rhr",
,lockfile,tensorflow-cpu,2.5.0,PyPI,GHSA-f5cx-5wr3-5qrc,MODERATE,"BIT-tensorflow-2021-37662,CVE-2021-37662,PYSEC-2021-284,PYSEC-2021-575,PYSEC-2021-773",CWE-824,CVSS:4.0/AV:L/AC:L/AT:N/PR:L/UI:N/VC:N/VI:H/VA:H/SC:N/SI:N/SA:N,GHSA-f5cx-5wr3-5qrc,
,lockfile,tensorflow-cpu,2.5.0,PyPI,GHSA-f637-vh3r-vfh2,HIGH,"BIT-tensorflow-2023-25666,CVE-2023-25666",CWE-697,CVSS:3.1/AV:N/AC:L/PR:N/UI:N/S:U/C:N/I:N/A:H,GHSA-f637-vh3r-vfh2,
,lockfile,tensorflow-cpu,2.5.0,PyPI,GHSA-f7r5-q7cx-h668,MODERATE,"BIT-tensorflow-2022-35964,CVE-2022-35964",CWE-20,CVSS:3.1/AV:N/AC:H/PR:N/UI:N/S:U/C:N/I:N/A:H,GHSA-f7r5-q7cx-h668,
,lockfile,tensorflow-cpu,2.5.0,PyPI,GHSA-f8h4-7rgh-q2gm,HIGH,"BIT-tensorflow-2021-37650,CVE-2021-37650,PYSEC-2021-272,PYSEC-2021-563,PYSEC-2021-761","CWE-120,CWE-787",CVSS:4.0/AV:L/AC:L/AT:N/PR:L/UI:N/VC:H/VI:H/VA:H/SC:N/SI:N/SA:N,GHSA-f8h4-7rgh-q2gm,
,lockfile,tensorflow-cpu,2.5.0,PyPI,GHSA-fcwc-p4fc-c5cc,HIGH,"BIT-tensorflow-2021-37643,CVE-2021-37643,PYSEC-2021-265,PYSEC-2021-556,PYSEC-2021-754",CWE-476,CVSS:4.0/AV:L/AC:L/AT:N/PR:N/UI:N/VC:N/VI:H/VA:H/SC:N/SI:N/SA:N,GHSA-fcwc-p4fc-c5cc,
,lockfile,tensorflow-cpu,2.5.0,PyPI,GHSA-ffjm-4qwc-7cmf,HIGH,"BIT-tensorflow-2022-35939,CVE-2022-35939",CWE-787,CVSS:3.1/AV:N/AC:H/PR:N/UI:N/S:U/C:L/I:L/A:H,GHSA-ffjm-4qwc-7cmf,
,lockfile,tensorflow-cpu,2.5.0,PyPI,GHSA-fhfc-2q7x-929f,MODERATE,"BIT-tensorflow-2022-35994,CVE-2022-35994",CWE-617,CVSS:3.1/AV:N/AC:H/PR:N/UI:N/S:U/C:N/I:N/A:H,GHSA-fhfc-2q7x-929f,
,lockfile,tensorflow-cpu,2.5.0,PyPI,GHSA-fpcp-9h7m-ffpx,MODERATE,"BIT-tensorflow-2022-23595,CVE-2022-23595,PYSEC-2022-103,PYSEC-2022-158",CWE-476,CVSS:4.0/AV:N/AC:L/AT:P/PR:L/UI:N/VC:N/VI:N/VA:H/SC:N/SI:N/SA:N,"PYSEC-2022-103,GHSA-fpcp-9h7m-ffpx",
,lockfile,tensorflow-cpu,2.5.0,PyPI,GHSA-fq6p-6334-8gr4,MODERATE,"BIT-tensorflow-2022-23585,CVE-2022-23585,PYSEC-2022-149,PYSEC-2022-94",CWE-401,CVSS:3.1/AV:N/AC:L/PR:L/UI:N/S:U/C:N/I:N/A:L,"PYSEC-2022-94,GHSA-fq6p-6334-8gr4",
,lockfile,tensorflow-cpu,2.5.0,PyPI,GHSA-fq86-3f29-px2c,MODERATE,"BIT-tensorflow-2022-23581,CVE-2022-23581,PYSEC-2022-145,PYSEC-2022-90",CWE-617,CVSS:3.1/AV:N/AC:L/PR:L/UI:N/S:U/C:N/I:N/A:H,"PYSEC-2022-90,GHSA-fq86-3f29-px2c",
,lockfile,tensorflow-cpu,2.5.0,PyPI,GHSA-fqm2-gh8w-gr68,MODERATE,"BIT-tensorflow-2023-25667,CVE-2023-25667",CWE-190,CVSS:3.1/AV:N/AC:L/PR:N/UI:R/S:U/C:N/I:N/A:H,GHSA-fqm2-gh8w-gr68,
,lockfile,tensorflow-cpu,2.5.0,PyPI,GHSA-fqxc-pvf8-2w9v,MODERATE,"BIT-tensorflow-2022-36000,CVE-2022-36000",CWE-476,CVSS:3.1/AV:N/AC:H/PR:N/UI:N/S:U/C:N/I:N/A:H,GHSA-fqxc-pvf8-2w9v,
,lockfile,tensorflow-cpu,2.5.0,PyPI,GHSA-fr77-rrx3-cp7g,HIGH,"BIT-tensorflow-2021-41212,CVE-2021-41212,PYSEC-2021-404,PYSEC-2021-621,PYSEC-2021-819",CWE-125,CVSS:3.1/AV:L/AC:L/PR:L/UI:N/S:U/C:H/I:N/A:H,"PYSEC-2021-621,GHSA-fr77-rrx3-cp7g",
,lockfile,tensorflow-cpu,2.5.0,PyPI,GHSA-frqp-wp83-qggv,MODERATE,"BIT-tensorflow-2022-41910,CVE-2022-41910",CWE-125,CVSS:3.1/AV:N/AC:H/PR:L/UI:R/S:U/C:N/I:N/A:H,GHSA-frqp-wp83-qggv,
,lockfile,tensorflow-cpu,2.5.0,PyPI,GHSA-fv25-wrff-wf86,MODERATE,"BIT-tensorflow-2022-29191,CVE-2022-29191",CWE-20,CVSS:3.1/AV:L/AC:L/PR:L/UI:N/S:U/C:N/I:N/A:H,GHSA-fv25-wrff-wf86,
,lockfile,tensorflow-cpu,2.5.0,PyPI,GHSA-fv43-93gv-vm8f,MODERATE,"BIT-tensorflow-2022-36011,CVE-2022-36011",CWE-476,CVSS:3.1/AV:N/AC:H/PR:N/UI:N/S:U/C:N/I:N/A:H,GHSA-fv43-93gv-vm8f,
,lockfile,tensorflow-cpu,2.5.0,PyPI,GHSA-fx5c-h9f6-rv7c,MODERATE,"BIT-tensorflow-2022-23588,CVE-2022-23588,PYSEC-2022-152,PYSEC-2022-97",CWE-617,CVSS:3.1/AV:N/AC:L/PR:L/UI:N/S:U/C:N/I:N/A:H,"PYSEC-2022-97,GHSA-fx5c-h9f6-rv7c",
,lockfile,tensorflow-cpu,2.5.0,PyPI,GHSA-fxgc-95xx-grvq,MODERATE,"BIT-tensorflow-2023-25661,CVE-2023-25661",CWE-20,CVSS:3.1/AV:N/AC:L/PR:L/UI:N/S:U/C:N/I:N/A:H,GHSA-fxgc-95xx-grvq,
,lockfile,tensorflow-cpu,2.5.0,PyPI,GHSA-g25h-jr74-qp5j,HIGH,"BIT-tensorflow-2021-37663,CVE-2021-37663,PYSEC-2021-285,PYSEC-2021-576,PYSEC-2021-774",CWE-20,CVSS:4.0/AV:L/AC:L/AT:N/PR:L/UI:N/VC:H/VI:H/VA:H/SC:N/SI:N/SA:N,GHSA-g25h-jr74-qp5j,
,lockfile,tensorflow-cpu,2.5.0,PyPI,GHSA-g35r-369w-3fqp,MODERATE,"BIT-tensorflow-2022-35970,CVE-2022-35970",CWE-20,CVSS:3.1/AV:N/AC:H/PR:N/UI:N/S:U/C:N/I:N/A:H,GHSA-g35r-369w-3fqp,
,lockfile,tensorflow-cpu,2.5.0,PyPI,GHSA-g468-qj8g-vcjc,LOW,"BIT-tensorflow-2022-36016,CVE-2022-36016",CWE-617,,GHSA-g468-qj8g-vcjc,
,lockfile,tensorflow-cpu,2.5.0,PyPI,GHSA-g8wg-cjwc-xhhp,HIGH,"BIT-tensorflow-2021-37679,CVE-2021-37679,PYSEC-2021-301,PYSEC-2021-592,PYSEC-2021-790","CWE-125,CWE-681",CVSS:4.0/AV:L/AC:L/AT:N/PR:L/UI:N/VC:H/VI:H/VA:N/SC:N/SI:N/SA:N,GHSA-g8wg-cjwc-xhhp,
,lockfile,tensorflow-cpu,2.5.0,PyPI,GHSA-g9fm-r5mm-rf9f,MODERATE,"BIT-tensorflow-2022-41901,CVE-2022-41901","CWE-20,CWE-617",CVSS:3.1/AV:N/AC:H/PR:L/UI:R/S:U/C:N/I:N/A:H,GHSA-g9fm-r5mm-rf9f,
,lockfile,tensorflow-cpu,2.5.0,PyPI,GHSA-g9h5-vr8m-x2h4,MODERATE,"BIT-tensorflow-2022-35995,CVE-2022-35995",CWE-617,CVSS:3.1/AV:N/AC:H/PR:N/UI:N/S:U/C:N/I:N/A:H,GHSA-g9h5-vr8m-x2h4,
,lockfile,tensorflow-cpu,2.5.0,PyPI,GHSA-gcvh-66ff-4mwm,HIGH,"BIT-tensorflow-2022-21734,CVE-2022-21734,PYSEC-2022-113,PYSEC-2022-58","CWE-617,CWE-843",CVSS:4.0/AV:N/AC:L/AT:N/PR:L/UI:N/VC:N/VI:N/VA:H/SC:N/SI:N/SA:N,"PYSEC-2022-58,GHSA-gcvh-66ff-4mwm",
,lockfile,tensorflow-cpu,2.5.0,PyPI,GHSA-gf2j-f278-xh4v,HIGH,"BIT-tensorflow-2022-23557,CVE-2022-23557,PYSEC-2022-121,PYSEC-2022-66",CWE-369,CVSS:4.0/AV:N/AC:L/AT:N/PR:L/UI:N/VC:N/VI:N/VA:H/SC:N/SI:N/SA:N,"PYSEC-2022-66,GHSA-gf2j-f278-xh4v",
,lockfile,tensorflow-cpu,2.5.0,PyPI,GHSA-gf88-j2mg-cc82,MODERATE,"BIT-tensorflow-2021-37661,CVE-2021-37661,PYSEC-2021-283,PYSEC-2021-574,PYSEC-2021-772",CWE-681,CVSS:4.0/AV:L/AC:L/AT:N/PR:L/UI:N/VC:N/VI:N/VA:H/SC:N/SI:N/SA:N,GHSA-gf88-j2mg-cc82,
,lockfile,tensorflow-cpu,2.5.0,PyPI,GHSA-gf97-q72m-7579,HIGH,"BIT-tensorflow-2023-25674,CVE-2023-25674",CWE-476,CVSS:3.1/AV:N/AC:L/PR:N/UI:N/S:U/C:N/I:N/A:H,GHSA-gf97-q72m-7579,
,lockfile,tensorflow-cpu,2.5.0,PyPI,GHSA-gh6x-4whr-2qv4,HIGH,"BIT-tensorflow-2021-37639,CVE-2021-37639,PYSEC-2021-261,PYSEC-2021-552,PYSEC-2021-750","CWE-125,CWE-476",CVSS:4.0/AV:L/AC:L/AT:N/PR:N/UI:N/VC:H/VI:H/VA:H/SC:N/SI:N/SA:N,GHSA-gh6x-4whr-2qv4,
,lockfile,tensorflow-cpu,2.5.0,PyPI,GHSA-gh8h-7j2j-qv4f,MODERATE,"BIT-tensorflow-2021-41200,CVE-2021-41200,PYSEC-2021-393,PYSEC-2021-610,PYSEC-2021-808",CWE-617,CVSS:4.0/AV:L/AC:L/AT:N/PR:L/UI:N/VC:N/VI:N/VA:H/SC:N/SI:N/SA:N,"PYSEC-2021-610,GHSA-gh8h-7j2j-qv4f",
,lockfile,tensorflow-cpu,2.5.0,PyPI,GHSA-gjh7-xx4r-x345,HIGH,"BIT-tensorflow-2023-33976,CVE-2023-33976",CWE-190,CVSS:4.0/AV:N/AC:L/AT:N/PR:N/UI:N/VC:N/VI:N/VA:H/SC:N/SI:N/SA:N,GHSA-gjh7-xx4r-x345,
,lockfile,tensorflow-cpu,2.5.0,PyPI,GHSA-gjqc-q9g6-q2j3,MODERATE,"BIT-tensorflow-2022-23583,CVE-2022-23583,PYSEC-2022-147,PYSEC-2022-92","CWE-617,CWE-843",CVSS:3.1/AV:N/AC:L/PR:L/UI:N/S:U/C:N/I:N/A:H,"PYSEC-2022-92,GHSA-gjqc-q9g6-q2j3",
,lockfile,tensorflow-cpu,2.5.0,PyPI,GHSA-gq2j-cr96-gvqx,MODERATE,"BIT-tensorflow-2022-41895,CVE-2022-41895",CWE-125,CVSS:3.1/AV:N/AC:H/PR:L/UI:R/S:U/C:N/I:N/A:H,GHSA-gq2j-cr96-gvqx,
,lockfile,tensorflow-cpu,2.5.0,PyPI,GHSA-gw97-ff7c-9v96,CRITICAL,"BIT-tensorflow-2023-25668,CVE-2023-25668","CWE-122,CWE-125",CVSS:3.1/AV:N/AC:L/PR:N/UI:N/S:U/C:H/I:H/A:H,GHSA-gw97-ff7c-9v96,
,lockfile,tensorflow-cpu,2.5.0,PyPI,GHSA-h246-cgh4-7475,MODERATE,"BIT-tensorflow-2022-41890,CVE-2022-41890",CWE-704,CVSS:3.1/AV:N/AC:H/PR:L/UI:R/S:U/C:N/I:N/A:H,GHSA-h246-cgh4-7475,
,lockfile,tensorflow-cpu,2.5.0,PyPI,GHSA-h2wq-prv9-2f56,MODERATE,"BIT-tensorflow-2022-29192,CVE-2022-29192",CWE-20,CVSS:3.1/AV:L/AC:L/PR:L/UI:N/S:U/C:N/I:N/A:H,GHSA-h2wq-prv9-2f56,
,lockfile,tensorflow-cpu,2.5.0,PyPI,GHSA-h48f-q7rw-hvr7,MODERATE,"BIT-tensorflow-2022-29195,CVE-2022-29195",CWE-20,CVSS:3.1/AV:L/AC:L/PR:L/UI:N/S:U/C:N/I:N/A:H,GHSA-h48f-q7rw-hvr7,
,lockfile,tensorflow-cpu,2.5.0,PyPI,GHSA-h5g4-ppwx-48q2,MODERATE,"BIT-tensorflow-2022-29194,CVE-2022-29194",CWE-20,CVSS:3.1/AV:L/AC:L/PR:L/UI:N/S:U/C:N/I:N/A:H,GHSA-h5g4-ppwx-48q2,
,lockfile,tensorflow-cpu,2.5.0,PyPI,GHSA-h5vq-gw2c-pq47,MODERATE,"BIT-tensorflow-2022-35952,CVE-2022-35952",CWE-617,CVSS:3.1/AV:N/AC:H/PR:N/UI:N/S:U/C:N/I:N/A:H,GHSA-h5vq-gw2c-pq47,
,lockfile,tensorflow-cpu,2.5.0,PyPI,GHSA-h67m-xg8f-fxcf,MODERATE,"BIT-tensorflow-2021-41213,CVE-2021-41213,PYSEC-2021-405,PYSEC-2021-622,PYSEC-2021-820","CWE-662,CWE-667",CVSS:3.1/AV:L/AC:L/PR:L/UI:N/S:U/C:N/I:N/A:H,"PYSEC-2021-622,GHSA-h67m-xg8f-fxcf",
,lockfile,tensorflow-cpu,2.5.0,PyPI,GHSA-h6gw-r52c-724r,CRITICAL,,"CWE-476,CWE-824",CVSS:3.1/AV:L/AC:L/PR:N/UI:N/S:C/C:H/I:H/A:H,GHSA-h6gw-r52c-724r,
,lockfile,tensorflow-cpu,2.5.0,PyPI,GHSA-h6jh-7gv5-28vg,MODERATE,"BIT-tensorflow-2021-37646,CVE-2021-37646,PYSEC-2021-268,PYSEC-2021-559,PYSEC-2021-757",CWE-681,CVSS:4.0/AV:L/AC:L/AT:N/PR:L/UI:N/VC:N/VI:N/VA:H/SC:N/SI:N/SA:N,GHSA-h6jh-7gv5-28vg,
,lockfile,tensorflow-cpu,2.5.0,PyPI,GHSA-h7ff-cfc9-wmmh,MODERATE,"BIT-tensorflow-2022-35990,CVE-2022-35990",CWE-617,CVSS:3.1/AV:N/AC:H/PR:N/UI:N/S:U/C:N/I:N/A:H,GHSA-h7ff-cfc9-wmmh,
,lockfile,tensorflow-cpu,2.5.0,PyPI,GHSA-hp4c-x6r7-6555,MODERATE,"BIT-tensorflow-2021-37636,CVE-2021-37636,PYSEC-2021-258,PYSEC-2021-549,PYSEC-2021-747",CWE-369,CVSS:4.0/AV:L/AC:L/AT:N/PR:L/UI:N/VC:N/VI:N/VA:H/SC:N/SI:N/SA:N,GHSA-hp4c-x6r7-6555,
,lockfile,tensorflow-cpu,2.5.0,PyPI,GHSA-hpv4-7p9c-mvfr,HIGH,"BIT-tensorflow-2021-37651,CVE-2021-37651,PYSEC-2021-273,PYSEC-2021-564,PYSEC-2021-762","CWE-125,CWE-787",CVSS:4.0/AV:L/AC:L/AT:N/PR:L/UI:N/VC:H/VI:H/VA:N/SC:N/SI:N/SA:N,GHSA-hpv4-7p9c-mvfr,
,lockfile,tensorflow-cpu,2.5.0,PyPI,GHSA-hq7g-wwwp-q46h,MODERATE,"BIT-tensorflow-2022-41898,CVE-2022-41898",CWE-20,CVSS:3.1/AV:N/AC:H/PR:L/UI:R/S:U/C:N/I:N/A:H,GHSA-hq7g-wwwp-q46h,
,lockfile,tensorflow-cpu,2.5.0,PyPI,GHSA-hrg5-737c-2p56,MODERATE,"BIT-tensorflow-2022-29197,CVE-2022-29197",CWE-20,CVSS:3.1/AV:L/AC:L/PR:L/UI:N/S:U/C:N/I:N/A:H,GHSA-hrg5-737c-2p56,
,lockfile,tensorflow-cpu,2.5.0,PyPI,GHSA-hwr7-8gxx-fj5p,HIGH,"BIT-tensorflow-2021-37638,CVE-2021-37638,PYSEC-2021-260,PYSEC-2021-551,PYSEC-2021-749",CWE-476,CVSS:4.0/AV:L/AC:L/AT:N/PR:N/UI:N/VC:N/VI:H/VA:H/SC:N/SI:N/SA:N,GHSA-hwr7-8gxx-fj5p,
,lockfile,tensorflow-cpu,2.5.0,PyPI,GHSA-hx9q-2mx4-m4pg,MODERATE,"BIT-tensorflow-2022-29204,CVE-2022-29204","CWE-191,CWE-20",CVSS:3.1/AV:L/AC:L/PR:L/UI:N/S:U/C:N/I:N/A:H,GHSA-hx9q-2mx4-m4pg,
,lockfile,tensorflow-cpu,2.5.0,PyPI,GHSA-j3mj-fhpq-qqjj,HIGH,"BIT-tensorflow-2022-23571,CVE-2022-23571,PYSEC-2022-135,PYSEC-2022-80",CWE-617,CVSS:4.0/AV:N/AC:L/AT:N/PR:L/UI:N/VC:N/VI:N/VA:H/SC:N/SI:N/SA:N,"PYSEC-2022-80,GHSA-j3mj-fhpq-qqjj",
,lockfile,tensorflow-cpu,2.5.0,PyPI,GHSA-j43h-pgmg-5hjq,MODERATE,"BIT-tensorflow-2022-35989,CVE-2022-35989",CWE-617,CVSS:3.1/AV:N/AC:H/PR:N/UI:N/S:U/C:N/I:N/A:H,GHSA-j43h-pgmg-5hjq,
,lockfile,tensorflow-cpu,2.5.0,PyPI,GHSA-j5w9-hmfh-4cr6,HIGH,"BIT-tensorflow-2023-25671,CVE-2023-25671",CWE-787,CVSS:3.1/AV:N/AC:L/PR:N/UI:N/S:U/C:N/I:N/A:H,GHSA-j5w9-hmfh-4cr6,
,lockfile,tensorflow-cpu,2.5.0,PyPI,GHSA-j86v-p27c-73fm,HIGH,"BIT-tensorflow-2021-41201,CVE-2021-41201,PYSEC-2021-394,PYSEC-2021-611,PYSEC-2021-809",CWE-824,CVSS:4.0/AV:L/AC:L/AT:N/PR:L/UI:N/VC:H/VI:H/VA:H/SC:N/SI:N/SA:N,"PYSEC-2021-611,GHSA-j86v-p27c-73fm",
,lockfile,tensorflow-cpu,2.5.0,PyPI,GHSA-j8c8-67vp-6mx7,MODERATE,"BIT-tensorflow-2021-41227,CVE-2021-41227,PYSEC-2021-419,PYSEC-2021-636,PYSEC-2021-834",CWE-125,CVSS:4.0/AV:L/AC:L/AT:N/PR:L/UI:N/VC:H/VI:L/VA:L/SC:N/SI:N/SA:N,"PYSEC-2021-636,GHSA-j8c8-67vp-6mx7",
,lockfile,tensorflow-cpu,2.5.0,PyPI,GHSA-jjm6-4vf7-cjh4,MODERATE,"BIT-tensorflow-2022-29203,CVE-2022-29203",CWE-190,CVSS:3.1/AV:L/AC:L/PR:L/UI:N/S:U/C:N/I:N/A:H,GHSA-jjm6-4vf7-cjh4,
,lockfile,tensorflow-cpu,2.5.0,PyPI,GHSA-jq6x-99hj-q636,MODERATE,"BIT-tensorflow-2022-41884,CVE-2022-41884",CWE-670,CVSS:3.1/AV:N/AC:H/PR:L/UI:R/S:U/C:N/I:N/A:H,GHSA-jq6x-99hj-q636,
,lockfile,tensorflow-cpu,2.5.0,PyPI,GHSA-jqm7-m5q7-3hm5,MODERATE,"BIT-tensorflow-2022-36001,CVE-2022-36001",CWE-617,CVSS:3.1/AV:N/AC:H/PR:N/UI:N/S:U/C:N/I:N/A:H,GHSA-jqm7-m5q7-3hm5,
,lockfile,tensorflow-cpu,2.5.0,PyPI,GHSA-jvhc-5hhr-w3v5,MODERATE,"BIT-tensorflow-2022-36012,CVE-2022-36012",CWE-617,CVSS:3.1/AV:N/AC:H/PR:N/UI:N/S:U/C:N/I:N/A:H,GHSA-jvhc-5hhr-w3v5,
,lockfile,tensorflow-cpu,2.5.0,PyPI,GHSA-jwf9-w5xm-f437,MODERATE,"BIT-tensorflow-2021-37687,CVE-2021-37687,PYSEC-2021-309,PYSEC-2021-600,PYSEC-2021-798",CWE-125,CVSS:4.0/AV:L/AC:L/AT:N/PR:L/UI:N/VC:H/VI:N/VA:N/SC:N/SI:N/SA:N,GHSA-jwf9-w5xm-f437,
,lockfile,tensorflow-cpu,2.5.0,PyPI,GHSA-m342-ff57-4jcc,HIGH,"BIT-tensorflow-2021-41210,CVE-2021-41210,PYSEC-2021-402,PYSEC-2021-619,PYSEC-2021-817",CWE-125,CVSS:3.1/AV:L/AC:L/PR:L/UI:N/S:U/C:H/I:N/A:H,"PYSEC-2021-619,GHSA-m342-ff57-4jcc",
,lockfile,tensorflow-cpu,2.5.0,PyPI,GHSA-m4hf-j54p-p353,HIGH,"BIT-tensorflow-2022-21731,CVE-2022-21731,PYSEC-2022-110,PYSEC-2022-55","CWE-754,CWE-843",CVSS:4.0/AV:N/AC:L/AT:N/PR:L/UI:N/VC:N/VI:N/VA:H/SC:N/SI:N/SA:N,"PYSEC-2022-55,GHSA-m4hf-j54p-p353",
,lockfile,tensorflow-cpu,2.5.0,PyPI,GHSA-m539-j985-hcr8,MODERATE,"BIT-tensorflow-2021-41196,CVE-2021-41196,PYSEC-2021-389,PYSEC-2021-606,PYSEC-2021-804",CWE-191,CVSS:4.0/AV:L/AC:L/AT:N/PR:L/UI:N/VC:N/VI:N/VA:H/SC:N/SI:N/SA:N,"PYSEC-2021-606,GHSA-m539-j985-hcr8",
,lockfile,tensorflow-cpu,2.5.0,PyPI,GHSA-m6cv-4fmf-66xf,MODERATE,"BIT-tensorflow-2022-36018,CVE-2022-36018",CWE-617,CVSS:3.1/AV:N/AC:H/PR:N/UI:N/S:U/C:N/I:N/A:H,GHSA-m6cv-4fmf-66xf,
,lockfile,tensorflow-cpu,2.5.0,PyPI,GHSA-m6vp-8q9j-whx4,MODERATE,"BIT-tensorflow-2022-35983,CVE-2022-35983",CWE-617,CVSS:3.1/AV:N/AC:H/PR:N/UI:N/S:U/C:N/I:N/A:H,GHSA-m6vp-8q9j-whx4,
,lockfile,tensorflow-cpu,2.5.0,PyPI,GHSA-m7fm-4jfh-jrg6,HIGH,"BIT-tensorflow-2021-37652,CVE-2021-37652,PYSEC-2021-274,PYSEC-2021-565,PYSEC-2021-763","CWE-415,CWE-416",CVSS:4.0/AV:L/AC:L/AT:N/PR:L/UI:N/VC:H/VI:H/VA:H/SC:N/SI:N/SA:N,GHSA-m7fm-4jfh-jrg6,
,lockfile,tensorflow-cpu,2.5.0,PyPI,GHSA-mg66-qvc5-rm93,MODERATE,"BIT-tensorflow-2022-29198,CVE-2022-29198",CWE-20,CVSS:3.1/AV:L/AC:L/PR:L/UI:N/S:U/C:N/I:N/A:H,GHSA-mg66-qvc5-rm93,
,lockfile,tensorflow-cpu,2.5.0,PyPI,GHSA-mgmh-g2v6-mqw5,MODERATE,"BIT-tensorflow-2022-35941,CVE-2022-35941",CWE-617,CVSS:3.1/AV:N/AC:H/PR:N/UI:N/S:U/C:N/I:N/A:H,GHSA-mgmh-g2v6-mqw5,
,lockfile,tensorflow-cpu,2.5.0,PyPI,GHSA-mh3m-62v7-68xg,MODERATE,"BIT-tensorflow-2022-36002,CVE-2022-36002",CWE-617,CVSS:3.1/AV:N/AC:H/PR:N/UI:N/S:U/C:N/I:N/A:H,GHSA-mh3m-62v7-68xg,
,lockfile,tensorflow-cpu,2.5.0,PyPI,GHSA-mv77-9g28-cwg3,MODERATE,"BIT-tensorflow-2022-41908,CVE-2022-41908",CWE-20,CVSS:3.1/AV:N/AC:H/PR:L/UI:R/S:U/C:N/I:N/A:H,GHSA-mv77-9g28-cwg3,
,lockfile,tensorflow-cpu,2.5.0,PyPI,GHSA-mv8m-8x97-937q,MODERATE,"BIT-tensorflow-2022-36004,CVE-2022-36004",CWE-617,CVSS:3.1/AV:N/AC:H/PR:N/UI:N/S:U/C:N/I:N/A:H,GHSA-mv8m-8x97-937q,
,lockfile,tensorflow-cpu,2.5.0,PyPI,GHSA-mw6j-hh29-h379,MODERATE,,CWE-190,,GHSA-mw6j-hh29-h379,
,lockfile,tensorflow-cpu,2.5.0,PyPI,GHSA-p2xf-8hgm-hpw5,MODERATE,"BIT-tensorflow-2022-35984,CVE-2022-35984",CWE-617,CVSS:3.1/AV:N/AC:H/PR:N/UI:N/S:U/C:N/I:N/A:H,GHSA-p2xf-8hgm-hpw5,
,lockfile,tensorflow-cpu,2.5.0,PyPI,GHSA-p7hr-f446-x6qf,MODERATE,"BIT-tensorflow-2022-35997,CVE-2022-35997",CWE-617,CVSS:3.1/AV:N/AC:H/PR:N/UI:N/S:U/C:N/I:N/A:H,GHSA-p7hr-f446-x6qf,
,lockfile,tensorflow-cpu,2.5.0,PyPI,GHSA-p9rc-rmr5-529j,MODERATE,"BIT-tensorflow-2022-29199,CVE-2022-29199",CWE-20,CVSS:3.1/AV:L/AC:L/PR:L/UI:N/S:U/C:N/I:N/A:H,GHSA-p9rc-rmr5-529j,
,lockfile,tensorflow-cpu,2.5.0,PyPI,GHSA-pf36-r9c6-h97j,MODERATE,"BIT-tensorflow-2022-41911,CVE-2022-41911",CWE-704,CVSS:3.1/AV:N/AC:H/PR:L/UI:R/S:U/C:N/I:N/A:H,GHSA-pf36-r9c6-h97j,
,lockfile,tensorflow-cpu,2.5.0,PyPI,GHSA-pfjj-m3jj-9jc9,HIGH,"BIT-tensorflow-2022-21736,CVE-2022-21736,PYSEC-2022-115,PYSEC-2022-60",CWE-476,CVSS:4.0/AV:N/AC:L/AT:N/PR:L/UI:N/VC:L/VI:L/VA:H/SC:N/SI:N/SA:N,"PYSEC-2022-60,GHSA-pfjj-m3jj-9jc9",
,lockfile,tensorflow-cpu,2.5.0,PyPI,GHSA-pgcq-h79j-2f69,HIGH,"BIT-tensorflow-2021-41206,CVE-2021-41206,PYSEC-2021-843,PYSEC-2021-845,PYSEC-2021-847",CWE-354,CVSS:4.0/AV:L/AC:L/AT:P/PR:L/UI:N/VC:H/VI:H/VA:H/SC:N/SI:N/SA:N,"PYSEC-2021-845,GHSA-pgcq-h79j-2f69",
,lockfile,tensorflow-cpu,2.5.0,PyPI,GHSA-pqhm-4wvf-2jg8,MODERATE,"BIT-tensorflow-2022-29201,CVE-2022-29201","CWE-20,CWE-476",CVSS:3.1/AV:L/AC:L/PR:L/UI:N/S:U/C:N/I:N/A:H,GHSA-pqhm-4wvf-2jg8,
,lockfile,tensorflow-cpu,2.5.0,PyPI,GHSA-pqrv-8r2f-7278,MODERATE,"BIT-tensorflow-2022-23590,CVE-2022-23590,PYSEC-2022-154,PYSEC-2022-99",CWE-754,CVSS:3.1/AV:N/AC:H/PR:N/UI:N/S:U/C:N/I:N/A:H,"PYSEC-2022-99,GHSA-pqrv-8r2f-7278",
,lockfile,tensorflow-cpu,2.5.0,PyPI,GHSA-prcg-wp5q-rv7p,MODERATE,"BIT-tensorflow-2021-41197,CVE-2021-41197,PYSEC-2021-390,PYSEC-2021-607,PYSEC-2021-805",CWE-190,CVSS:4.0/AV:L/AC:L/AT:N/PR:L/UI:N/VC:N/VI:N/VA:H/SC:N/SI:N/SA:N,"PYSEC-2021-607,GHSA-prcg-wp5q-rv7p",
,lockfile,tensorflow-cpu,2.5.0,PyPI,GHSA-pxrw-j2fv-hx3h,HIGH,"BIT-tensorflow-2022-35937,CVE-2022-35937",CWE-125,CVSS:3.1/AV:N/AC:H/PR:N/UI:N/S:U/C:L/I:L/A:H,GHSA-pxrw-j2fv-hx3h,
,lockfile,tensorflow-cpu,2.5.0,PyPI,GHSA-q2c3-jpmc-gfjx,MODERATE,"BIT-tensorflow-2022-35969,CVE-2022-35969",,CVSS:3.1/AV:N/AC:H/PR:N/UI:N/S:U/C:N/I:N/A:H,GHSA-q2c3-jpmc-gfjx,
,lockfile,tensorflow-cpu,2.5.0,PyPI,GHSA-q3g3-h9r4-prrc,HIGH,"BIT-tensorflow-2021-37659,CVE-2021-37659,PYSEC-2021-281,PYSEC-2021-572,PYSEC-2021-770",CWE-125,CVSS:4.0/AV:L/AC:L/AT:N/PR:L/UI:N/VC:H/VI:L/VA:H/SC:N/SI:N/SA:N,GHSA-q3g3-h9r4-prrc,
,lockfile,tensorflow-cpu,2.5.0,PyPI,GHSA-q5jv-m6qw-5g37,MODERATE,"BIT-tensorflow-2022-35996,CVE-2022-35996",CWE-369,CVSS:3.1/AV:N/AC:H/PR:N/UI:N/S:U/C:N/I:N/A:H,GHSA-q5jv-m6qw-5g37,
,lockfile,tensorflow-cpu,2.5.0,PyPI,GHSA-q7f7-544h-67h9,MODERATE,"BIT-tensorflow-2021-37684,CVE-2021-37684,PYSEC-2021-306,PYSEC-2021-597,PYSEC-2021-795",CWE-369,CVSS:4.0/AV:L/AC:L/AT:N/PR:L/UI:N/VC:N/VI:N/VA:H/SC:N/SI:N/SA:N,GHSA-q7f7-544h-67h9,
,lockfile,tensorflow-cpu,2.5.0,PyPI,GHSA-q85f-69q7-55h2,HIGH,"BIT-tensorflow-2022-23573,CVE-2022-23573,PYSEC-2022-137,PYSEC-2022-82",CWE-908,CVSS:4.0/AV:N/AC:L/AT:N/PR:L/UI:N/VC:L/VI:L/VA:H/SC:N/SI:N/SA:N,"PYSEC-2022-82,GHSA-q85f-69q7-55h2",
,lockfile,tensorflow-cpu,2.5.0,PyPI,GHSA-qfpc-5pjr-mh26,MODERATE,"BIT-tensorflow-2021-37677,CVE-2021-37677,PYSEC-2021-299,PYSEC-2021-590,PYSEC-2021-788","CWE-1284,CWE-20",CVSS:4.0/AV:L/AC:L/AT:N/PR:L/UI:N/VC:N/VI:N/VA:H/SC:N/SI:N/SA:N,GHSA-qfpc-5pjr-mh26,
,lockfile,tensorflow-cpu,2.5.0,PyPI,GHSA-qj5r-f9mv-rffh,HIGH,"BIT-tensorflow-2022-23569,CVE-2022-23569,PYSEC-2022-133,PYSEC-2022-78",CWE-617,CVSS:4.0/AV:N/AC:L/AT:N/PR:L/UI:N/VC:N/VI:N/VA:H/SC:N/SI:N/SA:N,"PYSEC-2022-78,GHSA-qj5r-f9mv-rffh",
,lockfile,tensorflow-cpu,2.5.0,PyPI,GHSA-qjj8-32p7-h289,MODERATE,"BIT-tensorflow-2021-37653,CVE-2021-37653,PYSEC-2021-275,PYSEC-2021-566,PYSEC-2021-764",CWE-369,CVSS:4.0/AV:L/AC:L/AT:N/PR:L/UI:N/VC:N/VI:N/VA:H/SC:N/SI:N/SA:N,GHSA-qjj8-32p7-h289,
,lockfile,tensorflow-cpu,2.5.0,PyPI,GHSA-qjqc-vqcf-5qvj,HIGH,"BIT-tensorflow-2023-25660,CVE-2023-25660",CWE-476,CVSS:3.1/AV:N/AC:L/PR:N/UI:N/S:U/C:N/I:N/A:H,GHSA-qjqc-vqcf-5qvj,
,lockfile,tensorflow-cpu,2.5.0,PyPI,GHSA-qr82-2c78-4m8h,HIGH,"BIT-tensorflow-2021-37671,CVE-2021-37671,PYSEC-2021-293,PYSEC-2021-584,PYSEC-2021-782",CWE-824,CVSS:4.0/AV:L/AC:L/AT:N/PR:L/UI:N/VC:H/VI:H/VA:H/SC:N/SI:N/SA:N,GHSA-qr82-2c78-4m8h,
,lockfile,tensorflow-cpu,2.5.0,PyPI,GHSA-qx3f-p745-w4hr,HIGH,"BIT-tensorflow-2022-23562,CVE-2022-23562,PYSEC-2022-126,PYSEC-2022-71",CWE-190,CVSS:4.0/AV:N/AC:L/AT:N/PR:L/UI:N/VC:L/VI:L/VA:H/SC:N/SI:N/SA:N,"PYSEC-2022-71,GHSA-qx3f-p745-w4hr",
,lockfile,tensorflow-cpu,2.5.0,PyPI,GHSA-qxpx-j395-pw36,MODERATE,"BIT-tensorflow-2022-35965,CVE-2022-35965",CWE-476,CVSS:3.1/AV:N/AC:H/PR:N/UI:N/S:U/C:N/I:N/A:H,GHSA-qxpx-j395-pw36,
,lockfile,tensorflow-cpu,2.5.0,PyPI,GHSA-r26c-679w-mrjm,MODERATE,"BIT-tensorflow-2022-36005,CVE-2022-36005",CWE-617,CVSS:3.1/AV:N/AC:H/PR:N/UI:N/S:U/C:N/I:N/A:H,GHSA-r26c-679w-mrjm,
,lockfile,tensorflow-cpu,2.5.0,PyPI,GHSA-r4c4-5fpq-56wg,HIGH,"BIT-tensorflow-2021-37664,CVE-2021-37664,PYSEC-2021-286,PYSEC-2021-577,PYSEC-2021-775",CWE-125,CVSS:4.0/AV:L/AC:L/AT:N/PR:L/UI:N/VC:H/VI:L/VA:H/SC:N/SI:N/SA:N,GHSA-r4c4-5fpq-56wg,
,lockfile,tensorflow-cpu,2.5.0,PyPI,GHSA-r6jx-9g48-2r5r,HIGH,"BIT-tensorflow-2021-37678,CVE-2021-37678,PYSEC-2021-300,PYSEC-2021-591,PYSEC-2021-789",CWE-502,CVSS:4.0/AV:L/AC:L/AT:N/PR:L/UI:N/VC:H/VI:H/VA:H/SC:N/SI:N/SA:N,GHSA-r6jx-9g48-2r5r,
,lockfile,tensorflow-cpu,2.5.0,PyPI,GHSA-rc9w-5c64-9vqq,MODERATE,"BIT-tensorflow-2022-29206,CVE-2022-29206","CWE-20,CWE-476",CVSS:3.1/AV:L/AC:L/PR:L/UI:N/S:U/C:N/I:N/A:H,GHSA-rc9w-5c64-9vqq,
,lockfile,tensorflow-cpu,2.5.0,PyPI,GHSA-rcf8-g8jv-vg6p,HIGH,"BIT-tensorflow-2023-25669,CVE-2023-25669",CWE-697,CVSS:3.1/AV:N/AC:L/PR:N/UI:N/S:U/C:N/I:N/A:H,GHSA-rcf8-g8jv-vg6p,
,lockfile,tensorflow-cpu,2.5.0,PyPI,GHSA-rg3m-hqc5-344v,MODERATE,"BIT-tensorflow-2021-41224,CVE-2021-41224,PYSEC-2021-416,PYSEC-2021-633,PYSEC-2021-831",CWE-125,CVSS:4.0/AV:L/AC:L/AT:N/PR:L/UI:N/VC:H/VI:N/VA:H/SC:N/SI:N/SA:N,"PYSEC-2021-633,GHSA-rg3m-hqc5-344v",
,lockfile,tensorflow-cpu,2.5.0,PyPI,GHSA-rh87-q4vg-m45j,LOW,"BIT-tensorflow-2022-36015,CVE-2022-36015",CWE-190,,GHSA-rh87-q4vg-m45j,
,lockfile,tensorflow-cpu,2.5.0,PyPI,GHSA-rhrq-64mq-hf9h,MODERATE,"BIT-tensorflow-2021-37683,CVE-2021-37683,PYSEC-2021-305,PYSEC-2021-596,PYSEC-2021-794",CWE-369,CVSS:4.0/AV:L/AC:L/AT:N/PR:L/UI:N/VC:N/VI:N/VA:H/SC:N/SI:N/SA:N,GHSA-rhrq-64mq-hf9h,
,lockfile,tensorflow-cpu,2.5.0,PyPI,GHSA-rjx6-v474-2ch9,MODERATE,"BIT-tensorflow-2022-41909,CVE-2022-41909","CWE-20,CWE-476",CVSS:3.1/AV:N/AC:H/PR:L/UI:R/S:U/C:N/I:N/A:H,GHSA-rjx6-v474-2ch9,
,lockfile,tensorflow-cpu,2.5.0,PyPI,GHSA-rmg2-f698-wq35,MODERATE,"BIT-tensorflow-2022-41896,CVE-2022-41896","CWE-1284,CWE-20",CVSS:3.1/AV:N/AC:H/PR:L/UI:R/S:U/C:N/I:N/A:H,GHSA-rmg2-f698-wq35,
,lockfile,tensorflow-cpu,2.5.0,PyPI,GHSA-rrx2-r989-2c43,HIGH,"BIT-tensorflow-2022-23567,CVE-2022-23567,PYSEC-2022-131,PYSEC-2022-76",CWE-190,CVSS:4.0/AV:N/AC:L/AT:N/PR:L/UI:N/VC:N/VI:N/VA:H/SC:N/SI:N/SA:N,"PYSEC-2022-76,GHSA-rrx2-r989-2c43",
,lockfile,tensorflow-cpu,2.5.0,PyPI,GHSA-rww7-2gpw-fv6j,HIGH,"BIT-tensorflow-2022-23572,CVE-2022-23572,PYSEC-2022-136,PYSEC-2022-81","CWE-617,CWE-754",CVSS:4.0/AV:N/AC:L/AT:N/PR:L/UI:N/VC:N/VI:N/VA:H/SC:N/SI:N/SA:N,"PYSEC-2022-81,GHSA-rww7-2gpw-fv6j",
,lockfile,tensorflow-cpu,2.5.0,PyPI,GHSA-v3f7-j968-4h5f,MODERATE,"BIT-tensorflow-2022-21725,CVE-2022-21725,PYSEC-2022-104,PYSEC-2022-49",CWE-369,CVSS:4.0/AV:L/AC:L/AT:N/PR:L/UI:N/VC:N/VI:N/VA:H/SC:N/SI:N/SA:N,"PYSEC-2022-49,GHSA-v3f7-j968-4h5f",
,lockfile,tensorflow-cpu,2.5.0,PyPI,GHSA-v5xg-3q2c-c2r4,MODERATE,"BIT-tensorflow-2022-35960,CVE-2022-35960",CWE-617,CVSS:3.1/AV:N/AC:H/PR:N/UI:N/S:U/C:N/I:N/A:H,GHSA-v5xg-3q2c-c2r4,
,lockfile,tensorflow-cpu,2.5.0,PyPI,GHSA-v6h3-348g-6h5x,MODERATE,"BIT-tensorflow-2022-35967,CVE-2022-35967",CWE-20,CVSS:3.1/AV:N/AC:H/PR:N/UI:N/S:U/C:N/I:N/A:H,GHSA-v6h3-348g-6h5x,
,lockfile,tensorflow-cpu,2.5.0,PyPI,GHSA-v768-w7m9-2vmm,HIGH,"BIT-tensorflow-2021-37676,CVE-2021-37676,PYSEC-2021-298,PYSEC-2021-589,PYSEC-2021-787",CWE-824,CVSS:4.0/AV:L/AC:L/AT:N/PR:L/UI:N/VC:H/VI:H/VA:H/SC:N/SI:N/SA:N,GHSA-v768-w7m9-2vmm,
,lockfile,tensorflow-cpu,2.5.0,PyPI,GHSA-v7vw-577f-vp8x,MODERATE,"BIT-tensorflow-2022-35979,CVE-2022-35979",CWE-20,CVSS:3.1/AV:N/AC:H/PR:N/UI:N/S:U/C:N/I:N/A:H,GHSA-v7vw-577f-vp8x,
,lockfile,tensorflow-cpu,2.5.0,PyPI,GHSA-v82p-hv3v-p6qp,HIGH,"BIT-tensorflow-2021-37665,CVE-2021-37665,PYSEC-2021-287,PYSEC-2021-578,PYSEC-2021-776",CWE-20,CVSS:4.0/AV:L/AC:L/AT:N/PR:L/UI:N/VC:H/VI:H/VA:H/SC:N/SI:N/SA:N,GHSA-v82p-hv3v-p6qp,
,lockfile,tensorflow-cpu,2.5.0,PyPI,GHSA-vcjj-9vg7-vf68,HIGH,"BIT-tensorflow-2021-37688,CVE-2021-37688,PYSEC-2021-310,PYSEC-2021-601,PYSEC-2021-799",CWE-476,CVSS:4.0/AV:L/AC:L/AT:N/PR:L/UI:N/VC:H/VI:H/VA:H/SC:N/SI:N/SA:N,GHSA-vcjj-9vg7-vf68,
,lockfile,tensorflow-cpu,2.5.0,PyPI,GHSA-vgvh-2pf4-jr2x,MODERATE,"BIT-tensorflow-2022-35974,CVE-2022-35974",CWE-20,CVSS:3.1/AV:N/AC:H/PR:N/UI:N/S:U/C:N/I:N/A:H,GHSA-vgvh-2pf4-jr2x,
,lockfile,tensorflow-cpu,2.5.0,PyPI,GHSA-vjg4-v33c-ggc4,HIGH,"BIT-tensorflow-2022-21730,CVE-2022-21730,PYSEC-2022-109,PYSEC-2022-54",CWE-125,CVSS:4.0/AV:N/AC:L/AT:N/PR:L/UI:N/VC:H/VI:N/VA:H/SC:N/SI:N/SA:N,"PYSEC-2022-54,GHSA-vjg4-v33c-ggc4",
,lockfile,tensorflow-cpu,2.5.0,PyPI,GHSA-vm7x-4qhj-rrcq,MODERATE,"BIT-tensorflow-2022-35991,CVE-2022-35991",CWE-617,CVSS:3.1/AV:N/AC:H/PR:N/UI:N/S:U/C:N/I:N/A:H,GHSA-vm7x-4qhj-rrcq,
,lockfile,tensorflow-cpu,2.5.0,PyPI,GHSA-vmjw-c2vp-p33c,MODERATE,"BIT-tensorflow-2021-37669,CVE-2021-37669,PYSEC-2021-291,PYSEC-2021-582,PYSEC-2021-780",CWE-681,CVSS:4.0/AV:L/AC:L/AT:N/PR:L/UI:N/VC:N/VI:N/VA:H/SC:N/SI:N/SA:N,GHSA-vmjw-c2vp-p33c,
,lockfile,tensorflow-cpu,2.5.0,PyPI,GHSA-vwhq-49r4-gj9v,HIGH,"BIT-tensorflow-2021-41214,CVE-2021-41214,PYSEC-2021-406,PYSEC-2021-623,PYSEC-2021-821",CWE-824,CVSS:3.1/AV:L/AC:L/PR:L/UI:N/S:U/C:H/I:H/A:H,"PYSEC-2021-623,GHSA-vwhq-49r4-gj9v",
,lockfile,tensorflow-cpu,2.5.0,PyPI,GHSA-vxv8-r8q2-63xw,MODERATE,"BIT-tensorflow-2022-35981,CVE-2022-35981",CWE-617,CVSS:3.1/AV:N/AC:H/PR:N/UI:N/S:U/C:N/I:N/A:H,GHSA-vxv8-r8q2-63xw,
,lockfile,tensorflow-cpu,2.5.0,PyPI,GHSA-w4xf-2pqw-5mq7,HIGH,"BIT-tensorflow-2021-37666,CVE-2021-37666,PYSEC-2021-288,PYSEC-2021-579,PYSEC-2021-777",CWE-824,CVSS:4.0/AV:L/AC:L/AT:N/PR:L/UI:N/VC:H/VI:H/VA:H/SC:N/SI:N/SA:N,GHSA-w4xf-2pqw-5mq7,
,lockfile,tensorflow-cpu,2.5.0,PyPI,GHSA-w62h-8xjm-fv49,MODERATE,"BIT-tensorflow-2022-35987,CVE-2022-35987",CWE-617,CVSS:3.1/AV:N/AC:H/PR:N/UI:N/S:U/C:N/I:N/A:H,GHSA-w62h-8xjm-fv49,
,lockfile,tensorflow-cpu,2.5.0,PyPI,GHSA-w74j-v8xh-3w5h,HIGH,"BIT-tensorflow-2021-37667,CVE-2021-37667,PYSEC-2021-289,PYSEC-2021-580,PYSEC-2021-778",CWE-824,CVSS:4.0/AV:L/AC:L/AT:N/PR:L/UI:N/VC:H/VI:H/VA:H/SC:N/SI:N/SA:N,GHSA-w74j-v8xh-3w5h,
,lockfile,tensorflow-cpu,2.5.0,PyPI,GHSA-wc4g-r73w-x8mm,HIGH,"BIT-tensorflow-2022-23563,CVE-2022-23563,PYSEC-2022-127,PYSEC-2022-72","CWE-367,CWE-668",CVSS:4.0/AV:L/AC:L/AT:N/PR:L/UI:N/VC:H/VI:H/VA:N/SC:N/SI:N/SA:N,"PYSEC-2022-72,GHSA-wc4g-r73w-x8mm",
,lockfile,tensorflow-cpu,2.5.0,PyPI,GHSA-wcv5-vrvr-3rx2,MODERATE,,CWE-190,CVSS:3.1/AV:L/AC:L/PR:L/UI:N/S:U/C:N/I:N/A:H,GHSA-wcv5-vrvr-3rx2,
,lockfile,tensorflow-cpu,2.5.0,PyPI,GHSA-wf5p-c75w-w3wh,HIGH,"BIT-tensorflow-2021-37689,CVE-2021-37689,PYSEC-2021-311,PYSEC-2021-602,PYSEC-2021-800",CWE-476,CVSS:4.0/AV:L/AC:L/AT:N/PR:L/UI:N/VC:H/VI:H/VA:H/SC:N/SI:N/SA:N,GHSA-wf5p-c75w-w3wh,
,lockfile,tensorflow-cpu,2.5.0,PyPI,GHSA-wm93-f238-7v37,HIGH,"BIT-tensorflow-2022-23576,CVE-2022-23576,PYSEC-2022-140,PYSEC-2022-85",CWE-190,CVSS:4.0/AV:N/AC:L/AT:N/PR:L/UI:N/VC:N/VI:N/VA:H/SC:N/SI:N/SA:N,"PYSEC-2022-85,GHSA-wm93-f238-7v37",
,lockfile,tensorflow-cpu,2.5.0,PyPI,GHSA-wp77-4gmm-7cq8,HIGH,"BIT-tensorflow-2021-37648,CVE-2021-37648,PYSEC-2021-270,PYSEC-2021-561,PYSEC-2021-759",CWE-476,CVSS:4.0/AV:L/AC:L/AT:N/PR:L/UI:N/VC:H/VI:H/VA:H/SC:N/SI:N/SA:N,GHSA-wp77-4gmm-7cq8,
,lockfile,tensorflow-cpu,2.5.0,PyPI,GHSA-wq6q-6m32-9rv9,MODERATE,"BIT-tensorflow-2022-35993,CVE-2022-35993",CWE-617,CVSS:3.1/AV:N/AC:H/PR:N/UI:N/S:U/C:N/I:N/A:H,GHSA-wq6q-6m32-9rv9,
,lockfile,tensorflow-cpu,2.5.0,PyPI,GHSA-wqmc-pm8c-2jhc,MODERATE,"BIT-tensorflow-2022-36017,CVE-2022-36017",CWE-20,CVSS:3.1/AV:N/AC:H/PR:N/UI:N/S:U/C:N/I:N/A:H,GHSA-wqmc-pm8c-2jhc,
,lockfile,tensorflow-cpu,2.5.0,PyPI,GHSA-wxjj-cgcx-r3vq,MODERATE,"BIT-tensorflow-2022-35959,CVE-2022-35959",CWE-617,CVSS:3.1/AV:N/AC:H/PR:N/UI:N/S:U/C:N/I:N/A:H,GHSA-wxjj-cgcx-r3vq,
,lockfile,tensorflow-cpu,2.5.0,PyPI,GHSA-x3v8-c8qx-3j3r,MODERATE,"BIT-tensorflow-2021-41215,CVE-2021-41215,PYSEC-2021-407,PYSEC-2021-624,PYSEC-2021-822",CWE-476,CVSS:3.1/AV:L/AC:L/PR:L/UI:N/S:U/C:N/I:N/A:H,"PYSEC-2021-624,GHSA-x3v8-c8qx-3j3r",
,lockfile,tensorflow-cpu,2.5.0,PyPI,GHSA-x4qx-4fjv-hmw6,HIGH,"BIT-tensorflow-2022-21738,CVE-2022-21738,PYSEC-2022-117,PYSEC-2022-62",CWE-190,CVSS:4.0/AV:N/AC:L/AT:N/PR:L/UI:N/VC:N/VI:N/VA:H/SC:N/SI:N/SA:N,"PYSEC-2022-62,GHSA-x4qx-4fjv-hmw6",
,lockfile,tensorflow-cpu,2.5.0,PyPI,GHSA-x989-q2pq-4q5x,MODERATE,"BIT-tensorflow-2022-35940,CVE-2022-35940",CWE-190,CVSS:3.1/AV:N/AC:H/PR:N/UI:N/S:U/C:N/I:N/A:H,GHSA-x989-q2pq-4q5x,
,lockfile,tensorflow-cpu,2.5.0,PyPI,GHSA-xf83-q765-xm6m,LOW,,,,GHSA-xf83-q765-xm6m,
,lockfile,tensorflow-cpu,2.5.0,PyPI,GHSA-xrp2-fhq4-4q3w,MODERATE,"BIT-tensorflow-2022-29211,CVE-2022-29211",CWE-20,CVSS:3.1/AV:L/AC:L/PR:L/UI:N/S:U/C:N/I:N/A:H,GHSA-xrp2-fhq4-4q3w,
,lockfile,tensorflow-cpu,2.5.0,PyPI,GHSA-xrqm-fpgr-6hhx,MODERATE,"BIT-tensorflow-2021-41202,CVE-2021-41202,PYSEC-2021-395,PYSEC-2021-612,PYSEC-2021-810",CWE-681,CVSS:4.0/AV:L/AC:L/AT:N/PR:L/UI:N/VC:N/VI:N/VA:H/SC:N/SI:N/SA:N,"PYSEC-2021-612,GHSA-xrqm-fpgr-6hhx",
,lockfile,tensorflow-cpu,2.5.0,PyPI,GHSA-xvwp-h6jv-7472,HIGH,"BIT-tensorflow-2022-41900,CVE-2022-41900","CWE-125,CWE-787",CVSS:3.1/AV:N/AC:H/PR:L/UI:R/S:U/C:H/I:H/A:H,GHSA-xvwp-h6jv-7472,
,lockfile,tensorflow-cpu,2.5.0,PyPI,GHSA-xxcj-rhqg-m46g,MODERATE,"BIT-tensorflow-2022-41889,CVE-2022-41889",CWE-476,CVSS:3.1/AV:L/AC:L/PR:L/UI:N/S:U/C:N/I:N/A:H,GHSA-xxcj-rhqg-m46g,
,lockfile,tensorflow-cpu,2.5.0,PyPI,PYSEC-2021-606,,"BIT-tensorflow-2021-41196,CVE-2021-41196,GHSA-m539-j985-hcr8,PYSEC-2021-389,PYSEC-2021-804",,,"PYSEC-2021-606,GHSA-m539-j985-hcr8",
,lockfile,tensorflow-cpu,2.5.0,PyPI,PYSEC-2021-607,,"BIT-tensorflow-2021-41197,CVE-2021-41197,GHSA-prcg-wp5q-rv7p,PYSEC-2021-390,PYSEC-2021-805",,,"PYSEC-2021-607,GHSA-prcg-wp5q-rv7p",
,lockfile,tensorflow-cpu,2.5.0,PyPI,PYSEC-2021-608,,"BIT-tensorflow-2021-41198,CVE-2021-41198,GHSA-2p25-55c9-h58q,PYSEC-2021-391,PYSEC-2021-806",,,"PYSEC-2021-608,GHSA-2p25-55c9-h58q",
,lockfile,tensorflow-cpu,2.5.0,PyPI,PYSEC-2021-609,,"BIT-tensorflow-2021-41199,CVE-2021-41199,GHSA-5hx2-qx8j-qjqm,PYSEC-2021-392,PYSEC-2021-807",,,"PYSEC-2021-609,GHSA-5hx2-qx8j-qjqm",
,lockfile,tensorflow-cpu,2.5.0,PyPI,PYSEC-2021-610,,"BIT-tensorflow-2021-41200,CVE-2021-41200,GHSA-gh8h-7j2j-qv4f,PYSEC-2021-393,PYSEC-2021-808",,,"PYSEC-2021-610,GHSA-gh8h-7j2j-qv4f",
,lockfile,tensorflow-cpu,2.5.0,PyPI,PYSEC-2021-611,,"BIT-tensorflow-2021-41201,CVE-2021-41201,GHSA-j86v-p27c-73fm,PYSEC-2021-394,PYSEC-2021-809",,,"PYSEC-2021-611,GHSA-j86v-p27c-73fm",
,lockfile,tensorflow-cpu,2.5.0,PyPI,PYSEC-2021-612,,"BIT-tensorflow-2021-41202,CVE-2021-41202,GHSA-xrqm-fpgr-6hhx,PYSEC-2021-395,PYSEC-2021-810",,,"PYSEC-2021-612,GHSA-xrqm-fpgr-6hhx",
,lockfile,tensorflow-cpu,2.5.0,PyPI,PYSEC-2021-613,,"BIT-tensorflow-2021-41203,CVE-2021-41203,GHSA-7pxj-m4jf-r6h2,PYSEC-2021-396,PYSEC-2021-811",,,"PYSEC-2021-613,GHSA-7pxj-m4jf-r6h2",
,lockfile,tensorflow-cpu,2.5.0,PyPI,PYSEC-2021-614,,"BIT-tensorflow-2021-41204,CVE-2021-41204,GHSA-786j-5qwq-r36x,PYSEC-2021-397,PYSEC-2021-812",,,"PYSEC-2021-614,GHSA-786j-5qwq-r36x",
,lockfile,tensorflow-cpu,2.5.0,PyPI,PYSEC-2021-615,,"BIT-tensorflow-2021-41205,CVE-2021-41205,GHSA-49rx-x2rw-pc6f,PYSEC-2021-398,PYSEC-2021-813",,,"PYSEC-2021-615,GHSA-49rx-x2rw-pc6f",
,lockfile,tensorflow-cpu,2.5.0,PyPI,PYSEC-2021-616,,"BIT-tensorflow-2021-41207,CVE-2021-41207,GHSA-7v94-64hj-m82h,PYSEC-2021-399,PYSEC-2021-814",,,"PYSEC-2021-616,GHSA-7v94-64hj-m82h",
,lockfile,tensorflow-cpu,2.5.0,PyPI,PYSEC-2021-617,,"BIT-tensorflow-2021-41208,CVE-2021-41208,GHSA-57wx-m983-2f88,PYSEC-2021-400,PYSEC-2021-815",,,"PYSEC-2021-617,GHSA-57wx-m983-2f88",
,lockfile,tensorflow-cpu,2.5.0,PyPI,PYSEC-2021-618,,"BIT-tensorflow-2021-41209,CVE-2021-41209,GHSA-6hpv-v2rx-c5g6,PYSEC-2021-401,PYSEC-2021-816",,,"PYSEC-2021-618,GHSA-6hpv-v2rx-c5g6",
,lockfile,tensorflow-cpu,2.5.0,PyPI,PYSEC-2021-619,,"BIT-tensorflow-2021-41210,CVE-2021-41210,GHSA-m342-ff57-4jcc,PYSEC-2021-402,PYSEC-2021-817",,,"PYSEC-2021-619,GHSA-m342-ff57-4jcc",
,lockfile,tensorflow-cpu,2.5.0,PyPI,PYSEC-2021-621,,"BIT-tensorflow-2021-41212,CVE-2021-41212,GHSA-fr77-rrx3-cp7g,PYSEC-2021-404,PYSEC-2021-819",,,"PYSEC-2021-621,GHSA-fr77-rrx3-cp7g",
,lockfile,tensorflow-cpu,2.5.0,PyPI,PYSEC-2021-622,,"BIT-tensorflow-2021-41213,CVE-2021-41213,GHSA-h67m-xg8f-fxcf,PYSEC-2021-405,PYSEC-2021-820",,,"PYSEC-2021-622,GHSA-h67m-xg8f-fxcf",
,lockfile,tensorflow-cpu,2.5.0,PyPI,PYSEC-2021-623,,"BIT-tensorflow-2021-41214,CVE-2021-41214,GHSA-vwhq-49r4-gj9v,PYSEC-2021-406,PYSEC-2021-821",,,"PYSEC-2021-623,GHSA-vwhq-49r4-gj9v",
,lockfile,tensorflow-cpu,2.5.0,PyPI,PYSEC-2021-624,,"BIT-tensorflow-2021-41215,CVE-2021-41215,GHSA-x3v8-c8qx-3j3r,PYSEC-2021-407,PYSEC-2021-822",,,"PYSEC-2021-624,GHSA-x3v8-c8qx-3j3r",
,lockfile,tensorflow-cpu,2.5.0,PyPI,PYSEC-2021-625,,"BIT-tensorflow-2021-41216,CVE-2021-41216,GHSA-3ff2-r28g-w7h9,PYSEC-2021-408,PYSEC-2021-823",,,"PYSEC-2021-625,GHSA-3ff2-r28g-w7h9",
,lockfile,tensorflow-cpu,2.5.0,PyPI,PYSEC-2021-626,,"BIT-tensorflow-2021-41217,CVE-2021-41217,GHSA-5crj-c72x-m7gq,PYSEC-2021-409,PYSEC-2021-824",,,"PYSEC-2021-626,GHSA-5crj-c72x-m7gq",
,lockfile,tensorflow-cpu,2.5.0,PyPI,PYSEC-2021-627,,"BIT-tensorflow-2021-41218,CVE-2021-41218,GHSA-9crf-c6qr-r273,PYSEC-2021-410,PYSEC-2021-825",,,"PYSEC-2021-627,GHSA-9crf-c6qr-r273",
,lockfile,tensorflow-cpu,2.5.0,PyPI,PYSEC-2021-628,,"BIT-tensorflow-2021-41219,CVE-2021-41219,GHSA-4f99-p9c2-3j8x,PYSEC-2021-411,PYSEC-2021-826",,,"PYSEC-2021-628,GHSA-4f99-p9c2-3j8x",
,lockfile,tensorflow-cpu,2.5.0,PyPI,PYSEC-2021-630,,"BIT-tensorflow-2021-41221,CVE-2021-41221,GHSA-cqv6-3phm-hcwx,PYSEC-2021-413,PYSEC-2021-828",,,"PYSEC-2021-630,GHSA-cqv6-3phm-hcwx",
,lockfile,tensorflow-cpu,2.5.0,PyPI,PYSEC-2021-631,,"BIT-tensorflow-2021-41222,CVE-2021-41222,GHSA-cpf4-wx82-gxp6,PYSEC-2021-414,PYSEC-2021-829",,,"PYSEC-2021-631,GHSA-cpf4-wx82-gxp6",
,lockfile,tensorflow-cpu,2.5.0,PyPI,PYSEC-2021-632,,"BIT-tensorflow-2021-41223,CVE-2021-41223,GHSA-f54p-f6jp-4rhr,PYSEC-2021-415,PYSEC-2021-830",,,"PYSEC-2021-632,GHSA-f54p-f6jp-4rhr",
,lockfile,tensorflow-cpu,2.5.0,PyPI,PYSEC-2021-633,,"BIT-tensorflow-2021-41224,CVE-2021-41224,GHSA-rg3m-hqc5-344v,PYSEC-2021-416,PYSEC-2021-831",,,"PYSEC-2021-633,GHSA-rg3m-hqc5-344v",
,lockfile,tensorflow-cpu,2.5.0,PyPI,PYSEC-2021-634,,"BIT-tensorflow-2021-41225,CVE-2021-41225,GHSA-7r94-xv9v-63jw,PYSEC-2021-417,PYSEC-2021-832",,,"PYSEC-2021-634,GHSA-7r94-xv9v-63jw",
,lockfile,tensorflow-cpu,2.5.0,PyPI,PYSEC-2021-635,,"BIT-tensorflow-2021-41226,CVE-2021-41226,GHSA-374m-jm66-3vj8,PYSEC-2021-418,PYSEC-2021-833",,,"PYSEC-2021-635,GHSA-374m-jm66-3vj8",
,lockfile,tensorflow-cpu,2.5.0,PyPI,PYSEC-2021-636,,"BIT-tensorflow-2021-41227,CVE-2021-41227,GHSA-j8c8-67vp-6mx7,PYSEC-2021-419,PYSEC-2021-834",,,"PYSEC-2021-636,GHSA-j8c8-67vp-6mx7",
,lockfile,tensorflow-cpu,2.5.0,PyPI,PYSEC-2021-637,,"BIT-tensorflow-2021-41228,CVE-2021-41228,GHSA-3rcw-9p9x-582v,PYSEC-2021-420,PYSEC-2021-835",,,"PYSEC-2021-637,GHSA-3rcw-9p9x-582v",
,lockfile,tensorflow-cpu,2.5.0,PyPI,PYSEC-2021-844,,"BIT-tensorflow-2021-41195,CVE-2021-41195,GHSA-cq76-mxrc-vchh,PYSEC-2021-842,PYSEC-2021-846",,,"PYSEC-2021-844,GHSA-cq76-mxrc-vchh",
,lockfile,tensorflow-cpu,2.5.0,PyPI,PYSEC-2021-845,,"BIT-tensorflow-2021-41206,CVE-2021-41206,GHSA-pgcq-h79j-2f69,PYSEC-2021-843,PYSEC-2021-847",,,"PYSEC-2021-845,GHSA-pgcq-h79j-2f69",
,lockfile,tensorflow-cpu,2.5.0,PyPI,PYSEC-2022-100,,"BIT-tensorflow-2022-23591,CVE-2022-23591,GHSA-247x-2f9f-5wp7,PYSEC-2022-155",,,"PYSEC-2022-100,GHSA-247x-2f9f-5wp7",
,lockfile,tensorflow-cpu,2.5.0,PyPI,PYSEC-2022-103,,"BIT-tensorflow-2022-23595,CVE-2022-23595,GHSA-fpcp-9h7m-ffpx,PYSEC-2022-158",,,"PYSEC-2022-103,GHSA-fpcp-9h7m-ffpx",
,lockfile,tensorflow-cpu,2.5.0,PyPI,PYSEC-2022-49,,"BIT-tensorflow-2022-21725,CVE-2022-21725,GHSA-v3f7-j968-4h5f,PYSEC-2022-104",,,"PYSEC-2022-49,GHSA-v3f7-j968-4h5f",
,lockfile,tensorflow-cpu,2.5.0,PyPI,PYSEC-2022-50,,"BIT-tensorflow-2022-21726,CVE-2022-21726,GHSA-23hm-7w47-xw72,PYSEC-2022-105",,,"PYSEC-2022-50,GHSA-23hm-7w47-xw72",
,lockfile,tensorflow-cpu,2.5.0,PyPI,PYSEC-2022-51,,"BIT-tensorflow-2022-21727,CVE-2022-21727,GHSA-c6fh-56w7-fvjw,PYSEC-2022-106",,,"PYSEC-2022-51,GHSA-c6fh-56w7-fvjw",
,lockfile,tensorflow-cpu,2.5.0,PyPI,PYSEC-2022-52,,"BIT-tensorflow-2022-21728,CVE-2022-21728,GHSA-6gmv-pjp9-p8w8,PYSEC-2022-107",,,"PYSEC-2022-52,GHSA-6gmv-pjp9-p8w8",
,lockfile,tensorflow-cpu,2.5.0,PyPI,PYSEC-2022-53,,"BIT-tensorflow-2022-21729,CVE-2022-21729,GHSA-34f9-hjfq-rr8j,PYSEC-2022-108",,,"PYSEC-2022-53,GHSA-34f9-hjfq-rr8j",
,lockfile,tensorflow-cpu,2.5.0,PyPI,PYSEC-2022-54,,"BIT-tensorflow-2022-21730,CVE-2022-21730,GHSA-vjg4-v33c-ggc4,PYSEC-2022-109",,,"PYSEC-2022-54,GHSA-vjg4-v33c-ggc4",
,lockfile,tensorflow-cpu,2.5.0,PyPI,PYSEC-2022-55,,"BIT-tensorflow-2022-21731,CVE-2022-21731,GHSA-m4hf-j54p-p353,PYSEC-2022-110",,,"PYSEC-2022-55,GHSA-m4hf-j54p-p353",
,lockfile,tensorflow-cpu,2.5.0,PyPI,PYSEC-2022-56,,"BIT-tensorflow-2022-21732,CVE-2022-21732,GHSA-c582-c96p-r5cq,PYSEC-2022-111",,,"PYSEC-2022-56,GHSA-c582-c96p-r5cq",
,lockfile,tensorflow-cpu,2.5.0,PyPI,PYSEC-2022-57,,"BIT-tensorflow-2022-21733,CVE-2022-21733,GHSA-98j8-c9q4-r38g,PYSEC-2022-112",,,"PYSEC-2022-57,GHSA-98j8-c9q4-r38g",
,lockfile,tensorflow-cpu,2.5.0,PyPI,PYSEC-2022-58,,"BIT-tensorflow-2022-21734,CVE-2022-21734,GHSA-gcvh-66ff-4mwm,PYSEC-2022-113",,,"PYSEC-2022-58,GHSA-gcvh-66ff-4mwm",
,lockfile,tensorflow-cpu,2.5.0,PyPI,PYSEC-2022-59,,"BIT-tensorflow-2022-21735,CVE-2022-21735,GHSA-87v6-crgm-2gfj,PYSEC-2022-114",,,"PYSEC-2022-59,GHSA-87v6-crgm-2gfj",
,lockfile,tensorflow-cpu,2.5.0,PyPI,PYSEC-2022-60,,"BIT-tensorflow-2022-21736,CVE-2022-21736,GHSA-pfjj-m3jj-9jc9,PYSEC-2022-115",,,"PYSEC-2022-60,GHSA-pfjj-m3jj-9jc9",
,lockfile,tensorflow-cpu,2.5.0,PyPI,PYSEC-2022-61,,"BIT-tensorflow-2022-21737,CVE-2022-21737,GHSA-f2vv-v9cg-qhh7,PYSEC-2022-116",,,"PYSEC-2022-61,GHSA-f2vv-v9cg-qhh7",
,lockfile,tensorflow-cpu,2.5.0,PyPI,PYSEC-2022-62,,"BIT-tensorflow-2022-21738,CVE-2022-21738,GHSA-x4qx-4fjv-hmw6,PYSEC-2022-117",,,"PYSEC-2022-62,GHSA-x4qx-4fjv-hmw6",
,lockfile,tensorflow-cpu,2.5.0,PyPI,PYSEC-2022-63,,"BIT-tensorflow-2022-21739,CVE-2022-21739,GHSA-3mw4-6rj6-74g5,PYSEC-2022-118",,,"PYSEC-2022-63,GHSA-3mw4-6rj6-74g5",
,lockfile,tensorflow-cpu,2.5.0,PyPI,PYSEC-2022-64,,"BIT-tensorflow-2022-21740,CVE-2022-21740,GHSA-44qp-9wwf-734r,PYSEC-2022-119",,,"PYSEC-2022-64,GHSA-44qp-9wwf-734r",
,lockfile,tensorflow-cpu,2.5.0,PyPI,PYSEC-2022-65,,"BIT-tensorflow-2022-21741,CVE-2022-21741,GHSA-428x-9xc2-m8mj,PYSEC-2022-120",,,"PYSEC-2022-65,GHSA-428x-9xc2-m8mj",
,lockfile,tensorflow-cpu,2.5.0,PyPI,PYSEC-2022-66,,"BIT-tensorflow-2022-23557,CVE-2022-23557,GHSA-gf2j-f278-xh4v,PYSEC-2022-121",,,"PYSEC-2022-66,GHSA-gf2j-f278-xh4v",
,lockfile,tensorflow-cpu,2.5.0,PyPI,PYSEC-2022-67,,"BIT-tensorflow-2022-23558,CVE-2022-23558,GHSA-9gwq-6cwj-47h3,PYSEC-2022-122",,,"PYSEC-2022-67,GHSA-9gwq-6cwj-47h3",
,lockfile,tensorflow-cpu,2.5.0,PyPI,PYSEC-2022-68,,"BIT-tensorflow-2022-23559,CVE-2022-23559,GHSA-98p5-x8x4-c9m5,PYSEC-2022-123",,,"PYSEC-2022-68,GHSA-98p5-x8x4-c9m5",
,lockfile,tensorflow-cpu,2.5.0,PyPI,PYSEC-2022-69,,"BIT-tensorflow-2022-23560,CVE-2022-23560,GHSA-4hvf-hxvg-f67v,PYSEC-2022-124",,,"PYSEC-2022-69,GHSA-4hvf-hxvg-f67v",
,lockfile,tensorflow-cpu,2.5.0,PyPI,PYSEC-2022-70,,"BIT-tensorflow-2022-23561,CVE-2022-23561,GHSA-9c78-vcq7-7vxq,PYSEC-2022-125",,,"PYSEC-2022-70,GHSA-9c78-vcq7-7vxq",
,lockfile,tensorflow-cpu,2.5.0,PyPI,PYSEC-2022-71,,"BIT-tensorflow-2022-23562,CVE-2022-23562,GHSA-qx3f-p745-w4hr,PYSEC-2022-126",,,"PYSEC-2022-71,GHSA-qx3f-p745-w4hr",
,lockfile,tensorflow-cpu,2.5.0,PyPI,PYSEC-2022-72,,"BIT-tensorflow-2022-23563,CVE-2022-23563,GHSA-wc4g-r73w-x8mm,PYSEC-2022-127",,,"PYSEC-2022-72,GHSA-wc4g-r73w-x8mm",
,lockfile,tensorflow-cpu,2.5.0,PyPI,PYSEC-2022-73,,"BIT-tensorflow-2022-23564,CVE-2022-23564,GHSA-8rcj-c8pj-v3m3,PYSEC-2022-128",,,"PYSEC-2022-73,GHSA-8rcj-c8pj-v3m3",
,lockfile,tensorflow-cpu,2.5.0,PyPI,PYSEC-2022-74,,"BIT-tensorflow-2022-23565,CVE-2022-23565,GHSA-4v5p-v5h9-6xjx,PYSEC-2022-129",,,"PYSEC-2022-74,GHSA-4v5p-v5h9-6xjx",
,lockfile,tensorflow-cpu,2.5.0,PyPI,PYSEC-2022-75,,"BIT-tensorflow-2022-23566,CVE-2022-23566,GHSA-5qw5-89mw-wcg2,PYSEC-2022-130",,,"PYSEC-2022-75,GHSA-5qw5-89mw-wcg2",
,lockfile,tensorflow-cpu,2.5.0,PyPI,PYSEC-2022-76,,"BIT-tensorflow-2022-23567,CVE-2022-23567,GHSA-rrx2-r989-2c43,PYSEC-2022-131",,,"PYSEC-2022-76,GHSA-rrx2-r989-2c43",
,lockfile,tensorflow-cpu,2.5.0,PyPI,PYSEC-2022-77,,"BIT-tensorflow-2022-23568,CVE-2022-23568,GHSA-6445-fm66-fvq2,PYSEC-2022-132",,,"PYSEC-2022-77,GHSA-6445-fm66-fvq2",
,lockfile,tensorflow-cpu,2.5.0,PyPI,PYSEC-2022-78,,"BIT-tensorflow-2022-23569,CVE-2022-23569,GHSA-qj5r-f9mv-rffh,PYSEC-2022-133",,,"PYSEC-2022-78,GHSA-qj5r-f9mv-rffh",
,lockfile,tensorflow-cpu,2.5.0,PyPI,PYSEC-2022-79,,"BIT-tensorflow-2022-23570,CVE-2022-23570,GHSA-9p77-mmrw-69c7,PYSEC-2022-134",,,"PYSEC-2022-79,GHSA-9p77-mmrw-69c7",
,lockfile,tensorflow-cpu,2.5.0,PyPI,PYSEC-2022-80,,"BIT-tensorflow-2022-23571,CVE-2022-23571,GHSA-j3mj-fhpq-qqjj,PYSEC-2022-135",,,"PYSEC-2022-80,GHSA-j3mj-fhpq-qqjj",
,lockfile,tensorflow-cpu,2.5.0,PyPI,PYSEC-2022-81,,"BIT-tensorflow-2022-23572,CVE-2022-23572,GHSA-rww7-2gpw-fv6j,PYSEC-2022-136",,,"PYSEC-2022-81,GHSA-rww7-2gpw-fv6j",
,lockfile,tensorflow-cpu,2.5.0,PyPI,PYSEC-2022-82,,"BIT-tensorflow-2022-23573,CVE-2022-23573,GHSA-q85f-69q7-55h2,PYSEC-2022-137",,,"PYSEC-2022-82,GHSA-q85f-69q7-55h2",
,lockfile,tensorflow-cpu,2.5.0,PyPI,PYSEC-2022-83,,"BIT-tensorflow-2022-23574,CVE-2022-23574,GHSA-77gp-3h4r-6428,PYSEC-2022-138",,,"PYSEC-2022-83,GHSA-77gp-3h4r-6428",
,lockfile,tensorflow-cpu,2.5.0,PyPI,PYSEC-2022-84,,"BIT-tensorflow-2022-23575,CVE-2022-23575,GHSA-c94w-c95p-phf8,PYSEC-2022-139",,,"PYSEC-2022-84,GHSA-c94w-c95p-phf8",
,lockfile,tensorflow-cpu,2.5.0,PyPI,PYSEC-2022-85,,"BIT-tensorflow-2022-23576,CVE-2022-23576,GHSA-wm93-f238-7v37,PYSEC-2022-140",,,"PYSEC-2022-85,GHSA-wm93-f238-7v37",
,lockfile,tensorflow-cpu,2.5.0,PyPI,PYSEC-2022-86,,"BIT-tensorflow-2022-23577,CVE-2022-23577,GHSA-8cxv-76p7-jxwr,PYSEC-2022-141",,,"PYSEC-2022-86,GHSA-8cxv-76p7-jxwr",
,lockfile,tensorflow-cpu,2.5.0,PyPI,PYSEC-2022-87,,"BIT-tensorflow-2022-23578,CVE-2022-23578,GHSA-8r7c-3cm2-3h8f,PYSEC-2022-142",,,"PYSEC-2022-87,GHSA-8r7c-3cm2-3h8f",
,lockfile,tensorflow-cpu,2.5.0,PyPI,PYSEC-2022-88,,"BIT-tensorflow-2022-23579,CVE-2022-23579,GHSA-5f2r-qp73-37mr,PYSEC-2022-143",,,"PYSEC-2022-88,GHSA-5f2r-qp73-37mr",
,lockfile,tensorflow-cpu,2.5.0,PyPI,PYSEC-2022-89,,"BIT-tensorflow-2022-23580,CVE-2022-23580,GHSA-627q-g293-49q7,PYSEC-2022-144",,,"PYSEC-2022-89,GHSA-627q-g293-49q7",
,lockfile,tensorflow-cpu,2.5.0,PyPI,PYSEC-2022-90,,"BIT-tensorflow-2022-23581,CVE-2022-23581,GHSA-fq86-3f29-px2c,PYSEC-2022-145",,,"PYSEC-2022-90,GHSA-fq86-3f29-px2c",
,lockfile,tensorflow-cpu,2.5.0,PyPI,PYSEC-2022-91,,"BIT-tensorflow-2022-23582,CVE-2022-23582,GHSA-4j82-5ccr-4r8v,PYSEC-2022-146",,,"PYSEC-2022-91,GHSA-4j82-5ccr-4r8v",
,lockfile,tensorflow-cpu,2.5.0,PyPI,PYSEC-2022-92,,"BIT-tensorflow-2022-23583,CVE-2022-23583,GHSA-gjqc-q9g6-q2j3,PYSEC-2022-147",,,"PYSEC-2022-92,GHSA-gjqc-q9g6-q2j3",
,lockfile,tensorflow-cpu,2.5.0,PyPI,PYSEC-2022-93,,"BIT-tensorflow-2022-23584,CVE-2022-23584,GHSA-24x4-6qmh-88qg,PYSEC-2022-148",,,"PYSEC-2022-93,GHSA-24x4-6qmh-88qg",
,lockfile,tensorflow-cpu,2.5.0,PyPI,PYSEC-2022-94,,"BIT-tensorflow-2022-23585,CVE-2022-23585,GHSA-fq6p-6334-8gr4,PYSEC-2022-149",,,"PYSEC-2022-94,GHSA-fq6p-6334-8gr4",
,lockfile,tensorflow-cpu,2.5.0,PyPI,PYSEC-2022-95,,"BIT-tensorflow-2022-23586,CVE-2022-23586,GHSA-43jf-985q-588j,PYSEC-2022-150",,,"PYSEC-2022-95,GHSA-43jf-985q-588j",
,lockfile,tensorflow-cpu,2.5.0,PyPI,PYSEC-2022-96,,"BIT-tensorflow-2022-23587,CVE-2022-23587,GHSA-8jj7-5vxc-pg2q,PYSEC-2022-151",,,"PYSEC-2022-96,GHSA-8jj7-5vxc-pg2q",
,lockfile,tensorflow-cpu,2.5.0,PyPI,PYSEC-2022-97,,"BIT-tensorflow-2022-23588,CVE-2022-23588,GHSA-fx5c-h9f6-rv7c,PYSEC-2022-152",,,"PYSEC-2022-97,GHSA-fx5c-h9f6-rv7c",
,lockfile,tensorflow-cpu,2.5.0,PyPI,PYSEC-2022-98,,"BIT-tensorflow-2022-23589,CVE-2022-23589,GHSA-9px9-73fg-3fqp,PYSEC-2022-153",,,"PYSEC-2022-98,GHSA-9px9-73fg-3fqp",
,lockfile,tensorflow-cpu,2.5.0,PyPI,PYSEC-2022-99,,"BIT-tensorflow-2022-23590,CVE-2022-23590,GHSA-pqrv-8r2f-7278,PYSEC-2022-154",,,"PYSEC-2022-99,GHSA-pqrv-8r2f-7278",
,lockfile,tensorflow-cpu,2.6.0,PyPI,GHSA-23hm-7w47-xw72,HIGH,"BIT-tensorflow-2022-21726,CVE-2022-21726,PYSEC-2022-105,PYSEC-2022-50",CWE-125,CVSS:4.0/AV:N/AC:L/AT:N/PR:L/UI:N/VC:H/VI:N/VA:H/SC:N/SI:N/SA:N,"PYSEC-2022-50,GHSA-23hm-7w47-xw72",
,lockfile,tensorflow-cpu,2.6.0,PyPI,GHSA-2475-53vw-vp25,MODERATE,"BIT-tensorflow-2022-35968,CVE-2022-35968",CWE-617,CVSS:3.1/AV:N/AC:H/PR:N/UI:N/S:U/C:N/I:N/A:H,GHSA-2475-53vw-vp25,
,lockfile,tensorflow-cpu,2.6.0,PyPI,GHSA-247x-2f9f-5wp7,HIGH,"BIT-tensorflow-2022-23591,CVE-2022-23591,PYSEC-2022-100,PYSEC-2022-155","CWE-400,CWE-674",CVSS:4.0/AV:N/AC:L/AT:N/PR:L/UI:N/VC:N/VI:N/VA:H/SC:N/SI:N/SA:N,"PYSEC-2022-100,GHSA-247x-2f9f-5wp7",
,lockfile,tensorflow-cpu,2.6.0,PyPI,GHSA-24x4-6qmh-88qg,HIGH,"BIT-tensorflow-2022-23584,CVE-2022-23584,PYSEC-2022-148,PYSEC-2022-93",CWE-416,CVSS:3.1/AV:N/AC:L/PR:L/UI:N/S:U/C:L/I:L/A:H,"PYSEC-2022-93,GHSA-24x4-6qmh-88qg",
,lockfile,tensorflow-cpu,2.6.0,PyPI,GHSA-27rc-728f-x5w2,MODERATE,"BIT-tensorflow-2022-41899,CVE-2022-41899","CWE-20,CWE-617",CVSS:3.1/AV:N/AC:H/PR:L/UI:R/S:U/C:N/I:N/A:H,GHSA-27rc-728f-x5w2,
,lockfile,tensorflow-cpu,2.6.0,PyPI,GHSA-2p25-55c9-h58q,MODERATE,"BIT-tensorflow-2021-41198,CVE-2021-41198,PYSEC-2021-391,PYSEC-2021-608,PYSEC-2021-806",CWE-190,CVSS:4.0/AV:L/AC:L/AT:N/PR:L/UI:N/VC:N/VI:N/VA:H/SC:N/SI:N/SA:N,"PYSEC-2021-608,GHSA-2p25-55c9-h58q",
,lockfile,tensorflow-cpu,2.6.0,PyPI,GHSA-2p9q-h29j-3f5v,MODERATE,"BIT-tensorflow-2022-29193,CVE-2022-29193",CWE-20,CVSS:3.1/AV:L/AC:L/PR:L/UI:N/S:U/C:N/I:N/A:H,GHSA-2p9q-h29j-3f5v,
,lockfile,tensorflow-cpu,2.6.0,PyPI,GHSA-2r2f-g8mw-9gvr,HIGH,"BIT-tensorflow-2022-29208,CVE-2022-29208",CWE-787,CVSS:3.1/AV:L/AC:L/PR:L/UI:N/S:U/C:N/I:H/A:H,GHSA-2r2f-g8mw-9gvr,
,lockfile,tensorflow-cpu,2.6.0,PyPI,GHSA-2vv3-56qg-g2cf,MODERATE,"BIT-tensorflow-2022-29200,CVE-2022-29200","CWE-1284,CWE-20",CVSS:3.1/AV:L/AC:L/PR:L/UI:N/S:U/C:N/I:N/A:H,GHSA-2vv3-56qg-g2cf,
,lockfile,tensorflow-cpu,2.6.0,PyPI,GHSA-34f9-hjfq-rr8j,HIGH,"BIT-tensorflow-2022-21729,CVE-2022-21729,PYSEC-2022-108,PYSEC-2022-53",CWE-190,CVSS:4.0/AV:N/AC:L/AT:N/PR:L/UI:N/VC:N/VI:N/VA:H/SC:N/SI:N/SA:N,"PYSEC-2022-53,GHSA-34f9-hjfq-rr8j",
,lockfile,tensorflow-cpu,2.6.0,PyPI,GHSA-368v-7v32-52fx,MODERATE,"BIT-tensorflow-2022-41907,CVE-2022-41907",CWE-131,CVSS:3.1/AV:N/AC:H/PR:L/UI:R/S:U/C:N/I:N/A:H,GHSA-368v-7v32-52fx,
,lockfile,tensorflow-cpu,2.6.0,PyPI,GHSA-374m-jm66-3vj8,MODERATE,"BIT-tensorflow-2021-41226,CVE-2021-41226,PYSEC-2021-418,PYSEC-2021-635,PYSEC-2021-833",CWE-125,CVSS:4.0/AV:L/AC:L/AT:N/PR:L/UI:N/VC:H/VI:N/VA:H/SC:N/SI:N/SA:N,"PYSEC-2021-635,GHSA-374m-jm66-3vj8",
,lockfile,tensorflow-cpu,2.6.0,PyPI,GHSA-37jf-mjv6-xfqw,MODERATE,"BIT-tensorflow-2022-35999,CVE-2022-35999",CWE-617,CVSS:3.1/AV:N/AC:H/PR:N/UI:N/S:U/C:N/I:N/A:H,GHSA-37jf-mjv6-xfqw,
,lockfile,tensorflow-cpu,2.6.0,PyPI,GHSA-397c-5g2j-qxpv,MODERATE,"BIT-tensorflow-2022-35982,CVE-2022-35982",CWE-20,CVSS:3.1/AV:N/AC:H/PR:N/UI:N/S:U/C:N/I:N/A:H,GHSA-397c-5g2j-qxpv,
,lockfile,tensorflow-cpu,2.6.0,PyPI,GHSA-3ff2-r28g-w7h9,MODERATE,"BIT-tensorflow-2021-41216,CVE-2021-41216,PYSEC-2021-408,PYSEC-2021-625,PYSEC-2021-823","CWE-120,CWE-787",CVSS:3.1/AV:L/AC:L/PR:L/UI:N/S:U/C:N/I:N/A:H,"PYSEC-2021-625,GHSA-3ff2-r28g-w7h9",
,lockfile,tensorflow-cpu,2.6.0,PyPI,GHSA-3mw4-6rj6-74g5,HIGH,"BIT-tensorflow-2022-21739,CVE-2022-21739,PYSEC-2022-118,PYSEC-2022-63",CWE-476,CVSS:4.0/AV:N/AC:L/AT:N/PR:L/UI:N/VC:N/VI:N/VA:H/SC:N/SI:N/SA:N,"PYSEC-2022-63,GHSA-3mw4-6rj6-74g5",
,lockfile,tensorflow-cpu,2.6.0,PyPI,GHSA-3rcw-9p9x-582v,MODERATE,"BIT-tensorflow-2021-41228,CVE-2021-41228,PYSEC-2021-420,PYSEC-2021-637,PYSEC-2021-835","CWE-78,CWE-94",CVSS:4.0/AV:L/AC:L/AT:P/PR:H/UI:N/VC:N/VI:N/VA:N/SC:H/SI:H/SA:H,"PYSEC-2021-637,GHSA-3rcw-9p9x-582v",
,lockfile,tensorflow-cpu,2.6.0,PyPI,GHSA-428x-9xc2-m8mj,HIGH,"BIT-tensorflow-2022-21741,CVE-2022-21741,PYSEC-2022-120,PYSEC-2022-65",CWE-369,CVSS:4.0/AV:N/AC:L/AT:N/PR:L/UI:N/VC:N/VI:N/VA:H/SC:N/SI:N/SA:N,"PYSEC-2022-65,GHSA-428x-9xc2-m8mj",
,lockfile,tensorflow-cpu,2.6.0,PyPI,GHSA-43jf-985q-588j,MODERATE,"BIT-tensorflow-2022-23586,CVE-2022-23586,PYSEC-2022-150,PYSEC-2022-95",CWE-617,CVSS:3.1/AV:N/AC:L/PR:L/UI:N/S:U/C:N/I:N/A:H,"PYSEC-2022-95,GHSA-43jf-985q-588j",
,lockfile,tensorflow-cpu,2.6.0,PyPI,GHSA-43q8-3fv7-pr5x,HIGH,,CWE-354,CVSS:3.1/AV:L/AC:H/PR:L/UI:N/S:U/C:H/I:H/A:H,GHSA-43q8-3fv7-pr5x,
,lockfile,tensorflow-cpu,2.6.0,PyPI,GHSA-44qp-9wwf-734r,HIGH,"BIT-tensorflow-2022-21740,CVE-2022-21740,PYSEC-2022-119,PYSEC-2022-64","CWE-120,CWE-787",CVSS:4.0/AV:N/AC:L/AT:N/PR:L/UI:N/VC:L/VI:L/VA:H/SC:N/SI:N/SA:N,"PYSEC-2022-64,GHSA-44qp-9wwf-734r",
,lockfile,tensorflow-cpu,2.6.0,PyPI,GHSA-49rq-hwc3-x77w,HIGH,"BIT-tensorflow-2023-25670,CVE-2023-25670",CWE-476,CVSS:3.1/AV:N/AC:L/PR:N/UI:N/S:U/C:N/I:N/A:H,GHSA-49rq-hwc3-x77w,
,lockfile,tensorflow-cpu,2.6.0,PyPI,GHSA-49rx-x2rw-pc6f,MODERATE,"BIT-tensorflow-2021-41205,CVE-2021-41205,PYSEC-2021-398,PYSEC-2021-615,PYSEC-2021-813",CWE-125,CVSS:4.0/AV:L/AC:L/AT:N/PR:L/UI:N/VC:H/VI:N/VA:H/SC:N/SI:N/SA:N,"PYSEC-2021-615,GHSA-49rx-x2rw-pc6f",
,lockfile,tensorflow-cpu,2.6.0,PyPI,GHSA-4f99-p9c2-3j8x,HIGH,"BIT-tensorflow-2021-41219,CVE-2021-41219,PYSEC-2021-411,PYSEC-2021-628,PYSEC-2021-826","CWE-125,CWE-824",CVSS:3.1/AV:L/AC:L/PR:L/UI:N/S:U/C:H/I:H/A:H,"PYSEC-2021-628,GHSA-4f99-p9c2-3j8x",
,lockfile,tensorflow-cpu,2.6.0,PyPI,GHSA-4hvf-hxvg-f67v,HIGH,"BIT-tensorflow-2022-23560,CVE-2022-23560,PYSEC-2022-124,PYSEC-2022-69","CWE-125,CWE-787",CVSS:4.0/AV:N/AC:L/AT:N/PR:L/UI:N/VC:H/VI:H/VA:H/SC:N/SI:N/SA:N,"PYSEC-2022-69,GHSA-4hvf-hxvg-f67v",
,lockfile,tensorflow-cpu,2.6.0,PyPI,GHSA-4j82-5ccr-4r8v,MODERATE,"BIT-tensorflow-2022-23582,CVE-2022-23582,PYSEC-2022-146,PYSEC-2022-91",CWE-617,CVSS:3.1/AV:N/AC:L/PR:L/UI:N/S:U/C:N/I:N/A:H,"PYSEC-2022-91,GHSA-4j82-5ccr-4r8v",
,lockfile,tensorflow-cpu,2.6.0,PyPI,GHSA-4pc4-m9mj-v2r9,MODERATE,"BIT-tensorflow-2022-35972,CVE-2022-35972",CWE-20,CVSS:3.1/AV:N/AC:H/PR:N/UI:N/S:U/C:N/I:N/A:H,GHSA-4pc4-m9mj-v2r9,
,lockfile,tensorflow-cpu,2.6.0,PyPI,GHSA-4v5p-v5h9-6xjx,HIGH,"BIT-tensorflow-2022-23565,CVE-2022-23565,PYSEC-2022-129,PYSEC-2022-74",CWE-617,CVSS:4.0/AV:N/AC:L/AT:N/PR:L/UI:N/VC:N/VI:N/VA:H/SC:N/SI:N/SA:N,"PYSEC-2022-74,GHSA-4v5p-v5h9-6xjx",
,lockfile,tensorflow-cpu,2.6.0,PyPI,GHSA-4w68-4x85-mjj9,MODERATE,"BIT-tensorflow-2022-35966,CVE-2022-35966",CWE-20,CVSS:3.1/AV:N/AC:H/PR:N/UI:N/S:U/C:N/I:N/A:H,GHSA-4w68-4x85-mjj9,
,lockfile,tensorflow-cpu,2.6.0,PyPI,GHSA-54ch-gjq5-4976,MODERATE,"BIT-tensorflow-2022-29205,CVE-2022-29205","CWE-476,CWE-908",CVSS:3.1/AV:L/AC:L/PR:L/UI:N/S:U/C:N/I:N/A:H,GHSA-54ch-gjq5-4976,
,lockfile,tensorflow-cpu,2.6.0,PyPI,GHSA-54pp-c6pp-7fpx,MODERATE,"BIT-tensorflow-2022-41886,CVE-2022-41886",CWE-131,CVSS:3.1/AV:N/AC:H/PR:L/UI:R/S:U/C:N/I:N/A:H,GHSA-54pp-c6pp-7fpx,
,lockfile,tensorflow-cpu,2.6.0,PyPI,GHSA-558h-mq8x-7q9g,HIGH,"BIT-tensorflow-2023-25665,CVE-2023-25665",CWE-476,CVSS:3.1/AV:N/AC:L/PR:N/UI:N/S:U/C:N/I:N/A:H,GHSA-558h-mq8x-7q9g,
,lockfile,tensorflow-cpu,2.6.0,PyPI,GHSA-57wx-m983-2f88,CRITICAL,"BIT-tensorflow-2021-41208,CVE-2021-41208,PYSEC-2021-400,PYSEC-2021-617,PYSEC-2021-815","CWE-476,CWE-824",CVSS:3.1/AV:L/AC:L/PR:N/UI:N/S:C/C:H/I:H/A:H,"PYSEC-2021-617,GHSA-57wx-m983-2f88",
,lockfile,tensorflow-cpu,2.6.0,PyPI,GHSA-5889-7v45-q28m,MODERATE,"BIT-tensorflow-2022-29213,CVE-2022-29213","CWE-20,CWE-617",CVSS:3.1/AV:L/AC:L/PR:L/UI:N/S:U/C:N/I:N/A:H,GHSA-5889-7v45-q28m,
,lockfile,tensorflow-cpu,2.6.0,PyPI,GHSA-5crj-c72x-m7gq,MODERATE,"BIT-tensorflow-2021-41217,CVE-2021-41217,PYSEC-2021-409,PYSEC-2021-626,PYSEC-2021-824",CWE-476,CVSS:3.1/AV:L/AC:L/PR:L/UI:N/S:U/C:N/I:N/A:H,"PYSEC-2021-626,GHSA-5crj-c72x-m7gq",
,lockfile,tensorflow-cpu,2.6.0,PyPI,GHSA-5f2r-qp73-37mr,MODERATE,"BIT-tensorflow-2022-23579,CVE-2022-23579,PYSEC-2022-143,PYSEC-2022-88",CWE-617,CVSS:3.1/AV:N/AC:L/PR:L/UI:N/S:U/C:N/I:N/A:H,"PYSEC-2022-88,GHSA-5f2r-qp73-37mr",
,lockfile,tensorflow-cpu,2.6.0,PyPI,GHSA-5hx2-qx8j-qjqm,MODERATE,"BIT-tensorflow-2021-41199,CVE-2021-41199,PYSEC-2021-392,PYSEC-2021-609,PYSEC-2021-807",CWE-190,CVSS:3.1/AV:L/AC:L/PR:L/UI:N/S:U/C:N/I:N/A:H,"PYSEC-2021-609,GHSA-5hx2-qx8j-qjqm",
,lockfile,tensorflow-cpu,2.6.0,PyPI,GHSA-5qw5-89mw-wcg2,HIGH,"BIT-tensorflow-2022-23566,CVE-2022-23566,PYSEC-2022-130,PYSEC-2022-75",CWE-787,CVSS:4.0/AV:N/AC:L/AT:N/PR:L/UI:N/VC:H/VI:H/VA:H/SC:N/SI:N/SA:N,"PYSEC-2022-75,GHSA-5qw5-89mw-wcg2",
,lockfile,tensorflow-cpu,2.6.0,PyPI,GHSA-5v77-j66x-4c4g,MODERATE,"BIT-tensorflow-2022-29196,CVE-2022-29196","CWE-1284,CWE-20",CVSS:3.1/AV:L/AC:L/PR:L/UI:N/S:U/C:N/I:N/A:H,GHSA-5v77-j66x-4c4g,
,lockfile,tensorflow-cpu,2.6.0,PyPI,GHSA-5w96-866f-6rm8,HIGH,"BIT-tensorflow-2023-27579,CVE-2023-27579",CWE-697,CVSS:3.1/AV:N/AC:L/PR:N/UI:N/S:U/C:N/I:N/A:H,GHSA-5w96-866f-6rm8,
,lockfile,tensorflow-cpu,2.6.0,PyPI,GHSA-5wpj-c6f7-24x8,MODERATE,"BIT-tensorflow-2022-29207,CVE-2022-29207","CWE-20,CWE-475",CVSS:3.1/AV:L/AC:L/PR:L/UI:N/S:U/C:N/I:N/A:H,GHSA-5wpj-c6f7-24x8,
,lockfile,tensorflow-cpu,2.6.0,PyPI,GHSA-627q-g293-49q7,MODERATE,"BIT-tensorflow-2022-23580,CVE-2022-23580,PYSEC-2022-144,PYSEC-2022-89","CWE-1284,CWE-400",CVSS:3.1/AV:N/AC:L/PR:L/UI:N/S:U/C:N/I:N/A:H,"PYSEC-2022-89,GHSA-627q-g293-49q7",
,lockfile,tensorflow-cpu,2.6.0,PyPI,GHSA-6445-fm66-fvq2,HIGH,"BIT-tensorflow-2022-23568,CVE-2022-23568,PYSEC-2022-132,PYSEC-2022-77",CWE-190,CVSS:4.0/AV:N/AC:L/AT:N/PR:L/UI:N/VC:N/VI:N/VA:H/SC:N/SI:N/SA:N,"PYSEC-2022-77,GHSA-6445-fm66-fvq2",
,lockfile,tensorflow-cpu,2.6.0,PyPI,GHSA-647v-r7qq-24fh,HIGH,"BIT-tensorflow-2023-25673,CVE-2023-25673",CWE-697,CVSS:3.1/AV:N/AC:L/PR:N/UI:N/S:U/C:N/I:N/A:H,GHSA-647v-r7qq-24fh,
,lockfile,tensorflow-cpu,2.6.0,PyPI,GHSA-64jg-wjww-7c5w,HIGH,"BIT-tensorflow-2023-25663,CVE-2023-25663",CWE-476,CVSS:3.1/AV:N/AC:L/PR:N/UI:N/S:U/C:N/I:N/A:H,GHSA-64jg-wjww-7c5w,
,lockfile,tensorflow-cpu,2.6.0,PyPI,GHSA-66vq-54fq-6jvv,MODERATE,"BIT-tensorflow-2022-41891,CVE-2022-41891",CWE-20,CVSS:3.1/AV:N/AC:H/PR:L/UI:R/S:U/C:N/I:N/A:H,GHSA-66vq-54fq-6jvv,
,lockfile,tensorflow-cpu,2.6.0,PyPI,GHSA-67pf-62xr-q35m,MODERATE,"BIT-tensorflow-2022-41893,CVE-2022-41893",CWE-617,CVSS:3.1/AV:N/AC:H/PR:L/UI:R/S:U/C:N/I:N/A:H,GHSA-67pf-62xr-q35m,
,lockfile,tensorflow-cpu,2.6.0,PyPI,GHSA-689c-r7h2-fv9v,MODERATE,"BIT-tensorflow-2022-35973,CVE-2022-35973",CWE-20,CVSS:3.1/AV:N/AC:H/PR:N/UI:N/S:U/C:N/I:N/A:H,GHSA-689c-r7h2-fv9v,
,lockfile,tensorflow-cpu,2.6.0,PyPI,GHSA-68v3-g9cm-rmm6,HIGH,"BIT-tensorflow-2023-25658,CVE-2023-25658",CWE-125,CVSS:3.1/AV:N/AC:L/PR:N/UI:N/S:U/C:N/I:N/A:H,GHSA-68v3-g9cm-rmm6,
,lockfile,tensorflow-cpu,2.6.0,PyPI,GHSA-6gmv-pjp9-p8w8,HIGH,"BIT-tensorflow-2022-21728,CVE-2022-21728,PYSEC-2022-107,PYSEC-2022-52",CWE-125,CVSS:4.0/AV:N/AC:L/AT:N/PR:L/UI:N/VC:H/VI:N/VA:H/SC:N/SI:N/SA:N,"PYSEC-2022-52,GHSA-6gmv-pjp9-p8w8",
,lockfile,tensorflow-cpu,2.6.0,PyPI,GHSA-6hg6-5c2q-7rcr,HIGH,"BIT-tensorflow-2023-25664,CVE-2023-25664","CWE-120,CWE-122",CVSS:3.1/AV:N/AC:L/PR:N/UI:N/S:U/C:N/I:N/A:H,GHSA-6hg6-5c2q-7rcr,
,lockfile,tensorflow-cpu,2.6.0,PyPI,GHSA-6hpv-v2rx-c5g6,MODERATE,"BIT-tensorflow-2021-41209,CVE-2021-41209,PYSEC-2021-401,PYSEC-2021-618,PYSEC-2021-816",CWE-369,CVSS:3.1/AV:L/AC:L/PR:L/UI:N/S:U/C:N/I:N/A:H,"PYSEC-2021-618,GHSA-6hpv-v2rx-c5g6",
,lockfile,tensorflow-cpu,2.6.0,PyPI,GHSA-6wfh-89q8-44jq,HIGH,"BIT-tensorflow-2023-25676,CVE-2023-25676",CWE-476,CVSS:3.1/AV:N/AC:L/PR:N/UI:N/S:U/C:N/I:N/A:H,GHSA-6wfh-89q8-44jq,
,lockfile,tensorflow-cpu,2.6.0,PyPI,GHSA-6x99-gv2v-q76v,MODERATE,"BIT-tensorflow-2022-41888,CVE-2022-41888",CWE-20,CVSS:3.1/AV:N/AC:H/PR:L/UI:R/S:U/C:N/I:N/A:H,GHSA-6x99-gv2v-q76v,
,lockfile,tensorflow-cpu,2.6.0,PyPI,GHSA-75c9-jrh4-79mc,HIGH,"BIT-tensorflow-2022-29216,CVE-2022-29216",CWE-94,CVSS:3.1/AV:L/AC:L/PR:L/UI:N/S:U/C:H/I:H/A:H,GHSA-75c9-jrh4-79mc,
,lockfile,tensorflow-cpu,2.6.0,PyPI,GHSA-762h-vpvw-3rcx,MODERATE,"BIT-tensorflow-2022-41885,CVE-2022-41885",CWE-131,CVSS:3.1/AV:N/AC:H/PR:L/UI:R/S:U/C:N/I:N/A:H,GHSA-762h-vpvw-3rcx,
,lockfile,tensorflow-cpu,2.6.0,PyPI,GHSA-77gp-3h4r-6428,HIGH,"BIT-tensorflow-2022-23574,CVE-2022-23574,PYSEC-2022-138,PYSEC-2022-83","CWE-125,CWE-787",CVSS:4.0/AV:N/AC:L/AT:N/PR:L/UI:N/VC:H/VI:H/VA:H/SC:N/SI:N/SA:N,"PYSEC-2022-83,GHSA-77gp-3h4r-6428",
,lockfile,tensorflow-cpu,2.6.0,PyPI,GHSA-786j-5qwq-r36x,MODERATE,"BIT-tensorflow-2021-41204,CVE-2021-41204,PYSEC-2021-397,PYSEC-2021-614,PYSEC-2021-812",CWE-824,CVSS:4.0/AV:L/AC:L/AT:N/PR:L/UI:N/VC:N/VI:N/VA:H/SC:N/SI:N/SA:N,"PYSEC-2021-614,GHSA-786j-5qwq-r36x",
,lockfile,tensorflow-cpu,2.6.0,PyPI,GHSA-79h2-q768-fpxr,MODERATE,"BIT-tensorflow-2022-36027,CVE-2022-36027",CWE-20,CVSS:3.1/AV:N/AC:H/PR:N/UI:N/S:U/C:N/I:N/A:H,GHSA-79h2-q768-fpxr,
,lockfile,tensorflow-cpu,2.6.0,PyPI,GHSA-7j3m-8g3c-9qqq,MODERATE,"BIT-tensorflow-2022-36014,CVE-2022-36014",CWE-476,CVSS:3.1/AV:N/AC:H/PR:N/UI:N/S:U/C:N/I:N/A:H,GHSA-7j3m-8g3c-9qqq,
,lockfile,tensorflow-cpu,2.6.0,PyPI,GHSA-7jvm-xxmr-v5cw,HIGH,"BIT-tensorflow-2023-25662,CVE-2023-25662",CWE-190,CVSS:3.1/AV:N/AC:L/PR:N/UI:N/S:U/C:N/I:N/A:H,GHSA-7jvm-xxmr-v5cw,
,lockfile,tensorflow-cpu,2.6.0,PyPI,GHSA-7pxj-m4jf-r6h2,HIGH,"BIT-tensorflow-2021-41203,CVE-2021-41203,PYSEC-2021-396,PYSEC-2021-613,PYSEC-2021-811","CWE-190,CWE-345",CVSS:4.0/AV:L/AC:L/AT:N/PR:L/UI:N/VC:H/VI:H/VA:H/SC:N/SI:N/SA:N,"PYSEC-2021-613,GHSA-7pxj-m4jf-r6h2",
,lockfile,tensorflow-cpu,2.6.0,PyPI,GHSA-7r94-xv9v-63jw,MODERATE,"BIT-tensorflow-2021-41225,CVE-2021-41225,PYSEC-2021-417,PYSEC-2021-634,PYSEC-2021-832",CWE-908,CVSS:4.0/AV:L/AC:L/AT:N/PR:L/UI:N/VC:N/VI:N/VA:H/SC:N/SI:N/SA:N,"PYSEC-2021-634,GHSA-7r94-xv9v-63jw",
,lockfile,tensorflow-cpu,2.6.0,PyPI,GHSA-7v94-64hj-m82h,MODERATE,"BIT-tensorflow-2021-41207,CVE-2021-41207,PYSEC-2021-399,PYSEC-2021-616,PYSEC-2021-814",CWE-369,CVSS:4.0/AV:L/AC:L/AT:N/PR:L/UI:N/VC:N/VI:N/VA:H/SC:N/SI:N/SA:N,"PYSEC-2021-616,GHSA-7v94-64hj-m82h",
,lockfile,tensorflow-cpu,2.6.0,PyPI,GHSA-7x4v-9gxg-9hwj,HIGH,"BIT-tensorflow-2023-25675,CVE-2023-25675",CWE-697,CVSS:3.1/AV:N/AC:L/PR:N/UI:N/S:U/C:N/I:N/A:H,GHSA-7x4v-9gxg-9hwj,
,lockfile,tensorflow-cpu,2.6.0,PyPI,GHSA-828c-5j5q-vrjq,MODERATE,"BIT-tensorflow-2022-36013,CVE-2022-36013",CWE-476,CVSS:3.1/AV:N/AC:H/PR:N/UI:N/S:U/C:N/I:N/A:H,GHSA-828c-5j5q-vrjq,
,lockfile,tensorflow-cpu,2.6.0,PyPI,GHSA-84jm-4cf3-9jfm,MODERATE,"BIT-tensorflow-2022-35963,CVE-2022-35963",CWE-617,CVSS:3.1/AV:N/AC:H/PR:N/UI:N/S:U/C:N/I:N/A:H,GHSA-84jm-4cf3-9jfm,
,lockfile,tensorflow-cpu,2.6.0,PyPI,GHSA-87v6-crgm-2gfj,HIGH,"BIT-tensorflow-2022-21735,CVE-2022-21735,PYSEC-2022-114,PYSEC-2022-59",CWE-369,CVSS:4.0/AV:N/AC:L/AT:N/PR:L/UI:N/VC:N/VI:N/VA:H/SC:N/SI:N/SA:N,"PYSEC-2022-59,GHSA-87v6-crgm-2gfj",
,lockfile,tensorflow-cpu,2.6.0,PyPI,GHSA-8cxv-76p7-jxwr,HIGH,"BIT-tensorflow-2022-23577,CVE-2022-23577,PYSEC-2022-141,PYSEC-2022-86",CWE-476,CVSS:4.0/AV:N/AC:L/AT:N/PR:L/UI:N/VC:N/VI:N/VA:H/SC:N/SI:N/SA:N,"PYSEC-2022-86,GHSA-8cxv-76p7-jxwr",
,lockfile,tensorflow-cpu,2.6.0,PyPI,GHSA-8fvv-46hw-vpg3,MODERATE,"BIT-tensorflow-2022-41887,CVE-2022-41887",CWE-131,CVSS:3.1/AV:N/AC:H/PR:L/UI:R/S:U/C:N/I:N/A:H,GHSA-8fvv-46hw-vpg3,
,lockfile,tensorflow-cpu,2.6.0,PyPI,GHSA-8jj7-5vxc-pg2q,HIGH,"BIT-tensorflow-2022-23587,CVE-2022-23587,PYSEC-2022-151,PYSEC-2022-96",CWE-190,CVSS:3.1/AV:N/AC:L/PR:L/UI:N/S:U/C:H/I:H/A:H,"PYSEC-2022-96,GHSA-8jj7-5vxc-pg2q",
,lockfile,tensorflow-cpu,2.6.0,PyPI,GHSA-8r7c-3cm2-3h8f,MODERATE,"BIT-tensorflow-2022-23578,CVE-2022-23578,PYSEC-2022-142,PYSEC-2022-87",CWE-401,CVSS:4.0/AV:N/AC:L/AT:N/PR:L/UI:N/VC:N/VI:N/VA:L/SC:N/SI:N/SA:N,"PYSEC-2022-87,GHSA-8r7c-3cm2-3h8f",
,lockfile,tensorflow-cpu,2.6.0,PyPI,GHSA-8rcj-c8pj-v3m3,HIGH,"BIT-tensorflow-2022-23564,CVE-2022-23564,PYSEC-2022-128,PYSEC-2022-73",CWE-617,CVSS:4.0/AV:N/AC:L/AT:N/PR:L/UI:N/VC:N/VI:N/VA:H/SC:N/SI:N/SA:N,"PYSEC-2022-73,GHSA-8rcj-c8pj-v3m3",
,lockfile,tensorflow-cpu,2.6.0,PyPI,GHSA-8w5g-3wcv-9g2j,MODERATE,"BIT-tensorflow-2022-41880,CVE-2022-41880",CWE-125,CVSS:3.1/AV:N/AC:L/PR:L/UI:R/S:U/C:L/I:L/A:H,GHSA-8w5g-3wcv-9g2j,
,lockfile,tensorflow-cpu,2.6.0,PyPI,GHSA-8wwm-6264-x792,MODERATE,"BIT-tensorflow-2022-29212,CVE-2022-29212",CWE-20,CVSS:3.1/AV:L/AC:L/PR:L/UI:N/S:U/C:N/I:N/A:H,GHSA-8wwm-6264-x792,
,lockfile,tensorflow-cpu,2.6.0,PyPI,GHSA-93vr-9q9m-pj8p,HIGH,"BIT-tensorflow-2023-25659,CVE-2023-25659",CWE-125,CVSS:3.1/AV:N/AC:L/PR:N/UI:N/S:U/C:N/I:N/A:H,GHSA-93vr-9q9m-pj8p,
,lockfile,tensorflow-cpu,2.6.0,PyPI,GHSA-94mm-g2mv-8p7r,HIGH,"BIT-tensorflow-2023-25672,CVE-2023-25672",CWE-476,CVSS:3.1/AV:N/AC:L/PR:N/UI:N/S:U/C:N/I:N/A:H,GHSA-94mm-g2mv-8p7r,
,lockfile,tensorflow-cpu,2.6.0,PyPI,GHSA-97p7-w86h-vcf9,MODERATE,"BIT-tensorflow-2022-35935,CVE-2022-35935",CWE-617,CVSS:3.1/AV:N/AC:H/PR:N/UI:N/S:U/C:N/I:N/A:H,GHSA-97p7-w86h-vcf9,
,lockfile,tensorflow-cpu,2.6.0,PyPI,GHSA-98j8-c9q4-r38g,MODERATE,"BIT-tensorflow-2022-21733,CVE-2022-21733,PYSEC-2022-112,PYSEC-2022-57","CWE-190,CWE-400",CVSS:4.0/AV:N/AC:L/AT:N/PR:L/UI:N/VC:N/VI:N/VA:L/SC:N/SI:N/SA:N,"PYSEC-2022-57,GHSA-98j8-c9q4-r38g",
,lockfile,tensorflow-cpu,2.6.0,PyPI,GHSA-98p5-x8x4-c9m5,HIGH,"BIT-tensorflow-2022-23559,CVE-2022-23559,PYSEC-2022-123,PYSEC-2022-68",CWE-190,CVSS:4.0/AV:N/AC:L/AT:N/PR:L/UI:N/VC:H/VI:H/VA:H/SC:N/SI:N/SA:N,"PYSEC-2022-68,GHSA-98p5-x8x4-c9m5",
,lockfile,tensorflow-cpu,2.6.0,PyPI,GHSA-9942-r22v-78cp,MODERATE,"BIT-tensorflow-2022-35985,CVE-2022-35985",CWE-617,CVSS:3.1/AV:N/AC:H/PR:N/UI:N/S:U/C:N/I:N/A:H,GHSA-9942-r22v-78cp,
,lockfile,tensorflow-cpu,2.6.0,PyPI,GHSA-9c78-vcq7-7vxq,HIGH,"BIT-tensorflow-2022-23561,CVE-2022-23561,PYSEC-2022-125,PYSEC-2022-70",CWE-787,CVSS:4.0/AV:N/AC:L/AT:N/PR:L/UI:N/VC:H/VI:H/VA:H/SC:N/SI:N/SA:N,"PYSEC-2022-70,GHSA-9c78-vcq7-7vxq",
,lockfile,tensorflow-cpu,2.6.0,PyPI,GHSA-9cr2-8pwr-fhfq,MODERATE,"BIT-tensorflow-2022-36026,CVE-2022-36026",CWE-617,CVSS:3.1/AV:N/AC:H/PR:N/UI:N/S:U/C:N/I:N/A:H,GHSA-9cr2-8pwr-fhfq,
,lockfile,tensorflow-cpu,2.6.0,PyPI,GHSA-9crf-c6qr-r273,MODERATE,"BIT-tensorflow-2021-41218,CVE-2021-41218,PYSEC-2021-410,PYSEC-2021-627,PYSEC-2021-825",CWE-369,CVSS:3.1/AV:L/AC:L/PR:L/UI:N/S:U/C:N/I:N/A:H,"PYSEC-2021-627,GHSA-9crf-c6qr-r273",
,lockfile,tensorflow-cpu,2.6.0,PyPI,GHSA-9fpg-838v-wpv7,MODERATE,"BIT-tensorflow-2022-35971,CVE-2022-35971",CWE-617,CVSS:3.1/AV:N/AC:H/PR:N/UI:N/S:U/C:N/I:N/A:H,GHSA-9fpg-838v-wpv7,
,lockfile,tensorflow-cpu,2.6.0,PyPI,GHSA-9gwq-6cwj-47h3,HIGH,"BIT-tensorflow-2022-23558,CVE-2022-23558,PYSEC-2022-122,PYSEC-2022-67",CWE-190,CVSS:4.0/AV:N/AC:L/AT:N/PR:L/UI:N/VC:L/VI:L/VA:H/SC:N/SI:N/SA:N,"PYSEC-2022-67,GHSA-9gwq-6cwj-47h3",
,lockfile,tensorflow-cpu,2.6.0,PyPI,GHSA-9j4v-pp28-mxv7,MODERATE,"BIT-tensorflow-2022-36019,CVE-2022-36019",CWE-617,CVSS:3.1/AV:N/AC:H/PR:N/UI:N/S:U/C:N/I:N/A:H,GHSA-9j4v-pp28-mxv7,
,lockfile,tensorflow-cpu,2.6.0,PyPI,GHSA-9p77-mmrw-69c7,HIGH,"BIT-tensorflow-2022-23570,CVE-2022-23570,PYSEC-2022-134,PYSEC-2022-79",CWE-476,CVSS:4.0/AV:N/AC:L/AT:N/PR:L/UI:N/VC:N/VI:N/VA:H/SC:N/SI:N/SA:N,"PYSEC-2022-79,GHSA-9p77-mmrw-69c7",
,lockfile,tensorflow-cpu,2.6.0,PyPI,GHSA-9px9-73fg-3fqp,MODERATE,"BIT-tensorflow-2022-23589,CVE-2022-23589,PYSEC-2022-153,PYSEC-2022-98",CWE-476,CVSS:3.1/AV:N/AC:L/PR:L/UI:N/S:U/C:N/I:N/A:H,"PYSEC-2022-98,GHSA-9px9-73fg-3fqp",
,lockfile,tensorflow-cpu,2.6.0,PyPI,GHSA-9v8w-xmr4-wgxp,MODERATE,"BIT-tensorflow-2022-35992,CVE-2022-35992",CWE-617,CVSS:3.1/AV:N/AC:H/PR:N/UI:N/S:U/C:N/I:N/A:H,GHSA-9v8w-xmr4-wgxp,
,lockfile,tensorflow-cpu,2.6.0,PyPI,GHSA-9vqj-64pv-w55c,MODERATE,"BIT-tensorflow-2022-35988,CVE-2022-35988",CWE-617,CVSS:3.1/AV:N/AC:H/PR:N/UI:N/S:U/C:N/I:N/A:H,GHSA-9vqj-64pv-w55c,
,lockfile,tensorflow-cpu,2.6.0,PyPI,GHSA-c582-c96p-r5cq,MODERATE,"BIT-tensorflow-2022-21732,CVE-2022-21732,PYSEC-2022-111,PYSEC-2022-56","CWE-400,CWE-770",CVSS:4.0/AV:N/AC:L/AT:N/PR:L/UI:N/VC:N/VI:N/VA:L/SC:N/SI:N/SA:N,"PYSEC-2022-56,GHSA-c582-c96p-r5cq",
,lockfile,tensorflow-cpu,2.6.0,PyPI,GHSA-c6fh-56w7-fvjw,HIGH,"BIT-tensorflow-2022-21727,CVE-2022-21727,PYSEC-2022-106,PYSEC-2022-51",CWE-190,CVSS:4.0/AV:N/AC:L/AT:N/PR:L/UI:N/VC:L/VI:L/VA:H/SC:N/SI:N/SA:N,"PYSEC-2022-51,GHSA-c6fh-56w7-fvjw",
,lockfile,tensorflow-cpu,2.6.0,PyPI,GHSA-c94w-c95p-phf8,HIGH,"BIT-tensorflow-2022-23575,CVE-2022-23575,PYSEC-2022-139,PYSEC-2022-84",CWE-190,CVSS:4.0/AV:N/AC:L/AT:N/PR:L/UI:N/VC:N/VI:N/VA:H/SC:N/SI:N/SA:N,"PYSEC-2022-84,GHSA-c94w-c95p-phf8",
,lockfile,tensorflow-cpu,2.6.0,PyPI,GHSA-cg88-rpvp-cjv5,HIGH,"BIT-tensorflow-2022-41902,CVE-2022-41902","CWE-125,CWE-787",CVSS:3.1/AV:N/AC:H/PR:L/UI:R/S:U/C:H/I:H/A:H,GHSA-cg88-rpvp-cjv5,
,lockfile,tensorflow-cpu,2.6.0,PyPI,GHSA-cpf4-wx82-gxp6,MODERATE,"BIT-tensorflow-2021-41222,CVE-2021-41222,PYSEC-2021-414,PYSEC-2021-631,PYSEC-2021-829",CWE-682,CVSS:4.0/AV:L/AC:L/AT:N/PR:L/UI:N/VC:N/VI:N/VA:H/SC:N/SI:N/SA:N,"PYSEC-2021-631,GHSA-cpf4-wx82-gxp6",
,lockfile,tensorflow-cpu,2.6.0,PyPI,GHSA-cq76-mxrc-vchh,MODERATE,"BIT-tensorflow-2021-41195,CVE-2021-41195,PYSEC-2021-842,PYSEC-2021-844,PYSEC-2021-846",CWE-190,CVSS:4.0/AV:L/AC:L/AT:N/PR:L/UI:N/VC:N/VI:N/VA:H/SC:N/SI:N/SA:N,"PYSEC-2021-844,GHSA-cq76-mxrc-vchh",
,lockfile,tensorflow-cpu,2.6.0,PyPI,GHSA-cqv6-3phm-hcwx,HIGH,"BIT-tensorflow-2021-41221,CVE-2021-41221,PYSEC-2021-413,PYSEC-2021-630,PYSEC-2021-828","CWE-120,CWE-787",CVSS:3.1/AV:L/AC:L/PR:L/UI:N/S:U/C:H/I:H/A:H,"PYSEC-2021-630,GHSA-cqv6-3phm-hcwx",
,lockfile,tensorflow-cpu,2.6.0,PyPI,GHSA-cqvq-fvhr-v6hc,LOW,,,,GHSA-cqvq-fvhr-v6hc,
,lockfile,tensorflow-cpu,2.6.0,PyPI,GHSA-cv2p-32v3-vhwq,MODERATE,"BIT-tensorflow-2022-36003,CVE-2022-36003",CWE-617,CVSS:3.1/AV:N/AC:H/PR:N/UI:N/S:U/C:N/I:N/A:H,GHSA-cv2p-32v3-vhwq,
,lockfile,tensorflow-cpu,2.6.0,PyPI,GHSA-cvgx-3v3q-m36c,HIGH,"BIT-tensorflow-2021-41211,CVE-2021-41211,PYSEC-2021-403,PYSEC-2021-620,PYSEC-2021-818",CWE-125,CVSS:3.1/AV:L/AC:L/PR:L/UI:N/S:U/C:H/I:N/A:H,"PYSEC-2021-620,GHSA-cvgx-3v3q-m36c",
,lockfile,tensorflow-cpu,2.6.0,PyPI,GHSA-cwpm-f78v-7m5c,MODERATE,"BIT-tensorflow-2022-29202,CVE-2022-29202","CWE-1284,CWE-20,CWE-400",CVSS:3.1/AV:L/AC:L/PR:L/UI:N/S:U/C:N/I:N/A:H,GHSA-cwpm-f78v-7m5c,
,lockfile,tensorflow-cpu,2.6.0,PyPI,GHSA-f2vv-v9cg-qhh7,HIGH,"BIT-tensorflow-2022-21737,CVE-2022-21737,PYSEC-2022-116,PYSEC-2022-61","CWE-617,CWE-754",CVSS:4.0/AV:N/AC:L/AT:N/PR:L/UI:N/VC:N/VI:N/VA:H/SC:N/SI:N/SA:N,"PYSEC-2022-61,GHSA-f2vv-v9cg-qhh7",
,lockfile,tensorflow-cpu,2.6.0,PyPI,GHSA-f2w8-jw48-fr7j,MODERATE,"BIT-tensorflow-2022-41897,CVE-2022-41897",CWE-125,CVSS:3.1/AV:N/AC:H/PR:L/UI:R/S:U/C:N/I:N/A:H,GHSA-f2w8-jw48-fr7j,
,lockfile,tensorflow-cpu,2.6.0,PyPI,GHSA-f49c-87jh-g47q,HIGH,"BIT-tensorflow-2023-25801,CVE-2023-25801",CWE-415,CVSS:3.1/AV:L/AC:L/PR:N/UI:N/S:U/C:L/I:H/A:H,GHSA-f49c-87jh-g47q,
,lockfile,tensorflow-cpu,2.6.0,PyPI,GHSA-f4rr-5m7v-wxcw,MODERATE,"BIT-tensorflow-2022-29209,CVE-2022-29209",CWE-843,CVSS:3.1/AV:L/AC:L/PR:L/UI:N/S:U/C:N/I:N/A:H,GHSA-f4rr-5m7v-wxcw,
,lockfile,tensorflow-cpu,2.6.0,PyPI,GHSA-f4w6-h4f5-wx45,MODERATE,"BIT-tensorflow-2022-35934,CVE-2022-35934",CWE-617,CVSS:3.1/AV:N/AC:H/PR:N/UI:N/S:U/C:N/I:N/A:H,GHSA-f4w6-h4f5-wx45,
,lockfile,tensorflow-cpu,2.6.0,PyPI,GHSA-f54p-f6jp-4rhr,MODERATE,"BIT-tensorflow-2021-41223,CVE-2021-41223,PYSEC-2021-415,PYSEC-2021-632,PYSEC-2021-830",CWE-125,CVSS:4.0/AV:L/AC:L/AT:N/PR:L/UI:N/VC:H/VI:N/VA:H/SC:N/SI:N/SA:N,"PYSEC-2021-632,GHSA-f54p-f6jp-4rhr",
,lockfile,tensorflow-cpu,2.6.0,PyPI,GHSA-f637-vh3r-vfh2,HIGH,"BIT-tensorflow-2023-25666,CVE-2023-25666",CWE-697,CVSS:3.1/AV:N/AC:L/PR:N/UI:N/S:U/C:N/I:N/A:H,GHSA-f637-vh3r-vfh2,
,lockfile,tensorflow-cpu,2.6.0,PyPI,GHSA-f7r5-q7cx-h668,MODERATE,"BIT-tensorflow-2022-35964,CVE-2022-35964",CWE-20,CVSS:3.1/AV:N/AC:H/PR:N/UI:N/S:U/C:N/I:N/A:H,GHSA-f7r5-q7cx-h668,
,lockfile,tensorflow-cpu,2.6.0,PyPI,GHSA-ffjm-4qwc-7cmf,HIGH,"BIT-tensorflow-2022-35939,CVE-2022-35939",CWE-787,CVSS:3.1/AV:N/AC:H/PR:N/UI:N/S:U/C:L/I:L/A:H,GHSA-ffjm-4qwc-7cmf,
,lockfile,tensorflow-cpu,2.6.0,PyPI,GHSA-fhfc-2q7x-929f,MODERATE,"BIT-tensorflow-2022-35994,CVE-2022-35994",CWE-617,CVSS:3.1/AV:N/AC:H/PR:N/UI:N/S:U/C:N/I:N/A:H,GHSA-fhfc-2q7x-929f,
,lockfile,tensorflow-cpu,2.6.0,PyPI,GHSA-fpcp-9h7m-ffpx,MODERATE,"BIT-tensorflow-2022-23595,CVE-2022-23595,PYSEC-2022-103,PYSEC-2022-158",CWE-476,CVSS:4.0/AV:N/AC:L/AT:P/PR:L/UI:N/VC:N/VI:N/VA:H/SC:N/SI:N/SA:N,"PYSEC-2022-103,GHSA-fpcp-9h7m-ffpx",
,lockfile,tensorflow-cpu,2.6.0,PyPI,GHSA-fq6p-6334-8gr4,MODERATE,"BIT-tensorflow-2022-23585,CVE-2022-23585,PYSEC-2022-149,PYSEC-2022-94",CWE-401,CVSS:3.1/AV:N/AC:L/PR:L/UI:N/S:U/C:N/I:N/A:L,"PYSEC-2022-94,GHSA-fq6p-6334-8gr4",
,lockfile,tensorflow-cpu,2.6.0,PyPI,GHSA-fq86-3f29-px2c,MODERATE,"BIT-tensorflow-2022-23581,CVE-2022-23581,PYSEC-2022-145,PYSEC-2022-90",CWE-617,CVSS:3.1/AV:N/AC:L/PR:L/UI:N/S:U/C:N/I:N/A:H,"PYSEC-2022-90,GHSA-fq86-3f29-px2c",
,lockfile,tensorflow-cpu,2.6.0,PyPI,GHSA-fqm2-gh8w-gr68,MODERATE,"BIT-tensorflow-2023-25667,CVE-2023-25667",CWE-190,CVSS:3.1/AV:N/AC:L/PR:N/UI:R/S:U/C:N/I:N/A:H,GHSA-fqm2-gh8w-gr68,
,lockfile,tensorflow-cpu,2.6.0,PyPI,GHSA-fqxc-pvf8-2w9v,MODERATE,"BIT-tensorflow-2022-36000,CVE-2022-36000",CWE-476,CVSS:3.1/AV:N/AC:H/PR:N/UI:N/S:U/C:N/I:N/A:H,GHSA-fqxc-pvf8-2w9v,
,lockfile,tensorflow-cpu,2.6.0,PyPI,GHSA-fr77-rrx3-cp7g,HIGH,"BIT-tensorflow-2021-41212,CVE-2021-41212,PYSEC-2021-404,PYSEC-2021-621,PYSEC-2021-819",CWE-125,CVSS:3.1/AV:L/AC:L/PR:L/UI:N/S:U/C:H/I:N/A:H,"PYSEC-2021-621,GHSA-fr77-rrx3-cp7g",
,lockfile,tensorflow-cpu,2.6.0,PyPI,GHSA-frqp-wp83-qggv,MODERATE,"BIT-tensorflow-2022-41910,CVE-2022-41910",CWE-125,CVSS:3.1/AV:N/AC:H/PR:L/UI:R/S:U/C:N/I:N/A:H,GHSA-frqp-wp83-qggv,
,lockfile,tensorflow-cpu,2.6.0,PyPI,GHSA-fv25-wrff-wf86,MODERATE,"BIT-tensorflow-2022-29191,CVE-2022-29191",CWE-20,CVSS:3.1/AV:L/AC:L/PR:L/UI:N/S:U/C:N/I:N/A:H,GHSA-fv25-wrff-wf86,
,lockfile,tensorflow-cpu,2.6.0,PyPI,GHSA-fv43-93gv-vm8f,MODERATE,"BIT-tensorflow-2022-36011,CVE-2022-36011",CWE-476,CVSS:3.1/AV:N/AC:H/PR:N/UI:N/S:U/C:N/I:N/A:H,GHSA-fv43-93gv-vm8f,
,lockfile,tensorflow-cpu,2.6.0,PyPI,GHSA-fx5c-h9f6-rv7c,MODERATE,"BIT-tensorflow-2022-23588,CVE-2022-23588,PYSEC-2022-152,PYSEC-2022-97",CWE-617,CVSS:3.1/AV:N/AC:L/PR:L/UI:N/S:U/C:N/I:N/A:H,"PYSEC-2022-97,GHSA-fx5c-h9f6-rv7c",
,lockfile,tensorflow-cpu,2.6.0,PyPI,GHSA-fxgc-95xx-grvq,MODERATE,"BIT-tensorflow-2023-25661,CVE-2023-25661",CWE-20,CVSS:3.1/AV:N/AC:L/PR:L/UI:N/S:U/C:N/I:N/A:H,GHSA-fxgc-95xx-grvq,
,lockfile,tensorflow-cpu,2.6.0,PyPI,GHSA-g35r-369w-3fqp,MODERATE,"BIT-tensorflow-2022-35970,CVE-2022-35970",CWE-20,CVSS:3.1/AV:N/AC:H/PR:N/UI:N/S:U/C:N/I:N/A:H,GHSA-g35r-369w-3fqp,
,lockfile,tensorflow-cpu,2.6.0,PyPI,GHSA-g468-qj8g-vcjc,LOW,"BIT-tensorflow-2022-36016,CVE-2022-36016",CWE-617,,GHSA-g468-qj8g-vcjc,
,lockfile,tensorflow-cpu,2.6.0,PyPI,GHSA-g9fm-r5mm-rf9f,MODERATE,"BIT-tensorflow-2022-41901,CVE-2022-41901","CWE-20,CWE-617",CVSS:3.1/AV:N/AC:H/PR:L/UI:R/S:U/C:N/I:N/A:H,GHSA-g9fm-r5mm-rf9f,
,lockfile,tensorflow-cpu,2.6.0,PyPI,GHSA-g9h5-vr8m-x2h4,MODERATE,"BIT-tensorflow-2022-35995,CVE-2022-35995",CWE-617,CVSS:3.1/AV:N/AC:H/PR:N/UI:N/S:U/C:N/I:N/A:H,GHSA-g9h5-vr8m-x2h4,
,lockfile,tensorflow-cpu,2.6.0,PyPI,GHSA-gcvh-66ff-4mwm,HIGH,"BIT-tensorflow-2022-21734,CVE-2022-21734,PYSEC-2022-113,PYSEC-2022-58","CWE-617,CWE-843",CVSS:4.0/AV:N/AC:L/AT:N/PR:L/UI:N/VC:N/VI:N/VA:H/SC:N/SI:N/SA:N,"PYSEC-2022-58,GHSA-gcvh-66ff-4mwm",
,lockfile,tensorflow-cpu,2.6.0,PyPI,GHSA-gf2j-f278-xh4v,HIGH,"BIT-tensorflow-2022-23557,CVE-2022-23557,PYSEC-2022-121,PYSEC-2022-66",CWE-369,CVSS:4.0/AV:N/AC:L/AT:N/PR:L/UI:N/VC:N/VI:N/VA:H/SC:N/SI:N/SA:N,"PYSEC-2022-66,GHSA-gf2j-f278-xh4v",
,lockfile,tensorflow-cpu,2.6.0,PyPI,GHSA-gf97-q72m-7579,HIGH,"BIT-tensorflow-2023-25674,CVE-2023-25674",CWE-476,CVSS:3.1/AV:N/AC:L/PR:N/UI:N/S:U/C:N/I:N/A:H,GHSA-gf97-q72m-7579,
,lockfile,tensorflow-cpu,2.6.0,PyPI,GHSA-gh8h-7j2j-qv4f,MODERATE,"BIT-tensorflow-2021-41200,CVE-2021-41200,PYSEC-2021-393,PYSEC-2021-610,PYSEC-2021-808",CWE-617,CVSS:4.0/AV:L/AC:L/AT:N/PR:L/UI:N/VC:N/VI:N/VA:H/SC:N/SI:N/SA:N,"PYSEC-2021-610,GHSA-gh8h-7j2j-qv4f",
,lockfile,tensorflow-cpu,2.6.0,PyPI,GHSA-gjh7-xx4r-x345,HIGH,"BIT-tensorflow-2023-33976,CVE-2023-33976",CWE-190,CVSS:4.0/AV:N/AC:L/AT:N/PR:N/UI:N/VC:N/VI:N/VA:H/SC:N/SI:N/SA:N,GHSA-gjh7-xx4r-x345,
,lockfile,tensorflow-cpu,2.6.0,PyPI,GHSA-gjqc-q9g6-q2j3,MODERATE,"BIT-tensorflow-2022-23583,CVE-2022-23583,PYSEC-2022-147,PYSEC-2022-92","CWE-617,CWE-843",CVSS:3.1/AV:N/AC:L/PR:L/UI:N/S:U/C:N/I:N/A:H,"PYSEC-2022-92,GHSA-gjqc-q9g6-q2j3",
,lockfile,tensorflow-cpu,2.6.0,PyPI,GHSA-gpfh-jvf9-7wg5,HIGH,"BIT-tensorflow-2021-41220,CVE-2021-41220,PYSEC-2021-412,PYSEC-2021-629,PYSEC-2021-827",CWE-416,CVSS:3.1/AV:L/AC:L/PR:L/UI:N/S:U/C:H/I:H/A:H,"PYSEC-2021-629,GHSA-gpfh-jvf9-7wg5",
,lockfile,tensorflow-cpu,2.6.0,PyPI,GHSA-gq2j-cr96-gvqx,MODERATE,"BIT-tensorflow-2022-41895,CVE-2022-41895",CWE-125,CVSS:3.1/AV:N/AC:H/PR:L/UI:R/S:U/C:N/I:N/A:H,GHSA-gq2j-cr96-gvqx,
,lockfile,tensorflow-cpu,2.6.0,PyPI,GHSA-gw97-ff7c-9v96,CRITICAL,"BIT-tensorflow-2023-25668,CVE-2023-25668","CWE-122,CWE-125",CVSS:3.1/AV:N/AC:L/PR:N/UI:N/S:U/C:H/I:H/A:H,GHSA-gw97-ff7c-9v96,
,lockfile,tensorflow-cpu,2.6.0,PyPI,GHSA-h246-cgh4-7475,MODERATE,"BIT-tensorflow-2022-41890,CVE-2022-41890",CWE-704,CVSS:3.1/AV:N/AC:H/PR:L/UI:R/S:U/C:N/I:N/A:H,GHSA-h246-cgh4-7475,
,lockfile,tensorflow-cpu,2.6.0,PyPI,GHSA-h2wq-prv9-2f56,MODERATE,"BIT-tensorflow-2022-29192,CVE-2022-29192",CWE-20,CVSS:3.1/AV:L/AC:L/PR:L/UI:N/S:U/C:N/I:N/A:H,GHSA-h2wq-prv9-2f56,
,lockfile,tensorflow-cpu,2.6.0,PyPI,GHSA-h48f-q7rw-hvr7,MODERATE,"BIT-tensorflow-2022-29195,CVE-2022-29195",CWE-20,CVSS:3.1/AV:L/AC:L/PR:L/UI:N/S:U/C:N/I:N/A:H,GHSA-h48f-q7rw-hvr7,
,lockfile,tensorflow-cpu,2.6.0,PyPI,GHSA-h5g4-ppwx-48q2,MODERATE,"BIT-tensorflow-2022-29194,CVE-2022-29194",CWE-20,CVSS:3.1/AV:L/AC:L/PR:L/UI:N/S:U/C:N/I:N/A:H,GHSA-h5g4-ppwx-48q2,
,lockfile,tensorflow-cpu,2.6.0,PyPI,GHSA-h5vq-gw2c-pq47,MODERATE,"BIT-tensorflow-2022-35952,CVE-2022-35952",CWE-617,CVSS:3.1/AV:N/AC:H/PR:N/UI:N/S:U/C:N/I:N/A:H,GHSA-h5vq-gw2c-pq47,
,lockfile,tensorflow-cpu,2.6.0,PyPI,GHSA-h67m-xg8f-fxcf,MODERATE,"BIT-tensorflow-2021-41213,CVE-2021-41213,PYSEC-2021-405,PYSEC-2021-622,PYSEC-2021-820","CWE-662,CWE-667",CVSS:3.1/AV:L/AC:L/PR:L/UI:N/S:U/C:N/I:N/A:H,"PYSEC-2021-622,GHSA-h67m-xg8f-fxcf",
,lockfile,tensorflow-cpu,2.6.0,PyPI,GHSA-h6gw-r52c-724r,CRITICAL,,"CWE-476,CWE-824",CVSS:3.1/AV:L/AC:L/PR:N/UI:N/S:C/C:H/I:H/A:H,GHSA-h6gw-r52c-724r,
,lockfile,tensorflow-cpu,2.6.0,PyPI,GHSA-h7ff-cfc9-wmmh,MODERATE,"BIT-tensorflow-2022-35990,CVE-2022-35990",CWE-617,CVSS:3.1/AV:N/AC:H/PR:N/UI:N/S:U/C:N/I:N/A:H,GHSA-h7ff-cfc9-wmmh,
,lockfile,tensorflow-cpu,2.6.0,PyPI,GHSA-hq7g-wwwp-q46h,MODERATE,"BIT-tensorflow-2022-41898,CVE-2022-41898",CWE-20,CVSS:3.1/AV:N/AC:H/PR:L/UI:R/S:U/C:N/I:N/A:H,GHSA-hq7g-wwwp-q46h,
,lockfile,tensorflow-cpu,2.6.0,PyPI,GHSA-hrg5-737c-2p56,MODERATE,"BIT-tensorflow-2022-29197,CVE-2022-29197",CWE-20,CVSS:3.1/AV:L/AC:L/PR:L/UI:N/S:U/C:N/I:N/A:H,GHSA-hrg5-737c-2p56,
,lockfile,tensorflow-cpu,2.6.0,PyPI,GHSA-hx9q-2mx4-m4pg,MODERATE,"BIT-tensorflow-2022-29204,CVE-2022-29204","CWE-191,CWE-20",CVSS:3.1/AV:L/AC:L/PR:L/UI:N/S:U/C:N/I:N/A:H,GHSA-hx9q-2mx4-m4pg,
,lockfile,tensorflow-cpu,2.6.0,PyPI,GHSA-j3mj-fhpq-qqjj,HIGH,"BIT-tensorflow-2022-23571,CVE-2022-23571,PYSEC-2022-135,PYSEC-2022-80",CWE-617,CVSS:4.0/AV:N/AC:L/AT:N/PR:L/UI:N/VC:N/VI:N/VA:H/SC:N/SI:N/SA:N,"PYSEC-2022-80,GHSA-j3mj-fhpq-qqjj",
,lockfile,tensorflow-cpu,2.6.0,PyPI,GHSA-j43h-pgmg-5hjq,MODERATE,"BIT-tensorflow-2022-35989,CVE-2022-35989",CWE-617,CVSS:3.1/AV:N/AC:H/PR:N/UI:N/S:U/C:N/I:N/A:H,GHSA-j43h-pgmg-5hjq,
,lockfile,tensorflow-cpu,2.6.0,PyPI,GHSA-j5w9-hmfh-4cr6,HIGH,"BIT-tensorflow-2023-25671,CVE-2023-25671",CWE-787,CVSS:3.1/AV:N/AC:L/PR:N/UI:N/S:U/C:N/I:N/A:H,GHSA-j5w9-hmfh-4cr6,
,lockfile,tensorflow-cpu,2.6.0,PyPI,GHSA-j86v-p27c-73fm,HIGH,"BIT-tensorflow-2021-41201,CVE-2021-41201,PYSEC-2021-394,PYSEC-2021-611,PYSEC-2021-809",CWE-824,CVSS:4.0/AV:L/AC:L/AT:N/PR:L/UI:N/VC:H/VI:H/VA:H/SC:N/SI:N/SA:N,"PYSEC-2021-611,GHSA-j86v-p27c-73fm",
,lockfile,tensorflow-cpu,2.6.0,PyPI,GHSA-j8c8-67vp-6mx7,MODERATE,"BIT-tensorflow-2021-41227,CVE-2021-41227,PYSEC-2021-419,PYSEC-2021-636,PYSEC-2021-834",CWE-125,CVSS:4.0/AV:L/AC:L/AT:N/PR:L/UI:N/VC:H/VI:L/VA:L/SC:N/SI:N/SA:N,"PYSEC-2021-636,GHSA-j8c8-67vp-6mx7",
,lockfile,tensorflow-cpu,2.6.0,PyPI,GHSA-jjm6-4vf7-cjh4,MODERATE,"BIT-tensorflow-2022-29203,CVE-2022-29203",CWE-190,CVSS:3.1/AV:L/AC:L/PR:L/UI:N/S:U/C:N/I:N/A:H,GHSA-jjm6-4vf7-cjh4,
,lockfile,tensorflow-cpu,2.6.0,PyPI,GHSA-jq6x-99hj-q636,MODERATE,"BIT-tensorflow-2022-41884,CVE-2022-41884",CWE-670,CVSS:3.1/AV:N/AC:H/PR:L/UI:R/S:U/C:N/I:N/A:H,GHSA-jq6x-99hj-q636,
,lockfile,tensorflow-cpu,2.6.0,PyPI,GHSA-jqm7-m5q7-3hm5,MODERATE,"BIT-tensorflow-2022-36001,CVE-2022-36001",CWE-617,CVSS:3.1/AV:N/AC:H/PR:N/UI:N/S:U/C:N/I:N/A:H,GHSA-jqm7-m5q7-3hm5,
,lockfile,tensorflow-cpu,2.6.0,PyPI,GHSA-jvhc-5hhr-w3v5,MODERATE,"BIT-tensorflow-2022-36012,CVE-2022-36012",CWE-617,CVSS:3.1/AV:N/AC:H/PR:N/UI:N/S:U/C:N/I:N/A:H,GHSA-jvhc-5hhr-w3v5,
,lockfile,tensorflow-cpu,2.6.0,PyPI,GHSA-m342-ff57-4jcc,HIGH,"BIT-tensorflow-2021-41210,CVE-2021-41210,PYSEC-2021-402,PYSEC-2021-619,PYSEC-2021-817",CWE-125,CVSS:3.1/AV:L/AC:L/PR:L/UI:N/S:U/C:H/I:N/A:H,"PYSEC-2021-619,GHSA-m342-ff57-4jcc",
,lockfile,tensorflow-cpu,2.6.0,PyPI,GHSA-m4hf-j54p-p353,HIGH,"BIT-tensorflow-2022-21731,CVE-2022-21731,PYSEC-2022-110,PYSEC-2022-55","CWE-754,CWE-843",CVSS:4.0/AV:N/AC:L/AT:N/PR:L/UI:N/VC:N/VI:N/VA:H/SC:N/SI:N/SA:N,"PYSEC-2022-55,GHSA-m4hf-j54p-p353",
,lockfile,tensorflow-cpu,2.6.0,PyPI,GHSA-m539-j985-hcr8,MODERATE,"BIT-tensorflow-2021-41196,CVE-2021-41196,PYSEC-2021-389,PYSEC-2021-606,PYSEC-2021-804",CWE-191,CVSS:4.0/AV:L/AC:L/AT:N/PR:L/UI:N/VC:N/VI:N/VA:H/SC:N/SI:N/SA:N,"PYSEC-2021-606,GHSA-m539-j985-hcr8",
,lockfile,tensorflow-cpu,2.6.0,PyPI,GHSA-m6cv-4fmf-66xf,MODERATE,"BIT-tensorflow-2022-36018,CVE-2022-36018",CWE-617,CVSS:3.1/AV:N/AC:H/PR:N/UI:N/S:U/C:N/I:N/A:H,GHSA-m6cv-4fmf-66xf,
,lockfile,tensorflow-cpu,2.6.0,PyPI,GHSA-m6vp-8q9j-whx4,MODERATE,"BIT-tensorflow-2022-35983,CVE-2022-35983",CWE-617,CVSS:3.1/AV:N/AC:H/PR:N/UI:N/S:U/C:N/I:N/A:H,GHSA-m6vp-8q9j-whx4,
,lockfile,tensorflow-cpu,2.6.0,PyPI,GHSA-mg66-qvc5-rm93,MODERATE,"BIT-tensorflow-2022-29198,CVE-2022-29198",CWE-20,CVSS:3.1/AV:L/AC:L/PR:L/UI:N/S:U/C:N/I:N/A:H,GHSA-mg66-qvc5-rm93,
,lockfile,tensorflow-cpu,2.6.0,PyPI,GHSA-mgmh-g2v6-mqw5,MODERATE,"BIT-tensorflow-2022-35941,CVE-2022-35941",CWE-617,CVSS:3.1/AV:N/AC:H/PR:N/UI:N/S:U/C:N/I:N/A:H,GHSA-mgmh-g2v6-mqw5,
,lockfile,tensorflow-cpu,2.6.0,PyPI,GHSA-mh3m-62v7-68xg,MODERATE,"BIT-tensorflow-2022-36002,CVE-2022-36002",CWE-617,CVSS:3.1/AV:N/AC:H/PR:N/UI:N/S:U/C:N/I:N/A:H,GHSA-mh3m-62v7-68xg,
,lockfile,tensorflow-cpu,2.6.0,PyPI,GHSA-mv77-9g28-cwg3,MODERATE,"BIT-tensorflow-2022-41908,CVE-2022-41908",CWE-20,CVSS:3.1/AV:N/AC:H/PR:L/UI:R/S:U/C:N/I:N/A:H,GHSA-mv77-9g28-cwg3,
,lockfile,tensorflow-cpu,2.6.0,PyPI,GHSA-mv8m-8x97-937q,MODERATE,"BIT-tensorflow-2022-36004,CVE-2022-36004",CWE-617,CVSS:3.1/AV:N/AC:H/PR:N/UI:N/S:U/C:N/I:N/A:H,GHSA-mv8m-8x97-937q,
,lockfile,tensorflow-cpu,2.6.0,PyPI,GHSA-mw6j-hh29-h379,MODERATE,,CWE-190,,GHSA-mw6j-hh29-h379,
,lockfile,tensorflow-cpu,2.6.0,PyPI,GHSA-p2xf-8hgm-hpw5,MODERATE,"BIT-tensorflow-2022-35984,CVE-2022-35984",CWE-617,CVSS:3.1/AV:N/AC:H/PR:N/UI:N/S:U/C:N/I:N/A:H,GHSA-p2xf-8hgm-hpw5,
,lockfile,tensorflow-cpu,2.6.0,PyPI,GHSA-p7hr-f446-x6qf,MODERATE,"BIT-tensorflow-2022-35997,CVE-2022-35997",CWE-617,CVSS:3.1/AV:N/AC:H/PR:N/UI:N/S:U/C:N/I:N/A:H,GHSA-p7hr-f446-x6qf,
,lockfile,tensorflow-cpu,2.6.0,PyPI,GHSA-p9rc-rmr5-529j,MODERATE,"BIT-tensorflow-2022-29199,CVE-2022-29199",CWE-20,CVSS:3.1/AV:L/AC:L/PR:L/UI:N/S:U/C:N/I:N/A:H,GHSA-p9rc-rmr5-529j,
,lockfile,tensorflow-cpu,2.6.0,PyPI,GHSA-pf36-r9c6-h97j,MODERATE,"BIT-tensorflow-2022-41911,CVE-2022-41911",CWE-704,CVSS:3.1/AV:N/AC:H/PR:L/UI:R/S:U/C:N/I:N/A:H,GHSA-pf36-r9c6-h97j,
,lockfile,tensorflow-cpu,2.6.0,PyPI,GHSA-pfjj-m3jj-9jc9,HIGH,"BIT-tensorflow-2022-21736,CVE-2022-21736,PYSEC-2022-115,PYSEC-2022-60",CWE-476,CVSS:4.0/AV:N/AC:L/AT:N/PR:L/UI:N/VC:L/VI:L/VA:H/SC:N/SI:N/SA:N,"PYSEC-2022-60,GHSA-pfjj-m3jj-9jc9",
,lockfile,tensorflow-cpu,2.6.0,PyPI,GHSA-pgcq-h79j-2f69,HIGH,"BIT-tensorflow-2021-41206,CVE-2021-41206,PYSEC-2021-843,PYSEC-2021-845,PYSEC-2021-847",CWE-354,CVSS:4.0/AV:L/AC:L/AT:P/PR:L/UI:N/VC:H/VI:H/VA:H/SC:N/SI:N/SA:N,"PYSEC-2021-845,GHSA-pgcq-h79j-2f69",
,lockfile,tensorflow-cpu,2.6.0,PyPI,GHSA-pqhm-4wvf-2jg8,MODERATE,"BIT-tensorflow-2022-29201,CVE-2022-29201","CWE-20,CWE-476",CVSS:3.1/AV:L/AC:L/PR:L/UI:N/S:U/C:N/I:N/A:H,GHSA-pqhm-4wvf-2jg8,
,lockfile,tensorflow-cpu,2.6.0,PyPI,GHSA-pqrv-8r2f-7278,MODERATE,"BIT-tensorflow-2022-23590,CVE-2022-23590,PYSEC-2022-154,PYSEC-2022-99",CWE-754,CVSS:3.1/AV:N/AC:H/PR:N/UI:N/S:U/C:N/I:N/A:H,"PYSEC-2022-99,GHSA-pqrv-8r2f-7278",
,lockfile,tensorflow-cpu,2.6.0,PyPI,GHSA-prcg-wp5q-rv7p,MODERATE,"BIT-tensorflow-2021-41197,CVE-2021-41197,PYSEC-2021-390,PYSEC-2021-607,PYSEC-2021-805",CWE-190,CVSS:4.0/AV:L/AC:L/AT:N/PR:L/UI:N/VC:N/VI:N/VA:H/SC:N/SI:N/SA:N,"PYSEC-2021-607,GHSA-prcg-wp5q-rv7p",
,lockfile,tensorflow-cpu,2.6.0,PyPI,GHSA-pxrw-j2fv-hx3h,HIGH,"BIT-tensorflow-2022-35937,CVE-2022-35937",CWE-125,CVSS:3.1/AV:N/AC:H/PR:N/UI:N/S:U/C:L/I:L/A:H,GHSA-pxrw-j2fv-hx3h,
,lockfile,tensorflow-cpu,2.6.0,PyPI,GHSA-q2c3-jpmc-gfjx,MODERATE,"BIT-tensorflow-2022-35969,CVE-2022-35969",,CVSS:3.1/AV:N/AC:H/PR:N/UI:N/S:U/C:N/I:N/A:H,GHSA-q2c3-jpmc-gfjx,
,lockfile,tensorflow-cpu,2.6.0,PyPI,GHSA-q5jv-m6qw-5g37,MODERATE,"BIT-tensorflow-2022-35996,CVE-2022-35996",CWE-369,CVSS:3.1/AV:N/AC:H/PR:N/UI:N/S:U/C:N/I:N/A:H,GHSA-q5jv-m6qw-5g37,
,lockfile,tensorflow-cpu,2.6.0,PyPI,GHSA-q85f-69q7-55h2,HIGH,"BIT-tensorflow-2022-23573,CVE-2022-23573,PYSEC-2022-137,PYSEC-2022-82",CWE-908,CVSS:4.0/AV:N/AC:L/AT:N/PR:L/UI:N/VC:L/VI:L/VA:H/SC:N/SI:N/SA:N,"PYSEC-2022-82,GHSA-q85f-69q7-55h2",
,lockfile,tensorflow-cpu,2.6.0,PyPI,GHSA-qj5r-f9mv-rffh,HIGH,"BIT-tensorflow-2022-23569,CVE-2022-23569,PYSEC-2022-133,PYSEC-2022-78",CWE-617,CVSS:4.0/AV:N/AC:L/AT:N/PR:L/UI:N/VC:N/VI:N/VA:H/SC:N/SI:N/SA:N,"PYSEC-2022-78,GHSA-qj5r-f9mv-rffh",
,lockfile,tensorflow-cpu,2.6.0,PyPI,GHSA-qjqc-vqcf-5qvj,HIGH,"BIT-tensorflow-2023-25660,CVE-2023-25660",CWE-476,CVSS:3.1/AV:N/AC:L/PR:N/UI:N/S:U/C:N/I:N/A:H,GHSA-qjqc-vqcf-5qvj,
,lockfile,tensorflow-cpu,2.6.0,PyPI,GHSA-qx3f-p745-w4hr,HIGH,"BIT-tensorflow-2022-23562,CVE-2022-23562,PYSEC-2022-126,PYSEC-2022-71",CWE-190,CVSS:4.0/AV:N/AC:L/AT:N/PR:L/UI:N/VC:L/VI:L/VA:H/SC:N/SI:N/SA:N,"PYSEC-2022-71,GHSA-qx3f-p745-w4hr",
,lockfile,tensorflow-cpu,2.6.0,PyPI,GHSA-qxpx-j395-pw36,MODERATE,"BIT-tensorflow-2022-35965,CVE-2022-35965",CWE-476,CVSS:3.1/AV:N/AC:H/PR:N/UI:N/S:U/C:N/I:N/A:H,GHSA-qxpx-j395-pw36,
,lockfile,tensorflow-cpu,2.6.0,PyPI,GHSA-r26c-679w-mrjm,MODERATE,"BIT-tensorflow-2022-36005,CVE-2022-36005",CWE-617,CVSS:3.1/AV:N/AC:H/PR:N/UI:N/S:U/C:N/I:N/A:H,GHSA-r26c-679w-mrjm,
,lockfile,tensorflow-cpu,2.6.0,PyPI,GHSA-rc9w-5c64-9vqq,MODERATE,"BIT-tensorflow-2022-29206,CVE-2022-29206","CWE-20,CWE-476",CVSS:3.1/AV:L/AC:L/PR:L/UI:N/S:U/C:N/I:N/A:H,GHSA-rc9w-5c64-9vqq,
,lockfile,tensorflow-cpu,2.6.0,PyPI,GHSA-rcf8-g8jv-vg6p,HIGH,"BIT-tensorflow-2023-25669,CVE-2023-25669",CWE-697,CVSS:3.1/AV:N/AC:L/PR:N/UI:N/S:U/C:N/I:N/A:H,GHSA-rcf8-g8jv-vg6p,
,lockfile,tensorflow-cpu,2.6.0,PyPI,GHSA-rg3m-hqc5-344v,MODERATE,"BIT-tensorflow-2021-41224,CVE-2021-41224,PYSEC-2021-416,PYSEC-2021-633,PYSEC-2021-831",CWE-125,CVSS:4.0/AV:L/AC:L/AT:N/PR:L/UI:N/VC:H/VI:N/VA:H/SC:N/SI:N/SA:N,"PYSEC-2021-633,GHSA-rg3m-hqc5-344v",
,lockfile,tensorflow-cpu,2.6.0,PyPI,GHSA-rh87-q4vg-m45j,LOW,"BIT-tensorflow-2022-36015,CVE-2022-36015",CWE-190,,GHSA-rh87-q4vg-m45j,
,lockfile,tensorflow-cpu,2.6.0,PyPI,GHSA-rjx6-v474-2ch9,MODERATE,"BIT-tensorflow-2022-41909,CVE-2022-41909","CWE-20,CWE-476",CVSS:3.1/AV:N/AC:H/PR:L/UI:R/S:U/C:N/I:N/A:H,GHSA-rjx6-v474-2ch9,
,lockfile,tensorflow-cpu,2.6.0,PyPI,GHSA-rmg2-f698-wq35,MODERATE,"BIT-tensorflow-2022-41896,CVE-2022-41896","CWE-1284,CWE-20",CVSS:3.1/AV:N/AC:H/PR:L/UI:R/S:U/C:N/I:N/A:H,GHSA-rmg2-f698-wq35,
,lockfile,tensorflow-cpu,2.6.0,PyPI,GHSA-rrx2-r989-2c43,HIGH,"BIT-tensorflow-2022-23567,CVE-2022-23567,PYSEC-2022-131,PYSEC-2022-76",CWE-190,CVSS:4.0/AV:N/AC:L/AT:N/PR:L/UI:N/VC:N/VI:N/VA:H/SC:N/SI:N/SA:N,"PYSEC-2022-76,GHSA-rrx2-r989-2c43",
,lockfile,tensorflow-cpu,2.6.0,PyPI,GHSA-rww7-2gpw-fv6j,HIGH,"BIT-tensorflow-2022-23572,CVE-2022-23572,PYSEC-2022-136,PYSEC-2022-81","CWE-617,CWE-754",CVSS:4.0/AV:N/AC:L/AT:N/PR:L/UI:N/VC:N/VI:N/VA:H/SC:N/SI:N/SA:N,"PYSEC-2022-81,GHSA-rww7-2gpw-fv6j",
,lockfile,tensorflow-cpu,2.6.0,PyPI,GHSA-v3f7-j968-4h5f,MODERATE,"BIT-tensorflow-2022-21725,CVE-2022-21725,PYSEC-2022-104,PYSEC-2022-49",CWE-369,CVSS:4.0/AV:L/AC:L/AT:N/PR:L/UI:N/VC:N/VI:N/VA:H/SC:N/SI:N/SA:N,"PYSEC-2022-49,GHSA-v3f7-j968-4h5f",
,lockfile,tensorflow-cpu,2.6.0,PyPI,GHSA-v5xg-3q2c-c2r4,MODERATE,"BIT-tensorflow-2022-35960,CVE-2022-35960",CWE-617,CVSS:3.1/AV:N/AC:H/PR:N/UI:N/S:U/C:N/I:N/A:H,GHSA-v5xg-3q2c-c2r4,
,lockfile,tensorflow-cpu,2.6.0,PyPI,GHSA-v6h3-348g-6h5x,MODERATE,"BIT-tensorflow-2022-35967,CVE-2022-35967",CWE-20,CVSS:3.1/AV:N/AC:H/PR:N/UI:N/S:U/C:N/I:N/A:H,GHSA-v6h3-348g-6h5x,
,lockfile,tensorflow-cpu,2.6.0,PyPI,GHSA-v7vw-577f-vp8x,MODERATE,"BIT-tensorflow-2022-35979,CVE-2022-35979",CWE-20,CVSS:3.1/AV:N/AC:H/PR:N/UI:N/S:U/C:N/I:N/A:H,GHSA-v7vw-577f-vp8x,
,lockfile,tensorflow-cpu,2.6.0,PyPI,GHSA-vgvh-2pf4-jr2x,MODERATE,"BIT-tensorflow-2022-35974,CVE-2022-35974",CWE-20,CVSS:3.1/AV:N/AC:H/PR:N/UI:N/S:U/C:N/I:N/A:H,GHSA-vgvh-2pf4-jr2x,
,lockfile,tensorflow-cpu,2.6.0,PyPI,GHSA-vjg4-v33c-ggc4,HIGH,"BIT-tensorflow-2022-21730,CVE-2022-21730,PYSEC-2022-109,PYSEC-2022-54",CWE-125,CVSS:4.0/AV:N/AC:L/AT:N/PR:L/UI:N/VC:H/VI:N/VA:H/SC:N/SI:N/SA:N,"PYSEC-2022-54,GHSA-vjg4-v33c-ggc4",
,lockfile,tensorflow-cpu,2.6.0,PyPI,GHSA-vm7x-4qhj-rrcq,MODERATE,"BIT-tensorflow-2022-35991,CVE-2022-35991",CWE-617,CVSS:3.1/AV:N/AC:H/PR:N/UI:N/S:U/C:N/I:N/A:H,GHSA-vm7x-4qhj-rrcq,
,lockfile,tensorflow-cpu,2.6.0,PyPI,GHSA-vwhq-49r4-gj9v,HIGH,"BIT-tensorflow-2021-41214,CVE-2021-41214,PYSEC-2021-406,PYSEC-2021-623,PYSEC-2021-821",CWE-824,CVSS:3.1/AV:L/AC:L/PR:L/UI:N/S:U/C:H/I:H/A:H,"PYSEC-2021-623,GHSA-vwhq-49r4-gj9v",
,lockfile,tensorflow-cpu,2.6.0,PyPI,GHSA-vxv8-r8q2-63xw,MODERATE,"BIT-tensorflow-2022-35981,CVE-2022-35981",CWE-617,CVSS:3.1/AV:N/AC:H/PR:N/UI:N/S:U/C:N/I:N/A:H,GHSA-vxv8-r8q2-63xw,
,lockfile,tensorflow-cpu,2.6.0,PyPI,GHSA-w62h-8xjm-fv49,MODERATE,"BIT-tensorflow-2022-35987,CVE-2022-35987",CWE-617,CVSS:3.1/AV:N/AC:H/PR:N/UI:N/S:U/C:N/I:N/A:H,GHSA-w62h-8xjm-fv49,
,lockfile,tensorflow-cpu,2.6.0,PyPI,GHSA-wc4g-r73w-x8mm,HIGH,"BIT-tensorflow-2022-23563,CVE-2022-23563,PYSEC-2022-127,PYSEC-2022-72","CWE-367,CWE-668",CVSS:4.0/AV:L/AC:L/AT:N/PR:L/UI:N/VC:H/VI:H/VA:N/SC:N/SI:N/SA:N,"PYSEC-2022-72,GHSA-wc4g-r73w-x8mm",
,lockfile,tensorflow-cpu,2.6.0,PyPI,GHSA-wcv5-vrvr-3rx2,MODERATE,,CWE-190,CVSS:3.1/AV:L/AC:L/PR:L/UI:N/S:U/C:N/I:N/A:H,GHSA-wcv5-vrvr-3rx2,
,lockfile,tensorflow-cpu,2.6.0,PyPI,GHSA-wm93-f238-7v37,HIGH,"BIT-tensorflow-2022-23576,CVE-2022-23576,PYSEC-2022-140,PYSEC-2022-85",CWE-190,CVSS:4.0/AV:N/AC:L/AT:N/PR:L/UI:N/VC:N/VI:N/VA:H/SC:N/SI:N/SA:N,"PYSEC-2022-85,GHSA-wm93-f238-7v37",
,lockfile,tensorflow-cpu,2.6.0,PyPI,GHSA-wq6q-6m32-9rv9,MODERATE,"BIT-tensorflow-2022-35993,CVE-2022-35993",CWE-617,CVSS:3.1/AV:N/AC:H/PR:N/UI:N/S:U/C:N/I:N/A:H,GHSA-wq6q-6m32-9rv9,
,lockfile,tensorflow-cpu,2.6.0,PyPI,GHSA-wqmc-pm8c-2jhc,MODERATE,"BIT-tensorflow-2022-36017,CVE-2022-36017",CWE-20,CVSS:3.1/AV:N/AC:H/PR:N/UI:N/S:U/C:N/I:N/A:H,GHSA-wqmc-pm8c-2jhc,
,lockfile,tensorflow-cpu,2.6.0,PyPI,GHSA-wxjj-cgcx-r3vq,MODERATE,"BIT-tensorflow-2022-35959,CVE-2022-35959",CWE-617,CVSS:3.1/AV:N/AC:H/PR:N/UI:N/S:U/C:N/I:N/A:H,GHSA-wxjj-cgcx-r3vq,
,lockfile,tensorflow-cpu,2.6.0,PyPI,GHSA-x3v8-c8qx-3j3r,MODERATE,"BIT-tensorflow-2021-41215,CVE-2021-41215,PYSEC-2021-407,PYSEC-2021-624,PYSEC-2021-822",CWE-476,CVSS:3.1/AV:L/AC:L/PR:L/UI:N/S:U/C:N/I:N/A:H,"PYSEC-2021-624,GHSA-x3v8-c8qx-3j3r",
,lockfile,tensorflow-cpu,2.6.0,PyPI,GHSA-x4qx-4fjv-hmw6,HIGH,"BIT-tensorflow-2022-21738,CVE-2022-21738,PYSEC-2022-117,PYSEC-2022-62",CWE-190,CVSS:4.0/AV:N/AC:L/AT:N/PR:L/UI:N/VC:N/VI:N/VA:H/SC:N/SI:N/SA:N,"PYSEC-2022-62,GHSA-x4qx-4fjv-hmw6",
,lockfile,tensorflow-cpu,2.6.0,PyPI,GHSA-x989-q2pq-4q5x,MODERATE,"BIT-tensorflow-2022-35940,CVE-2022-35940",CWE-190,CVSS:3.1/AV:N/AC:H/PR:N/UI:N/S:U/C:N/I:N/A:H,GHSA-x989-q2pq-4q5x,
,lockfile,tensorflow-cpu,2.6.0,PyPI,GHSA-xf83-q765-xm6m,LOW,,,,GHSA-xf83-q765-xm6m,
,lockfile,tensorflow-cpu,2.6.0,PyPI,GHSA-xrp2-fhq4-4q3w,MODERATE,"BIT-tensorflow-2022-29211,CVE-2022-29211",CWE-20,CVSS:3.1/AV:L/AC:L/PR:L/UI:N/S:U/C:N/I:N/A:H,GHSA-xrp2-fhq4-4q3w,
,lockfile,tensorflow-cpu,2.6.0,PyPI,GHSA-xrqm-fpgr-6hhx,MODERATE,"BIT-tensorflow-2021-41202,CVE-2021-41202,PYSEC-2021-395,PYSEC-2021-612,PYSEC-2021-810",CWE-681,CVSS:4.0/AV:L/AC:L/AT:N/PR:L/UI:N/VC:N/VI:N/VA:H/SC:N/SI:N/SA:N,"PYSEC-2021-612,GHSA-xrqm-fpgr-6hhx",
,lockfile,tensorflow-cpu,2.6.0,PyPI,GHSA-xvwp-h6jv-7472,HIGH,"BIT-tensorflow-2022-41900,CVE-2022-41900","CWE-125,CWE-787",CVSS:3.1/AV:N/AC:H/PR:L/UI:R/S:U/C:H/I:H/A:H,GHSA-xvwp-h6jv-7472,
,lockfile,tensorflow-cpu,2.6.0,PyPI,GHSA-xxcj-rhqg-m46g,MODERATE,"BIT-tensorflow-2022-41889,CVE-2022-41889",CWE-476,CVSS:3.1/AV:L/AC:L/PR:L/UI:N/S:U/C:N/I:N/A:H,GHSA-xxcj-rhqg-m46g,
,lockfile,tensorflow-cpu,2.6.0,PyPI,PYSEC-2021-606,,"BIT-tensorflow-2021-41196,CVE-2021-41196,GHSA-m539-j985-hcr8,PYSEC-2021-389,PYSEC-2021-804",,,"PYSEC-2021-606,GHSA-m539-j985-hcr8",
,lockfile,tensorflow-cpu,2.6.0,PyPI,PYSEC-2021-607,,"BIT-tensorflow-2021-41197,CVE-2021-41197,GHSA-prcg-wp5q-rv7p,PYSEC-2021-390,PYSEC-2021-805",,,"PYSEC-2021-607,GHSA-prcg-wp5q-rv7p",
,lockfile,tensorflow-cpu,2.6.0,PyPI,PYSEC-2021-608,,"BIT-tensorflow-2021-41198,CVE-2021-41198,GHSA-2p25-55c9-h58q,PYSEC-2021-391,PYSEC-2021-806",,,"PYSEC-2021-608,GHSA-2p25-55c9-h58q",
,lockfile,tensorflow-cpu,2.6.0,PyPI,PYSEC-2021-609,,"BIT-tensorflow-2021-41199,CVE-2021-41199,GHSA-5hx2-qx8j-qjqm,PYSEC-2021-392,PYSEC-2021-807",,,"PYSEC-2021-609,GHSA-5hx2-qx8j-qjqm",
,lockfile,tensorflow-cpu,2.6.0,PyPI,PYSEC-2021-610,,"BIT-tensorflow-2021-41200,CVE-2021-41200,GHSA-gh8h-7j2j-qv4f,PYSEC-2021-393,PYSEC-2021-808",,,"PYSEC-2021-610,GHSA-gh8h-7j2j-qv4f",
,lockfile,tensorflow-cpu,2.6.0,PyPI,PYSEC-2021-611,,"BIT-tensorflow-2021-41201,CVE-2021-41201,GHSA-j86v-p27c-73fm,PYSEC-2021-394,PYSEC-2021-809",,,"PYSEC-2021-611,GHSA-j86v-p27c-73fm",
,lockfile,tensorflow-cpu,2.6.0,PyPI,PYSEC-2021-612,,"BIT-tensorflow-2021-41202,CVE-2021-41202,GHSA-xrqm-fpgr-6hhx,PYSEC-2021-395,PYSEC-2021-810",,,"PYSEC-2021-612,GHSA-xrqm-fpgr-6hhx",
,lockfile,tensorflow-cpu,2.6.0,PyPI,PYSEC-2021-613,,"BIT-tensorflow-2021-41203,CVE-2021-41203,GHSA-7pxj-m4jf-r6h2,PYSEC-2021-396,PYSEC-2021-811",,,"PYSEC-2021-613,GHSA-7pxj-m4jf-r6h2",
,lockfile,tensorflow-cpu,2.6.0,PyPI,PYSEC-2021-614,,"BIT-tensorflow-2021-41204,CVE-2021-41204,GHSA-786j-5qwq-r36x,PYSEC-2021-397,PYSEC-2021-812",,,"PYSEC-2021-614,GHSA-786j-5qwq-r36x",
,lockfile,tensorflow-cpu,2.6.0,PyPI,PYSEC-2021-615,,"BIT-tensorflow-2021-41205,CVE-2021-41205,GHSA-49rx-x2rw-pc6f,PYSEC-2021-398,PYSEC-2021-813",,,"PYSEC-2021-615,GHSA-49rx-x2rw-pc6f",
,lockfile,tensorflow-cpu,2.6.0,PyPI,PYSEC-2021-616,,"BIT-tensorflow-2021-41207,CVE-2021-41207,GHSA-7v94-64hj-m82h,PYSEC-2021-399,PYSEC-2021-814",,,"PYSEC-2021-616,GHSA-7v94-64hj-m82h",
,lockfile,tensorflow-cpu,2.6.0,PyPI,PYSEC-2021-617,,"BIT-tensorflow-2021-41208,CVE-2021-41208,GHSA-57wx-m983-2f88,PYSEC-2021-400,PYSEC-2021-815",,,"PYSEC-2021-617,GHSA-57wx-m983-2f88",
,lockfile,tensorflow-cpu,2.6.0,PyPI,PYSEC-2021-618,,"BIT-tensorflow-2021-41209,CVE-2021-41209,GHSA-6hpv-v2rx-c5g6,PYSEC-2021-401,PYSEC-2021-816",,,"PYSEC-2021-618,GHSA-6hpv-v2rx-c5g6",
,lockfile,tensorflow-cpu,2.6.0,PyPI,PYSEC-2021-619,,"BIT-tensorflow-2021-41210,CVE-2021-41210,GHSA-m342-ff57-4jcc,PYSEC-2021-402,PYSEC-2021-817",,,"PYSEC-2021-619,GHSA-m342-ff57-4jcc",
,lockfile,tensorflow-cpu,2.6.0,PyPI,PYSEC-2021-620,,"BIT-tensorflow-2021-41211,CVE-2021-41211,GHSA-cvgx-3v3q-m36c,PYSEC-2021-403,PYSEC-2021-818",,,"PYSEC-2021-620,GHSA-cvgx-3v3q-m36c",
,lockfile,tensorflow-cpu,2.6.0,PyPI,PYSEC-2021-621,,"BIT-tensorflow-2021-41212,CVE-2021-41212,GHSA-fr77-rrx3-cp7g,PYSEC-2021-404,PYSEC-2021-819",,,"PYSEC-2021-621,GHSA-fr77-rrx3-cp7g",
,lockfile,tensorflow-cpu,2.6.0,PyPI,PYSEC-2021-622,,"BIT-tensorflow-2021-41213,CVE-2021-41213,GHSA-h67m-xg8f-fxcf,PYSEC-2021-405,PYSEC-2021-820",,,"PYSEC-2021-622,GHSA-h67m-xg8f-fxcf",
,lockfile,tensorflow-cpu,2.6.0,PyPI,PYSEC-2021-623,,"BIT-tensorflow-2021-41214,CVE-2021-41214,GHSA-vwhq-49r4-gj9v,PYSEC-2021-406,PYSEC-2021-821",,,"PYSEC-2021-623,GHSA-vwhq-49r4-gj9v",
,lockfile,tensorflow-cpu,2.6.0,PyPI,PYSEC-2021-624,,"BIT-tensorflow-2021-41215,CVE-2021-41215,GHSA-x3v8-c8qx-3j3r,PYSEC-2021-407,PYSEC-2021-822",,,"PYSEC-2021-624,GHSA-x3v8-c8qx-3j3r",
,lockfile,tensorflow-cpu,2.6.0,PyPI,PYSEC-2021-625,,"BIT-tensorflow-2021-41216,CVE-2021-41216,GHSA-3ff2-r28g-w7h9,PYSEC-2021-408,PYSEC-2021-823",,,"PYSEC-2021-625,GHSA-3ff2-r28g-w7h9",
,lockfile,tensorflow-cpu,2.6.0,PyPI,PYSEC-2021-626,,"BIT-tensorflow-2021-41217,CVE-2021-41217,GHSA-5crj-c72x-m7gq,PYSEC-2021-409,PYSEC-2021-824",,,"PYSEC-2021-626,GHSA-5crj-c72x-m7gq",
,lockfile,tensorflow-cpu,2.6.0,PyPI,PYSEC-2021-627,,"BIT-tensorflow-2021-41218,CVE-2021-41218,GHSA-9crf-c6qr-r273,PYSEC-2021-410,PYSEC-2021-825",,,"PYSEC-2021-627,GHSA-9crf-c6qr-r273",
,lockfile,tensorflow-cpu,2.6.0,PyPI,PYSEC-2021-628,,"BIT-tensorflow-2021-41219,CVE-2021-41219,GHSA-4f99-p9c2-3j8x,PYSEC-2021-411,PYSEC-2021-826",,,"PYSEC-2021-628,GHSA-4f99-p9c2-3j8x",
,lockfile,tensorflow-cpu,2.6.0,PyPI,PYSEC-2021-629,,"BIT-tensorflow-2021-41220,CVE-2021-41220,GHSA-gpfh-jvf9-7wg5,PYSEC-2021-412,PYSEC-2021-827",,,"PYSEC-2021-629,GHSA-gpfh-jvf9-7wg5",
,lockfile,tensorflow-cpu,2.6.0,PyPI,PYSEC-2021-630,,"BIT-tensorflow-2021-41221,CVE-2021-41221,GHSA-cqv6-3phm-hcwx,PYSEC-2021-413,PYSEC-2021-828",,,"PYSEC-2021-630,GHSA-cqv6-3phm-hcwx",
,lockfile,tensorflow-cpu,2.6.0,PyPI,PYSEC-2021-631,,"BIT-tensorflow-2021-41222,CVE-2021-41222,GHSA-cpf4-wx82-gxp6,PYSEC-2021-414,PYSEC-2021-829",,,"PYSEC-2021-631,GHSA-cpf4-wx82-gxp6",
,lockfile,tensorflow-cpu,2.6.0,PyPI,PYSEC-2021-632,,"BIT-tensorflow-2021-41223,CVE-2021-41223,GHSA-f54p-f6jp-4rhr,PYSEC-2021-415,PYSEC-2021-830",,,"PYSEC-2021-632,GHSA-f54p-f6jp-4rhr",
,lockfile,tensorflow-cpu,2.6.0,PyPI,PYSEC-2021-633,,"BIT-tensorflow-2021-41224,CVE-2021-41224,GHSA-rg3m-hqc5-344v,PYSEC-2021-416,PYSEC-2021-831",,,"PYSEC-2021-633,GHSA-rg3m-hqc5-344v",
,lockfile,tensorflow-cpu,2.6.0,PyPI,PYSEC-2021-634,,"BIT-tensorflow-2021-41225,CVE-2021-41225,GHSA-7r94-xv9v-63jw,PYSEC-2021-417,PYSEC-2021-832",,,"PYSEC-2021-634,GHSA-7r94-xv9v-63jw",
,lockfile,tensorflow-cpu,2.6.0,PyPI,PYSEC-2021-635,,"BIT-tensorflow-2021-41226,CVE-2021-41226,GHSA-374m-jm66-3vj8,PYSEC-2021-418,PYSEC-2021-833",,,"PYSEC-2021-635,GHSA-374m-jm66-3vj8",
,lockfile,tensorflow-cpu,2.6.0,PyPI,PYSEC-2021-636,,"BIT-tensorflow-2021-41227,CVE-2021-41227,GHSA-j8c8-67vp-6mx7,PYSEC-2021-419,PYSEC-2021-834",,,"PYSEC-2021-636,GHSA-j8c8-67vp-6mx7",
,lockfile,tensorflow-cpu,2.6.0,PyPI,PYSEC-2021-637,,"BIT-tensorflow-2021-41228,CVE-2021-41228,GHSA-3rcw-9p9x-582v,PYSEC-2021-420,PYSEC-2021-835",,,"PYSEC-2021-637,GHSA-3rcw-9p9x-582v",
,lockfile,tensorflow-cpu,2.6.0,PyPI,PYSEC-2021-844,,"BIT-tensorflow-2021-41195,CVE-2021-41195,GHSA-cq76-mxrc-vchh,PYSEC-2021-842,PYSEC-2021-846",,,"PYSEC-2021-844,GHSA-cq76-mxrc-vchh",
,lockfile,tensorflow-cpu,2.6.0,PyPI,PYSEC-2021-845,,"BIT-tensorflow-2021-41206,CVE-2021-41206,GHSA-pgcq-h79j-2f69,PYSEC-2021-843,PYSEC-2021-847",,,"PYSEC-2021-845,GHSA-pgcq-h79j-2f69",
,lockfile,tensorflow-cpu,2.6.0,PyPI,PYSEC-2022-100,,"BIT-tensorflow-2022-23591,CVE-2022-23591,GHSA-247x-2f9f-5wp7,PYSEC-2022-155",,,"PYSEC-2022-100,GHSA-247x-2f9f-5wp7",
,lockfile,tensorflow-cpu,2.6.0,PyPI,PYSEC-2022-103,,"BIT-tensorflow-2022-23595,CVE-2022-23595,GHSA-fpcp-9h7m-ffpx,PYSEC-2022-158",,,"PYSEC-2022-103,GHSA-fpcp-9h7m-ffpx",
,lockfile,tensorflow-cpu,2.6.0,PyPI,PYSEC-2022-49,,"BIT-tensorflow-2022-21725,CVE-2022-21725,GHSA-v3f7-j968-4h5f,PYSEC-2022-104",,,"PYSEC-2022-49,GHSA-v3f7-j968-4h5f",
,lockfile,tensorflow-cpu,2.6.0,PyPI,PYSEC-2022-50,,"BIT-tensorflow-2022-21726,CVE-2022-21726,GHSA-23hm-7w47-xw72,PYSEC-2022-105",,,"PYSEC-2022-50,GHSA-23hm-7w47-xw72",
,lockfile,tensorflow-cpu,2.6.0,PyPI,PYSEC-2022-51,,"BIT-tensorflow-2022-21727,CVE-2022-21727,GHSA-c6fh-56w7-fvjw,PYSEC-2022-106",,,"PYSEC-2022-51,GHSA-c6fh-56w7-fvjw",
,lockfile,tensorflow-cpu,2.6.0,PyPI,PYSEC-2022-52,,"BIT-tensorflow-2022-21728,CVE-2022-21728,GHSA-6gmv-pjp9-p8w8,PYSEC-2022-107",,,"PYSEC-2022-52,GHSA-6gmv-pjp9-p8w8",
,lockfile,tensorflow-cpu,2.6.0,PyPI,PYSEC-2022-53,,"BIT-tensorflow-2022-21729,CVE-2022-21729,GHSA-34f9-hjfq-rr8j,PYSEC-2022-108",,,"PYSEC-2022-53,GHSA-34f9-hjfq-rr8j",
,lockfile,tensorflow-cpu,2.6.0,PyPI,PYSEC-2022-54,,"BIT-tensorflow-2022-21730,CVE-2022-21730,GHSA-vjg4-v33c-ggc4,PYSEC-2022-109",,,"PYSEC-2022-54,GHSA-vjg4-v33c-ggc4",
,lockfile,tensorflow-cpu,2.6.0,PyPI,PYSEC-2022-55,,"BIT-tensorflow-2022-21731,CVE-2022-21731,GHSA-m4hf-j54p-p353,PYSEC-2022-110",,,"PYSEC-2022-55,GHSA-m4hf-j54p-p353",
,lockfile,tensorflow-cpu,2.6.0,PyPI,PYSEC-2022-56,,"BIT-tensorflow-2022-21732,CVE-2022-21732,GHSA-c582-c96p-r5cq,PYSEC-2022-111",,,"PYSEC-2022-56,GHSA-c582-c96p-r5cq",
,lockfile,tensorflow-cpu,2.6.0,PyPI,PYSEC-2022-57,,"BIT-tensorflow-2022-21733,CVE-2022-21733,GHSA-98j8-c9q4-r38g,PYSEC-2022-112",,,"PYSEC-2022-57,GHSA-98j8-c9q4-r38g",
,lockfile,tensorflow-cpu,2.6.0,PyPI,PYSEC-2022-58,,"BIT-tensorflow-2022-21734,CVE-2022-21734,GHSA-gcvh-66ff-4mwm,PYSEC-2022-113",,,"PYSEC-2022-58,GHSA-gcvh-66ff-4mwm",
,lockfile,tensorflow-cpu,2.6.0,PyPI,PYSEC-2022-59,,"BIT-tensorflow-2022-21735,CVE-2022-21735,GHSA-87v6-crgm-2gfj,PYSEC-2022-114",,,"PYSEC-2022-59,GHSA-87v6-crgm-2gfj",
,lockfile,tensorflow-cpu,2.6.0,PyPI,PYSEC-2022-60,,"BIT-tensorflow-2022-21736,CVE-2022-21736,GHSA-pfjj-m3jj-9jc9,PYSEC-2022-115",,,"PYSEC-2022-60,GHSA-pfjj-m3jj-9jc9",
,lockfile,tensorflow-cpu,2.6.0,PyPI,PYSEC-2022-61,,"BIT-tensorflow-2022-21737,CVE-2022-21737,GHSA-f2vv-v9cg-qhh7,PYSEC-2022-116",,,"PYSEC-2022-61,GHSA-f2vv-v9cg-qhh7",
,lockfile,tensorflow-cpu,2.6.0,PyPI,PYSEC-2022-62,,"BIT-tensorflow-2022-21738,CVE-2022-21738,GHSA-x4qx-4fjv-hmw6,PYSEC-2022-117",,,"PYSEC-2022-62,GHSA-x4qx-4fjv-hmw6",
,lockfile,tensorflow-cpu,2.6.0,PyPI,PYSEC-2022-63,,"BIT-tensorflow-2022-21739,CVE-2022-21739,GHSA-3mw4-6rj6-74g5,PYSEC-2022-118",,,"PYSEC-2022-63,GHSA-3mw4-6rj6-74g5",
,lockfile,tensorflow-cpu,2.6.0,PyPI,PYSEC-2022-64,,"BIT-tensorflow-2022-21740,CVE-2022-21740,GHSA-44qp-9wwf-734r,PYSEC-2022-119",,,"PYSEC-2022-64,GHSA-44qp-9wwf-734r",
,lockfile,tensorflow-cpu,2.6.0,PyPI,PYSEC-2022-65,,"BIT-tensorflow-2022-21741,CVE-2022-21741,GHSA-428x-9xc2-m8mj,PYSEC-2022-120",,,"PYSEC-2022-65,GHSA-428x-9xc2-m8mj",
,lockfile,tensorflow-cpu,2.6.0,PyPI,PYSEC-2022-66,,"BIT-tensorflow-2022-23557,CVE-2022-23557,GHSA-gf2j-f278-xh4v,PYSEC-2022-121",,,"PYSEC-2022-66,GHSA-gf2j-f278-xh4v",
,lockfile,tensorflow-cpu,2.6.0,PyPI,PYSEC-2022-67,,"BIT-tensorflow-2022-23558,CVE-2022-23558,GHSA-9gwq-6cwj-47h3,PYSEC-2022-122",,,"PYSEC-2022-67,GHSA-9gwq-6cwj-47h3",
,lockfile,tensorflow-cpu,2.6.0,PyPI,PYSEC-2022-68,,"BIT-tensorflow-2022-23559,CVE-2022-23559,GHSA-98p5-x8x4-c9m5,PYSEC-2022-123",,,"PYSEC-2022-68,GHSA-98p5-x8x4-c9m5",
,lockfile,tensorflow-cpu,2.6.0,PyPI,PYSEC-2022-69,,"BIT-tensorflow-2022-23560,CVE-2022-23560,GHSA-4hvf-hxvg-f67v,PYSEC-2022-124",,,"PYSEC-2022-69,GHSA-4hvf-hxvg-f67v",
,lockfile,tensorflow-cpu,2.6.0,PyPI,PYSEC-2022-70,,"BIT-tensorflow-2022-23561,CVE-2022-23561,GHSA-9c78-vcq7-7vxq,PYSEC-2022-125",,,"PYSEC-2022-70,GHSA-9c78-vcq7-7vxq",
,lockfile,tensorflow-cpu,2.6.0,PyPI,PYSEC-2022-71,,"BIT-tensorflow-2022-23562,CVE-2022-23562,GHSA-qx3f-p745-w4hr,PYSEC-2022-126",,,"PYSEC-2022-71,GHSA-qx3f-p745-w4hr",
,lockfile,tensorflow-cpu,2.6.0,PyPI,PYSEC-2022-72,,"BIT-tensorflow-2022-23563,CVE-2022-23563,GHSA-wc4g-r73w-x8mm,PYSEC-2022-127",,,"PYSEC-2022-72,GHSA-wc4g-r73w-x8mm",
,lockfile,tensorflow-cpu,2.6.0,PyPI,PYSEC-2022-73,,"BIT-tensorflow-2022-23564,CVE-2022-23564,GHSA-8rcj-c8pj-v3m3,PYSEC-2022-128",,,"PYSEC-2022-73,GHSA-8rcj-c8pj-v3m3",
,lockfile,tensorflow-cpu,2.6.0,PyPI,PYSEC-2022-74,,"BIT-tensorflow-2022-23565,CVE-2022-23565,GHSA-4v5p-v5h9-6xjx,PYSEC-2022-129",,,"PYSEC-2022-74,GHSA-4v5p-v5h9-6xjx",
,lockfile,tensorflow-cpu,2.6.0,PyPI,PYSEC-2022-75,,"BIT-tensorflow-2022-23566,CVE-2022-23566,GHSA-5qw5-89mw-wcg2,PYSEC-2022-130",,,"PYSEC-2022-75,GHSA-5qw5-89mw-wcg2",
,lockfile,tensorflow-cpu,2.6.0,PyPI,PYSEC-2022-76,,"BIT-tensorflow-2022-23567,CVE-2022-23567,GHSA-rrx2-r989-2c43,PYSEC-2022-131",,,"PYSEC-2022-76,GHSA-rrx2-r989-2c43",
,lockfile,tensorflow-cpu,2.6.0,PyPI,PYSEC-2022-77,,"BIT-tensorflow-2022-23568,CVE-2022-23568,GHSA-6445-fm66-fvq2,PYSEC-2022-132",,,"PYSEC-2022-77,GHSA-6445-fm66-fvq2",
,lockfile,tensorflow-cpu,2.6.0,PyPI,PYSEC-2022-78,,"BIT-tensorflow-2022-23569,CVE-2022-23569,GHSA-qj5r-f9mv-rffh,PYSEC-2022-133",,,"PYSEC-2022-78,GHSA-qj5r-f9mv-rffh",
,lockfile,tensorflow-cpu,2.6.0,PyPI,PYSEC-2022-79,,"BIT-tensorflow-2022-23570,CVE-2022-23570,GHSA-9p77-mmrw-69c7,PYSEC-2022-134",,,"PYSEC-2022-79,GHSA-9p77-mmrw-69c7",
,lockfile,tensorflow-cpu,2.6.0,PyPI,PYSEC-2022-80,,"BIT-tensorflow-2022-23571,CVE-2022-23571,GHSA-j3mj-fhpq-qqjj,PYSEC-2022-135",,,"PYSEC-2022-80,GHSA-j3mj-fhpq-qqjj",
,lockfile,tensorflow-cpu,2.6.0,PyPI,PYSEC-2022-81,,"BIT-tensorflow-2022-23572,CVE-2022-23572,GHSA-rww7-2gpw-fv6j,PYSEC-2022-136",,,"PYSEC-2022-81,GHSA-rww7-2gpw-fv6j",
,lockfile,tensorflow-cpu,2.6.0,PyPI,PYSEC-2022-82,,"BIT-tensorflow-2022-23573,CVE-2022-23573,GHSA-q85f-69q7-55h2,PYSEC-2022-137",,,"PYSEC-2022-82,GHSA-q85f-69q7-55h2",
,lockfile,tensorflow-cpu,2.6.0,PyPI,PYSEC-2022-83,,"BIT-tensorflow-2022-23574,CVE-2022-23574,GHSA-77gp-3h4r-6428,PYSEC-2022-138",,,"PYSEC-2022-83,GHSA-77gp-3h4r-6428",
,lockfile,tensorflow-cpu,2.6.0,PyPI,PYSEC-2022-84,,"BIT-tensorflow-2022-23575,CVE-2022-23575,GHSA-c94w-c95p-phf8,PYSEC-2022-139",,,"PYSEC-2022-84,GHSA-c94w-c95p-phf8",
,lockfile,tensorflow-cpu,2.6.0,PyPI,PYSEC-2022-85,,"BIT-tensorflow-2022-23576,CVE-2022-23576,GHSA-wm93-f238-7v37,PYSEC-2022-140",,,"PYSEC-2022-85,GHSA-wm93-f238-7v37",
,lockfile,tensorflow-cpu,2.6.0,PyPI,PYSEC-2022-86,,"BIT-tensorflow-2022-23577,CVE-2022-23577,GHSA-8cxv-76p7-jxwr,PYSEC-2022-141",,,"PYSEC-2022-86,GHSA-8cxv-76p7-jxwr",
,lockfile,tensorflow-cpu,2.6.0,PyPI,PYSEC-2022-87,,"BIT-tensorflow-2022-23578,CVE-2022-23578,GHSA-8r7c-3cm2-3h8f,PYSEC-2022-142",,,"PYSEC-2022-87,GHSA-8r7c-3cm2-3h8f",
,lockfile,tensorflow-cpu,2.6.0,PyPI,PYSEC-2022-88,,"BIT-tensorflow-2022-23579,CVE-2022-23579,GHSA-5f2r-qp73-37mr,PYSEC-2022-143",,,"PYSEC-2022-88,GHSA-5f2r-qp73-37mr",
,lockfile,tensorflow-cpu,2.6.0,PyPI,PYSEC-2022-89,,"BIT-tensorflow-2022-23580,CVE-2022-23580,GHSA-627q-g293-49q7,PYSEC-2022-144",,,"PYSEC-2022-89,GHSA-627q-g293-49q7",
,lockfile,tensorflow-cpu,2.6.0,PyPI,PYSEC-2022-90,,"BIT-tensorflow-2022-23581,CVE-2022-23581,GHSA-fq86-3f29-px2c,PYSEC-2022-145",,,"PYSEC-2022-90,GHSA-fq86-3f29-px2c",
,lockfile,tensorflow-cpu,2.6.0,PyPI,PYSEC-2022-91,,"BIT-tensorflow-2022-23582,CVE-2022-23582,GHSA-4j82-5ccr-4r8v,PYSEC-2022-146",,,"PYSEC-2022-91,GHSA-4j82-5ccr-4r8v",
,lockfile,tensorflow-cpu,2.6.0,PyPI,PYSEC-2022-92,,"BIT-tensorflow-2022-23583,CVE-2022-23583,GHSA-gjqc-q9g6-q2j3,PYSEC-2022-147",,,"PYSEC-2022-92,GHSA-gjqc-q9g6-q2j3",
,lockfile,tensorflow-cpu,2.6.0,PyPI,PYSEC-2022-93,,"BIT-tensorflow-2022-23584,CVE-2022-23584,GHSA-24x4-6qmh-88qg,PYSEC-2022-148",,,"PYSEC-2022-93,GHSA-24x4-6qmh-88qg",
,lockfile,tensorflow-cpu,2.6.0,PyPI,PYSEC-2022-94,,"BIT-tensorflow-2022-23585,CVE-2022-23585,GHSA-fq6p-6334-8gr4,PYSEC-2022-149",,,"PYSEC-2022-94,GHSA-fq6p-6334-8gr4",
,lockfile,tensorflow-cpu,2.6.0,PyPI,PYSEC-2022-95,,"BIT-tensorflow-2022-23586,CVE-2022-23586,GHSA-43jf-985q-588j,PYSEC-2022-150",,,"PYSEC-2022-95,GHSA-43jf-985q-588j",
,lockfile,tensorflow-cpu,2.6.0,PyPI,PYSEC-2022-96,,"BIT-tensorflow-2022-23587,CVE-2022-23587,GHSA-8jj7-5vxc-pg2q,PYSEC-2022-151",,,"PYSEC-2022-96,GHSA-8jj7-5vxc-pg2q",
,lockfile,tensorflow-cpu,2.6.0,PyPI,PYSEC-2022-97,,"BIT-tensorflow-2022-23588,CVE-2022-23588,GHSA-fx5c-h9f6-rv7c,PYSEC-2022-152",,,"PYSEC-2022-97,GHSA-fx5c-h9f6-rv7c",
,lockfile,tensorflow-cpu,2.6.0,PyPI,PYSEC-2022-98,,"BIT-tensorflow-2022-23589,CVE-2022-23589,GHSA-9px9-73fg-3fqp,PYSEC-2022-153",,,"PYSEC-2022-98,GHSA-9px9-73fg-3fqp",
,lockfile,tensorflow-cpu,2.6.0,PyPI,PYSEC-2022-99,,"BIT-tensorflow-2022-23590,CVE-2022-23590,GHSA-pqrv-8r2f-7278,PYSEC-2022-154",,,"PYSEC-2022-99,GHSA-pqrv-8r2f-7278",
,lockfile,tensorflow-cpu,2.7.0,PyPI,GHSA-23hm-7w47-xw72,HIGH,"BIT-tensorflow-2022-21726,CVE-2022-21726,PYSEC-2022-105,PYSEC-2022-50",CWE-125,CVSS:4.0/AV:N/AC:L/AT:N/PR:L/UI:N/VC:H/VI:N/VA:H/SC:N/SI:N/SA:N,GHSA-23hm-7w47-xw72,
,lockfile,tensorflow-cpu,2.7.0,PyPI,GHSA-2475-53vw-vp25,MODERATE,"BIT-tensorflow-2022-35968,CVE-2022-35968",CWE-617,CVSS:3.1/AV:N/AC:H/PR:N/UI:N/S:U/C:N/I:N/A:H,GHSA-2475-53vw-vp25,
,lockfile,tensorflow-cpu,2.7.0,PyPI,GHSA-247x-2f9f-5wp7,HIGH,"BIT-tensorflow-2022-23591,CVE-2022-23591,PYSEC-2022-100,PYSEC-2022-155","CWE-400,CWE-674",CVSS:4.0/AV:N/AC:L/AT:N/PR:L/UI:N/VC:N/VI:N/VA:H/SC:N/SI:N/SA:N,GHSA-247x-2f9f-5wp7,
,lockfile,tensorflow-cpu,2.7.0,PyPI,GHSA-24x4-6qmh-88qg,HIGH,"BIT-tensorflow-2022-23584,CVE-2022-23584,PYSEC-2022-148,PYSEC-2022-93",CWE-416,CVSS:3.1/AV:N/AC:L/PR:L/UI:N/S:U/C:L/I:L/A:H,GHSA-24x4-6qmh-88qg,
,lockfile,tensorflow-cpu,2.7.0,PyPI,GHSA-27rc-728f-x5w2,MODERATE,"BIT-tensorflow-2022-41899,CVE-2022-41899","CWE-20,CWE-617",CVSS:3.1/AV:N/AC:H/PR:L/UI:R/S:U/C:N/I:N/A:H,GHSA-27rc-728f-x5w2,
,lockfile,tensorflow-cpu,2.7.0,PyPI,GHSA-2p9q-h29j-3f5v,MODERATE,"BIT-tensorflow-2022-29193,CVE-2022-29193",CWE-20,CVSS:3.1/AV:L/AC:L/PR:L/UI:N/S:U/C:N/I:N/A:H,GHSA-2p9q-h29j-3f5v,
,lockfile,tensorflow-cpu,2.7.0,PyPI,GHSA-2r2f-g8mw-9gvr,HIGH,"BIT-tensorflow-2022-29208,CVE-2022-29208",CWE-787,CVSS:3.1/AV:L/AC:L/PR:L/UI:N/S:U/C:N/I:H/A:H,GHSA-2r2f-g8mw-9gvr,
,lockfile,tensorflow-cpu,2.7.0,PyPI,GHSA-2vv3-56qg-g2cf,MODERATE,"BIT-tensorflow-2022-29200,CVE-2022-29200","CWE-1284,CWE-20",CVSS:3.1/AV:L/AC:L/PR:L/UI:N/S:U/C:N/I:N/A:H,GHSA-2vv3-56qg-g2cf,
,lockfile,tensorflow-cpu,2.7.0,PyPI,GHSA-34f9-hjfq-rr8j,HIGH,"BIT-tensorflow-2022-21729,CVE-2022-21729,PYSEC-2022-108,PYSEC-2022-53",CWE-190,CVSS:4.0/AV:N/AC:L/AT:N/PR:L/UI:N/VC:N/VI:N/VA:H/SC:N/SI:N/SA:N,GHSA-34f9-hjfq-rr8j,
,lockfile,tensorflow-cpu,2.7.0,PyPI,GHSA-368v-7v32-52fx,MODERATE,"BIT-tensorflow-2022-41907,CVE-2022-41907",CWE-131,CVSS:3.1/AV:N/AC:H/PR:L/UI:R/S:U/C:N/I:N/A:H,GHSA-368v-7v32-52fx,
,lockfile,tensorflow-cpu,2.7.0,PyPI,GHSA-37jf-mjv6-xfqw,MODERATE,"BIT-tensorflow-2022-35999,CVE-2022-35999",CWE-617,CVSS:3.1/AV:N/AC:H/PR:N/UI:N/S:U/C:N/I:N/A:H,GHSA-37jf-mjv6-xfqw,
,lockfile,tensorflow-cpu,2.7.0,PyPI,GHSA-397c-5g2j-qxpv,MODERATE,"BIT-tensorflow-2022-35982,CVE-2022-35982",CWE-20,CVSS:3.1/AV:N/AC:H/PR:N/UI:N/S:U/C:N/I:N/A:H,GHSA-397c-5g2j-qxpv,
,lockfile,tensorflow-cpu,2.7.0,PyPI,GHSA-3mw4-6rj6-74g5,HIGH,"BIT-tensorflow-2022-21739,CVE-2022-21739,PYSEC-2022-118,PYSEC-2022-63",CWE-476,CVSS:4.0/AV:N/AC:L/AT:N/PR:L/UI:N/VC:N/VI:N/VA:H/SC:N/SI:N/SA:N,GHSA-3mw4-6rj6-74g5,
,lockfile,tensorflow-cpu,2.7.0,PyPI,GHSA-428x-9xc2-m8mj,HIGH,"BIT-tensorflow-2022-21741,CVE-2022-21741,PYSEC-2022-120,PYSEC-2022-65",CWE-369,CVSS:4.0/AV:N/AC:L/AT:N/PR:L/UI:N/VC:N/VI:N/VA:H/SC:N/SI:N/SA:N,GHSA-428x-9xc2-m8mj,
,lockfile,tensorflow-cpu,2.7.0,PyPI,GHSA-43jf-985q-588j,MODERATE,"BIT-tensorflow-2022-23586,CVE-2022-23586,PYSEC-2022-150,PYSEC-2022-95",CWE-617,CVSS:3.1/AV:N/AC:L/PR:L/UI:N/S:U/C:N/I:N/A:H,GHSA-43jf-985q-588j,
,lockfile,tensorflow-cpu,2.7.0,PyPI,GHSA-43q8-3fv7-pr5x,HIGH,,CWE-354,CVSS:3.1/AV:L/AC:H/PR:L/UI:N/S:U/C:H/I:H/A:H,GHSA-43q8-3fv7-pr5x,
,lockfile,tensorflow-cpu,2.7.0,PyPI,GHSA-44qp-9wwf-734r,HIGH,"BIT-tensorflow-2022-21740,CVE-2022-21740,PYSEC-2022-119,PYSEC-2022-64","CWE-120,CWE-787",CVSS:4.0/AV:N/AC:L/AT:N/PR:L/UI:N/VC:L/VI:L/VA:H/SC:N/SI:N/SA:N,GHSA-44qp-9wwf-734r,
,lockfile,tensorflow-cpu,2.7.0,PyPI,GHSA-49rq-hwc3-x77w,HIGH,"BIT-tensorflow-2023-25670,CVE-2023-25670",CWE-476,CVSS:3.1/AV:N/AC:L/PR:N/UI:N/S:U/C:N/I:N/A:H,GHSA-49rq-hwc3-x77w,
,lockfile,tensorflow-cpu,2.7.0,PyPI,GHSA-4hvf-hxvg-f67v,HIGH,"BIT-tensorflow-2022-23560,CVE-2022-23560,PYSEC-2022-124,PYSEC-2022-69","CWE-125,CWE-787",CVSS:4.0/AV:N/AC:L/AT:N/PR:L/UI:N/VC:H/VI:H/VA:H/SC:N/SI:N/SA:N,GHSA-4hvf-hxvg-f67v,
,lockfile,tensorflow-cpu,2.7.0,PyPI,GHSA-4j82-5ccr-4r8v,MODERATE,"BIT-tensorflow-2022-23582,CVE-2022-23582,PYSEC-2022-146,PYSEC-2022-91",CWE-617,CVSS:3.1/AV:N/AC:L/PR:L/UI:N/S:U/C:N/I:N/A:H,GHSA-4j82-5ccr-4r8v,
,lockfile,tensorflow-cpu,2.7.0,PyPI,GHSA-4pc4-m9mj-v2r9,MODERATE,"BIT-tensorflow-2022-35972,CVE-2022-35972",CWE-20,CVSS:3.1/AV:N/AC:H/PR:N/UI:N/S:U/C:N/I:N/A:H,GHSA-4pc4-m9mj-v2r9,
,lockfile,tensorflow-cpu,2.7.0,PyPI,GHSA-4v5p-v5h9-6xjx,HIGH,"BIT-tensorflow-2022-23565,CVE-2022-23565,PYSEC-2022-129,PYSEC-2022-74",CWE-617,CVSS:4.0/AV:N/AC:L/AT:N/PR:L/UI:N/VC:N/VI:N/VA:H/SC:N/SI:N/SA:N,GHSA-4v5p-v5h9-6xjx,
,lockfile,tensorflow-cpu,2.7.0,PyPI,GHSA-4w68-4x85-mjj9,MODERATE,"BIT-tensorflow-2022-35966,CVE-2022-35966",CWE-20,CVSS:3.1/AV:N/AC:H/PR:N/UI:N/S:U/C:N/I:N/A:H,GHSA-4w68-4x85-mjj9,
,lockfile,tensorflow-cpu,2.7.0,PyPI,GHSA-54ch-gjq5-4976,MODERATE,"BIT-tensorflow-2022-29205,CVE-2022-29205","CWE-476,CWE-908",CVSS:3.1/AV:L/AC:L/PR:L/UI:N/S:U/C:N/I:N/A:H,GHSA-54ch-gjq5-4976,
,lockfile,tensorflow-cpu,2.7.0,PyPI,GHSA-54pp-c6pp-7fpx,MODERATE,"BIT-tensorflow-2022-41886,CVE-2022-41886",CWE-131,CVSS:3.1/AV:N/AC:H/PR:L/UI:R/S:U/C:N/I:N/A:H,GHSA-54pp-c6pp-7fpx,
,lockfile,tensorflow-cpu,2.7.0,PyPI,GHSA-558h-mq8x-7q9g,HIGH,"BIT-tensorflow-2023-25665,CVE-2023-25665",CWE-476,CVSS:3.1/AV:N/AC:L/PR:N/UI:N/S:U/C:N/I:N/A:H,GHSA-558h-mq8x-7q9g,
,lockfile,tensorflow-cpu,2.7.0,PyPI,GHSA-5889-7v45-q28m,MODERATE,"BIT-tensorflow-2022-29213,CVE-2022-29213","CWE-20,CWE-617",CVSS:3.1/AV:L/AC:L/PR:L/UI:N/S:U/C:N/I:N/A:H,GHSA-5889-7v45-q28m,
,lockfile,tensorflow-cpu,2.7.0,PyPI,GHSA-5f2r-qp73-37mr,MODERATE,"BIT-tensorflow-2022-23579,CVE-2022-23579,PYSEC-2022-143,PYSEC-2022-88",CWE-617,CVSS:3.1/AV:N/AC:L/PR:L/UI:N/S:U/C:N/I:N/A:H,GHSA-5f2r-qp73-37mr,
,lockfile,tensorflow-cpu,2.7.0,PyPI,GHSA-5qw5-89mw-wcg2,HIGH,"BIT-tensorflow-2022-23566,CVE-2022-23566,PYSEC-2022-130,PYSEC-2022-75",CWE-787,CVSS:4.0/AV:N/AC:L/AT:N/PR:L/UI:N/VC:H/VI:H/VA:H/SC:N/SI:N/SA:N,GHSA-5qw5-89mw-wcg2,
,lockfile,tensorflow-cpu,2.7.0,PyPI,GHSA-5v77-j66x-4c4g,MODERATE,"BIT-tensorflow-2022-29196,CVE-2022-29196","CWE-1284,CWE-20",CVSS:3.1/AV:L/AC:L/PR:L/UI:N/S:U/C:N/I:N/A:H,GHSA-5v77-j66x-4c4g,
,lockfile,tensorflow-cpu,2.7.0,PyPI,GHSA-5w96-866f-6rm8,HIGH,"BIT-tensorflow-2023-27579,CVE-2023-27579",CWE-697,CVSS:3.1/AV:N/AC:L/PR:N/UI:N/S:U/C:N/I:N/A:H,GHSA-5w96-866f-6rm8,
,lockfile,tensorflow-cpu,2.7.0,PyPI,GHSA-5wpj-c6f7-24x8,MODERATE,"BIT-tensorflow-2022-29207,CVE-2022-29207","CWE-20,CWE-475",CVSS:3.1/AV:L/AC:L/PR:L/UI:N/S:U/C:N/I:N/A:H,GHSA-5wpj-c6f7-24x8,
,lockfile,tensorflow-cpu,2.7.0,PyPI,GHSA-627q-g293-49q7,MODERATE,"BIT-tensorflow-2022-23580,CVE-2022-23580,PYSEC-2022-144,PYSEC-2022-89","CWE-1284,CWE-400",CVSS:3.1/AV:N/AC:L/PR:L/UI:N/S:U/C:N/I:N/A:H,GHSA-627q-g293-49q7,
,lockfile,tensorflow-cpu,2.7.0,PyPI,GHSA-6445-fm66-fvq2,HIGH,"BIT-tensorflow-2022-23568,CVE-2022-23568,PYSEC-2022-132,PYSEC-2022-77",CWE-190,CVSS:4.0/AV:N/AC:L/AT:N/PR:L/UI:N/VC:N/VI:N/VA:H/SC:N/SI:N/SA:N,GHSA-6445-fm66-fvq2,
,lockfile,tensorflow-cpu,2.7.0,PyPI,GHSA-647v-r7qq-24fh,HIGH,"BIT-tensorflow-2023-25673,CVE-2023-25673",CWE-697,CVSS:3.1/AV:N/AC:L/PR:N/UI:N/S:U/C:N/I:N/A:H,GHSA-647v-r7qq-24fh,
,lockfile,tensorflow-cpu,2.7.0,PyPI,GHSA-64jg-wjww-7c5w,HIGH,"BIT-tensorflow-2023-25663,CVE-2023-25663",CWE-476,CVSS:3.1/AV:N/AC:L/PR:N/UI:N/S:U/C:N/I:N/A:H,GHSA-64jg-wjww-7c5w,
,lockfile,tensorflow-cpu,2.7.0,PyPI,GHSA-66vq-54fq-6jvv,MODERATE,"BIT-tensorflow-2022-41891,CVE-2022-41891",CWE-20,CVSS:3.1/AV:N/AC:H/PR:L/UI:R/S:U/C:N/I:N/A:H,GHSA-66vq-54fq-6jvv,
,lockfile,tensorflow-cpu,2.7.0,PyPI,GHSA-67pf-62xr-q35m,MODERATE,"BIT-tensorflow-2022-41893,CVE-2022-41893",CWE-617,CVSS:3.1/AV:N/AC:H/PR:L/UI:R/S:U/C:N/I:N/A:H,GHSA-67pf-62xr-q35m,
,lockfile,tensorflow-cpu,2.7.0,PyPI,GHSA-689c-r7h2-fv9v,MODERATE,"BIT-tensorflow-2022-35973,CVE-2022-35973",CWE-20,CVSS:3.1/AV:N/AC:H/PR:N/UI:N/S:U/C:N/I:N/A:H,GHSA-689c-r7h2-fv9v,
,lockfile,tensorflow-cpu,2.7.0,PyPI,GHSA-68v3-g9cm-rmm6,HIGH,"BIT-tensorflow-2023-25658,CVE-2023-25658",CWE-125,CVSS:3.1/AV:N/AC:L/PR:N/UI:N/S:U/C:N/I:N/A:H,GHSA-68v3-g9cm-rmm6,
,lockfile,tensorflow-cpu,2.7.0,PyPI,GHSA-6gmv-pjp9-p8w8,HIGH,"BIT-tensorflow-2022-21728,CVE-2022-21728,PYSEC-2022-107,PYSEC-2022-52",CWE-125,CVSS:4.0/AV:N/AC:L/AT:N/PR:L/UI:N/VC:H/VI:N/VA:H/SC:N/SI:N/SA:N,GHSA-6gmv-pjp9-p8w8,
,lockfile,tensorflow-cpu,2.7.0,PyPI,GHSA-6hg6-5c2q-7rcr,HIGH,"BIT-tensorflow-2023-25664,CVE-2023-25664","CWE-120,CWE-122",CVSS:3.1/AV:N/AC:L/PR:N/UI:N/S:U/C:N/I:N/A:H,GHSA-6hg6-5c2q-7rcr,
,lockfile,tensorflow-cpu,2.7.0,PyPI,GHSA-6wfh-89q8-44jq,HIGH,"BIT-tensorflow-2023-25676,CVE-2023-25676",CWE-476,CVSS:3.1/AV:N/AC:L/PR:N/UI:N/S:U/C:N/I:N/A:H,GHSA-6wfh-89q8-44jq,
,lockfile,tensorflow-cpu,2.7.0,PyPI,GHSA-6x99-gv2v-q76v,MODERATE,"BIT-tensorflow-2022-41888,CVE-2022-41888",CWE-20,CVSS:3.1/AV:N/AC:H/PR:L/UI:R/S:U/C:N/I:N/A:H,GHSA-6x99-gv2v-q76v,
,lockfile,tensorflow-cpu,2.7.0,PyPI,GHSA-75c9-jrh4-79mc,HIGH,"BIT-tensorflow-2022-29216,CVE-2022-29216",CWE-94,CVSS:3.1/AV:L/AC:L/PR:L/UI:N/S:U/C:H/I:H/A:H,GHSA-75c9-jrh4-79mc,
,lockfile,tensorflow-cpu,2.7.0,PyPI,GHSA-762h-vpvw-3rcx,MODERATE,"BIT-tensorflow-2022-41885,CVE-2022-41885",CWE-131,CVSS:3.1/AV:N/AC:H/PR:L/UI:R/S:U/C:N/I:N/A:H,GHSA-762h-vpvw-3rcx,
,lockfile,tensorflow-cpu,2.7.0,PyPI,GHSA-77gp-3h4r-6428,HIGH,"BIT-tensorflow-2022-23574,CVE-2022-23574,PYSEC-2022-138,PYSEC-2022-83","CWE-125,CWE-787",CVSS:4.0/AV:N/AC:L/AT:N/PR:L/UI:N/VC:H/VI:H/VA:H/SC:N/SI:N/SA:N,GHSA-77gp-3h4r-6428,
,lockfile,tensorflow-cpu,2.7.0,PyPI,GHSA-79h2-q768-fpxr,MODERATE,"BIT-tensorflow-2022-36027,CVE-2022-36027",CWE-20,CVSS:3.1/AV:N/AC:H/PR:N/UI:N/S:U/C:N/I:N/A:H,GHSA-79h2-q768-fpxr,
,lockfile,tensorflow-cpu,2.7.0,PyPI,GHSA-7j3m-8g3c-9qqq,MODERATE,"BIT-tensorflow-2022-36014,CVE-2022-36014",CWE-476,CVSS:3.1/AV:N/AC:H/PR:N/UI:N/S:U/C:N/I:N/A:H,GHSA-7j3m-8g3c-9qqq,
,lockfile,tensorflow-cpu,2.7.0,PyPI,GHSA-7jvm-xxmr-v5cw,HIGH,"BIT-tensorflow-2023-25662,CVE-2023-25662",CWE-190,CVSS:3.1/AV:N/AC:L/PR:N/UI:N/S:U/C:N/I:N/A:H,GHSA-7jvm-xxmr-v5cw,
,lockfile,tensorflow-cpu,2.7.0,PyPI,GHSA-7x4v-9gxg-9hwj,HIGH,"BIT-tensorflow-2023-25675,CVE-2023-25675",CWE-697,CVSS:3.1/AV:N/AC:L/PR:N/UI:N/S:U/C:N/I:N/A:H,GHSA-7x4v-9gxg-9hwj,
,lockfile,tensorflow-cpu,2.7.0,PyPI,GHSA-828c-5j5q-vrjq,MODERATE,"BIT-tensorflow-2022-36013,CVE-2022-36013",CWE-476,CVSS:3.1/AV:N/AC:H/PR:N/UI:N/S:U/C:N/I:N/A:H,GHSA-828c-5j5q-vrjq,
,lockfile,tensorflow-cpu,2.7.0,PyPI,GHSA-84jm-4cf3-9jfm,MODERATE,"BIT-tensorflow-2022-35963,CVE-2022-35963",CWE-617,CVSS:3.1/AV:N/AC:H/PR:N/UI:N/S:U/C:N/I:N/A:H,GHSA-84jm-4cf3-9jfm,
,lockfile,tensorflow-cpu,2.7.0,PyPI,GHSA-87v6-crgm-2gfj,HIGH,"BIT-tensorflow-2022-21735,CVE-2022-21735,PYSEC-2022-114,PYSEC-2022-59",CWE-369,CVSS:4.0/AV:N/AC:L/AT:N/PR:L/UI:N/VC:N/VI:N/VA:H/SC:N/SI:N/SA:N,GHSA-87v6-crgm-2gfj,
,lockfile,tensorflow-cpu,2.7.0,PyPI,GHSA-8cxv-76p7-jxwr,HIGH,"BIT-tensorflow-2022-23577,CVE-2022-23577,PYSEC-2022-141,PYSEC-2022-86",CWE-476,CVSS:4.0/AV:N/AC:L/AT:N/PR:L/UI:N/VC:N/VI:N/VA:H/SC:N/SI:N/SA:N,GHSA-8cxv-76p7-jxwr,
,lockfile,tensorflow-cpu,2.7.0,PyPI,GHSA-8fvv-46hw-vpg3,MODERATE,"BIT-tensorflow-2022-41887,CVE-2022-41887",CWE-131,CVSS:3.1/AV:N/AC:H/PR:L/UI:R/S:U/C:N/I:N/A:H,GHSA-8fvv-46hw-vpg3,
,lockfile,tensorflow-cpu,2.7.0,PyPI,GHSA-8jj7-5vxc-pg2q,HIGH,"BIT-tensorflow-2022-23587,CVE-2022-23587,PYSEC-2022-151,PYSEC-2022-96",CWE-190,CVSS:3.1/AV:N/AC:L/PR:L/UI:N/S:U/C:H/I:H/A:H,GHSA-8jj7-5vxc-pg2q,
,lockfile,tensorflow-cpu,2.7.0,PyPI,GHSA-8r7c-3cm2-3h8f,MODERATE,"BIT-tensorflow-2022-23578,CVE-2022-23578,PYSEC-2022-142,PYSEC-2022-87",CWE-401,CVSS:4.0/AV:N/AC:L/AT:N/PR:L/UI:N/VC:N/VI:N/VA:L/SC:N/SI:N/SA:N,GHSA-8r7c-3cm2-3h8f,
,lockfile,tensorflow-cpu,2.7.0,PyPI,GHSA-8rcj-c8pj-v3m3,HIGH,"BIT-tensorflow-2022-23564,CVE-2022-23564,PYSEC-2022-128,PYSEC-2022-73",CWE-617,CVSS:4.0/AV:N/AC:L/AT:N/PR:L/UI:N/VC:N/VI:N/VA:H/SC:N/SI:N/SA:N,GHSA-8rcj-c8pj-v3m3,
,lockfile,tensorflow-cpu,2.7.0,PyPI,GHSA-8w5g-3wcv-9g2j,MODERATE,"BIT-tensorflow-2022-41880,CVE-2022-41880",CWE-125,CVSS:3.1/AV:N/AC:L/PR:L/UI:R/S:U/C:L/I:L/A:H,GHSA-8w5g-3wcv-9g2j,
,lockfile,tensorflow-cpu,2.7.0,PyPI,GHSA-8wwm-6264-x792,MODERATE,"BIT-tensorflow-2022-29212,CVE-2022-29212",CWE-20,CVSS:3.1/AV:L/AC:L/PR:L/UI:N/S:U/C:N/I:N/A:H,GHSA-8wwm-6264-x792,
,lockfile,tensorflow-cpu,2.7.0,PyPI,GHSA-93vr-9q9m-pj8p,HIGH,"BIT-tensorflow-2023-25659,CVE-2023-25659",CWE-125,CVSS:3.1/AV:N/AC:L/PR:N/UI:N/S:U/C:N/I:N/A:H,GHSA-93vr-9q9m-pj8p,
,lockfile,tensorflow-cpu,2.7.0,PyPI,GHSA-94mm-g2mv-8p7r,HIGH,"BIT-tensorflow-2023-25672,CVE-2023-25672",CWE-476,CVSS:3.1/AV:N/AC:L/PR:N/UI:N/S:U/C:N/I:N/A:H,GHSA-94mm-g2mv-8p7r,
,lockfile,tensorflow-cpu,2.7.0,PyPI,GHSA-97p7-w86h-vcf9,MODERATE,"BIT-tensorflow-2022-35935,CVE-2022-35935",CWE-617,CVSS:3.1/AV:N/AC:H/PR:N/UI:N/S:U/C:N/I:N/A:H,GHSA-97p7-w86h-vcf9,
,lockfile,tensorflow-cpu,2.7.0,PyPI,GHSA-98j8-c9q4-r38g,MODERATE,"BIT-tensorflow-2022-21733,CVE-2022-21733,PYSEC-2022-112,PYSEC-2022-57","CWE-190,CWE-400",CVSS:4.0/AV:N/AC:L/AT:N/PR:L/UI:N/VC:N/VI:N/VA:L/SC:N/SI:N/SA:N,GHSA-98j8-c9q4-r38g,
,lockfile,tensorflow-cpu,2.7.0,PyPI,GHSA-98p5-x8x4-c9m5,HIGH,"BIT-tensorflow-2022-23559,CVE-2022-23559,PYSEC-2022-123,PYSEC-2022-68",CWE-190,CVSS:4.0/AV:N/AC:L/AT:N/PR:L/UI:N/VC:H/VI:H/VA:H/SC:N/SI:N/SA:N,GHSA-98p5-x8x4-c9m5,
,lockfile,tensorflow-cpu,2.7.0,PyPI,GHSA-9942-r22v-78cp,MODERATE,"BIT-tensorflow-2022-35985,CVE-2022-35985",CWE-617,CVSS:3.1/AV:N/AC:H/PR:N/UI:N/S:U/C:N/I:N/A:H,GHSA-9942-r22v-78cp,
,lockfile,tensorflow-cpu,2.7.0,PyPI,GHSA-9c78-vcq7-7vxq,HIGH,"BIT-tensorflow-2022-23561,CVE-2022-23561,PYSEC-2022-125,PYSEC-2022-70",CWE-787,CVSS:4.0/AV:N/AC:L/AT:N/PR:L/UI:N/VC:H/VI:H/VA:H/SC:N/SI:N/SA:N,GHSA-9c78-vcq7-7vxq,
,lockfile,tensorflow-cpu,2.7.0,PyPI,GHSA-9cr2-8pwr-fhfq,MODERATE,"BIT-tensorflow-2022-36026,CVE-2022-36026",CWE-617,CVSS:3.1/AV:N/AC:H/PR:N/UI:N/S:U/C:N/I:N/A:H,GHSA-9cr2-8pwr-fhfq,
,lockfile,tensorflow-cpu,2.7.0,PyPI,GHSA-9fpg-838v-wpv7,MODERATE,"BIT-tensorflow-2022-35971,CVE-2022-35971",CWE-617,CVSS:3.1/AV:N/AC:H/PR:N/UI:N/S:U/C:N/I:N/A:H,GHSA-9fpg-838v-wpv7,
,lockfile,tensorflow-cpu,2.7.0,PyPI,GHSA-9gwq-6cwj-47h3,HIGH,"BIT-tensorflow-2022-23558,CVE-2022-23558,PYSEC-2022-122,PYSEC-2022-67",CWE-190,CVSS:4.0/AV:N/AC:L/AT:N/PR:L/UI:N/VC:L/VI:L/VA:H/SC:N/SI:N/SA:N,GHSA-9gwq-6cwj-47h3,
,lockfile,tensorflow-cpu,2.7.0,PyPI,GHSA-9j4v-pp28-mxv7,MODERATE,"BIT-tensorflow-2022-36019,CVE-2022-36019",CWE-617,CVSS:3.1/AV:N/AC:H/PR:N/UI:N/S:U/C:N/I:N/A:H,GHSA-9j4v-pp28-mxv7,
,lockfile,tensorflow-cpu,2.7.0,PyPI,GHSA-9p77-mmrw-69c7,HIGH,"BIT-tensorflow-2022-23570,CVE-2022-23570,PYSEC-2022-134,PYSEC-2022-79",CWE-476,CVSS:4.0/AV:N/AC:L/AT:N/PR:L/UI:N/VC:N/VI:N/VA:H/SC:N/SI:N/SA:N,GHSA-9p77-mmrw-69c7,
,lockfile,tensorflow-cpu,2.7.0,PyPI,GHSA-9px9-73fg-3fqp,MODERATE,"BIT-tensorflow-2022-23589,CVE-2022-23589,PYSEC-2022-153,PYSEC-2022-98",CWE-476,CVSS:3.1/AV:N/AC:L/PR:L/UI:N/S:U/C:N/I:N/A:H,GHSA-9px9-73fg-3fqp,
,lockfile,tensorflow-cpu,2.7.0,PyPI,GHSA-9v8w-xmr4-wgxp,MODERATE,"BIT-tensorflow-2022-35992,CVE-2022-35992",CWE-617,CVSS:3.1/AV:N/AC:H/PR:N/UI:N/S:U/C:N/I:N/A:H,GHSA-9v8w-xmr4-wgxp,
,lockfile,tensorflow-cpu,2.7.0,PyPI,GHSA-9vqj-64pv-w55c,MODERATE,"BIT-tensorflow-2022-35988,CVE-2022-35988",CWE-617,CVSS:3.1/AV:N/AC:H/PR:N/UI:N/S:U/C:N/I:N/A:H,GHSA-9vqj-64pv-w55c,
,lockfile,tensorflow-cpu,2.7.0,PyPI,GHSA-9x52-887g-fhc2,HIGH,"BIT-tensorflow-2022-23594,CVE-2022-23594",CWE-125,CVSS:3.1/AV:L/AC:L/PR:L/UI:N/S:C/C:H/I:H/A:H,GHSA-9x52-887g-fhc2,
,lockfile,tensorflow-cpu,2.7.0,PyPI,GHSA-c582-c96p-r5cq,MODERATE,"BIT-tensorflow-2022-21732,CVE-2022-21732,PYSEC-2022-111,PYSEC-2022-56","CWE-400,CWE-770",CVSS:4.0/AV:N/AC:L/AT:N/PR:L/UI:N/VC:N/VI:N/VA:L/SC:N/SI:N/SA:N,GHSA-c582-c96p-r5cq,
,lockfile,tensorflow-cpu,2.7.0,PyPI,GHSA-c6fh-56w7-fvjw,HIGH,"BIT-tensorflow-2022-21727,CVE-2022-21727,PYSEC-2022-106,PYSEC-2022-51",CWE-190,CVSS:4.0/AV:N/AC:L/AT:N/PR:L/UI:N/VC:L/VI:L/VA:H/SC:N/SI:N/SA:N,GHSA-c6fh-56w7-fvjw,
,lockfile,tensorflow-cpu,2.7.0,PyPI,GHSA-c94w-c95p-phf8,HIGH,"BIT-tensorflow-2022-23575,CVE-2022-23575,PYSEC-2022-139,PYSEC-2022-84",CWE-190,CVSS:4.0/AV:N/AC:L/AT:N/PR:L/UI:N/VC:N/VI:N/VA:H/SC:N/SI:N/SA:N,GHSA-c94w-c95p-phf8,
,lockfile,tensorflow-cpu,2.7.0,PyPI,GHSA-cg88-rpvp-cjv5,HIGH,"BIT-tensorflow-2022-41902,CVE-2022-41902","CWE-125,CWE-787",CVSS:3.1/AV:N/AC:H/PR:L/UI:R/S:U/C:H/I:H/A:H,GHSA-cg88-rpvp-cjv5,
,lockfile,tensorflow-cpu,2.7.0,PyPI,GHSA-cqvq-fvhr-v6hc,LOW,,,,GHSA-cqvq-fvhr-v6hc,
,lockfile,tensorflow-cpu,2.7.0,PyPI,GHSA-cv2p-32v3-vhwq,MODERATE,"BIT-tensorflow-2022-36003,CVE-2022-36003",CWE-617,CVSS:3.1/AV:N/AC:H/PR:N/UI:N/S:U/C:N/I:N/A:H,GHSA-cv2p-32v3-vhwq,
,lockfile,tensorflow-cpu,2.7.0,PyPI,GHSA-cwpm-f78v-7m5c,MODERATE,"BIT-tensorflow-2022-29202,CVE-2022-29202","CWE-1284,CWE-20,CWE-400",CVSS:3.1/AV:L/AC:L/PR:L/UI:N/S:U/C:N/I:N/A:H,GHSA-cwpm-f78v-7m5c,
,lockfile,tensorflow-cpu,2.7.0,PyPI,GHSA-f2vv-v9cg-qhh7,HIGH,"BIT-tensorflow-2022-21737,CVE-2022-21737,PYSEC-2022-116,PYSEC-2022-61","CWE-617,CWE-754",CVSS:4.0/AV:N/AC:L/AT:N/PR:L/UI:N/VC:N/VI:N/VA:H/SC:N/SI:N/SA:N,GHSA-f2vv-v9cg-qhh7,
,lockfile,tensorflow-cpu,2.7.0,PyPI,GHSA-f2w8-jw48-fr7j,MODERATE,"BIT-tensorflow-2022-41897,CVE-2022-41897",CWE-125,CVSS:3.1/AV:N/AC:H/PR:L/UI:R/S:U/C:N/I:N/A:H,GHSA-f2w8-jw48-fr7j,
,lockfile,tensorflow-cpu,2.7.0,PyPI,GHSA-f49c-87jh-g47q,HIGH,"BIT-tensorflow-2023-25801,CVE-2023-25801",CWE-415,CVSS:3.1/AV:L/AC:L/PR:N/UI:N/S:U/C:L/I:H/A:H,GHSA-f49c-87jh-g47q,
,lockfile,tensorflow-cpu,2.7.0,PyPI,GHSA-f4rr-5m7v-wxcw,MODERATE,"BIT-tensorflow-2022-29209,CVE-2022-29209",CWE-843,CVSS:3.1/AV:L/AC:L/PR:L/UI:N/S:U/C:N/I:N/A:H,GHSA-f4rr-5m7v-wxcw,
,lockfile,tensorflow-cpu,2.7.0,PyPI,GHSA-f4w6-h4f5-wx45,MODERATE,"BIT-tensorflow-2022-35934,CVE-2022-35934",CWE-617,CVSS:3.1/AV:N/AC:H/PR:N/UI:N/S:U/C:N/I:N/A:H,GHSA-f4w6-h4f5-wx45,
,lockfile,tensorflow-cpu,2.7.0,PyPI,GHSA-f637-vh3r-vfh2,HIGH,"BIT-tensorflow-2023-25666,CVE-2023-25666",CWE-697,CVSS:3.1/AV:N/AC:L/PR:N/UI:N/S:U/C:N/I:N/A:H,GHSA-f637-vh3r-vfh2,
,lockfile,tensorflow-cpu,2.7.0,PyPI,GHSA-f7r5-q7cx-h668,MODERATE,"BIT-tensorflow-2022-35964,CVE-2022-35964",CWE-20,CVSS:3.1/AV:N/AC:H/PR:N/UI:N/S:U/C:N/I:N/A:H,GHSA-f7r5-q7cx-h668,
,lockfile,tensorflow-cpu,2.7.0,PyPI,GHSA-ffjm-4qwc-7cmf,HIGH,"BIT-tensorflow-2022-35939,CVE-2022-35939",CWE-787,CVSS:3.1/AV:N/AC:H/PR:N/UI:N/S:U/C:L/I:L/A:H,GHSA-ffjm-4qwc-7cmf,
,lockfile,tensorflow-cpu,2.7.0,PyPI,GHSA-fhfc-2q7x-929f,MODERATE,"BIT-tensorflow-2022-35994,CVE-2022-35994",CWE-617,CVSS:3.1/AV:N/AC:H/PR:N/UI:N/S:U/C:N/I:N/A:H,GHSA-fhfc-2q7x-929f,
,lockfile,tensorflow-cpu,2.7.0,PyPI,GHSA-fpcp-9h7m-ffpx,MODERATE,"BIT-tensorflow-2022-23595,CVE-2022-23595,PYSEC-2022-103,PYSEC-2022-158",CWE-476,CVSS:4.0/AV:N/AC:L/AT:P/PR:L/UI:N/VC:N/VI:N/VA:H/SC:N/SI:N/SA:N,GHSA-fpcp-9h7m-ffpx,
,lockfile,tensorflow-cpu,2.7.0,PyPI,GHSA-fq6p-6334-8gr4,MODERATE,"BIT-tensorflow-2022-23585,CVE-2022-23585,PYSEC-2022-149,PYSEC-2022-94",CWE-401,CVSS:3.1/AV:N/AC:L/PR:L/UI:N/S:U/C:N/I:N/A:L,GHSA-fq6p-6334-8gr4,
,lockfile,tensorflow-cpu,2.7.0,PyPI,GHSA-fq86-3f29-px2c,MODERATE,"BIT-tensorflow-2022-23581,CVE-2022-23581,PYSEC-2022-145,PYSEC-2022-90",CWE-617,CVSS:3.1/AV:N/AC:L/PR:L/UI:N/S:U/C:N/I:N/A:H,GHSA-fq86-3f29-px2c,
,lockfile,tensorflow-cpu,2.7.0,PyPI,GHSA-fqm2-gh8w-gr68,MODERATE,"BIT-tensorflow-2023-25667,CVE-2023-25667",CWE-190,CVSS:3.1/AV:N/AC:L/PR:N/UI:R/S:U/C:N/I:N/A:H,GHSA-fqm2-gh8w-gr68,
,lockfile,tensorflow-cpu,2.7.0,PyPI,GHSA-fqxc-pvf8-2w9v,MODERATE,"BIT-tensorflow-2022-36000,CVE-2022-36000",CWE-476,CVSS:3.1/AV:N/AC:H/PR:N/UI:N/S:U/C:N/I:N/A:H,GHSA-fqxc-pvf8-2w9v,
,lockfile,tensorflow-cpu,2.7.0,PyPI,GHSA-frqp-wp83-qggv,MODERATE,"BIT-tensorflow-2022-41910,CVE-2022-41910",CWE-125,CVSS:3.1/AV:N/AC:H/PR:L/UI:R/S:U/C:N/I:N/A:H,GHSA-frqp-wp83-qggv,
,lockfile,tensorflow-cpu,2.7.0,PyPI,GHSA-fv25-wrff-wf86,MODERATE,"BIT-tensorflow-2022-29191,CVE-2022-29191",CWE-20,CVSS:3.1/AV:L/AC:L/PR:L/UI:N/S:U/C:N/I:N/A:H,GHSA-fv25-wrff-wf86,
,lockfile,tensorflow-cpu,2.7.0,PyPI,GHSA-fv43-93gv-vm8f,MODERATE,"BIT-tensorflow-2022-36011,CVE-2022-36011",CWE-476,CVSS:3.1/AV:N/AC:H/PR:N/UI:N/S:U/C:N/I:N/A:H,GHSA-fv43-93gv-vm8f,
,lockfile,tensorflow-cpu,2.7.0,PyPI,GHSA-fx5c-h9f6-rv7c,MODERATE,"BIT-tensorflow-2022-23588,CVE-2022-23588,PYSEC-2022-152,PYSEC-2022-97",CWE-617,CVSS:3.1/AV:N/AC:L/PR:L/UI:N/S:U/C:N/I:N/A:H,GHSA-fx5c-h9f6-rv7c,
,lockfile,tensorflow-cpu,2.7.0,PyPI,GHSA-fxgc-95xx-grvq,MODERATE,"BIT-tensorflow-2023-25661,CVE-2023-25661",CWE-20,CVSS:3.1/AV:N/AC:L/PR:L/UI:N/S:U/C:N/I:N/A:H,GHSA-fxgc-95xx-grvq,
,lockfile,tensorflow-cpu,2.7.0,PyPI,GHSA-g35r-369w-3fqp,MODERATE,"BIT-tensorflow-2022-35970,CVE-2022-35970",CWE-20,CVSS:3.1/AV:N/AC:H/PR:N/UI:N/S:U/C:N/I:N/A:H,GHSA-g35r-369w-3fqp,
,lockfile,tensorflow-cpu,2.7.0,PyPI,GHSA-g468-qj8g-vcjc,LOW,"BIT-tensorflow-2022-36016,CVE-2022-36016",CWE-617,,GHSA-g468-qj8g-vcjc,
,lockfile,tensorflow-cpu,2.7.0,PyPI,GHSA-g9fm-r5mm-rf9f,MODERATE,"BIT-tensorflow-2022-41901,CVE-2022-41901","CWE-20,CWE-617",CVSS:3.1/AV:N/AC:H/PR:L/UI:R/S:U/C:N/I:N/A:H,GHSA-g9fm-r5mm-rf9f,
,lockfile,tensorflow-cpu,2.7.0,PyPI,GHSA-g9h5-vr8m-x2h4,MODERATE,"BIT-tensorflow-2022-35995,CVE-2022-35995",CWE-617,CVSS:3.1/AV:N/AC:H/PR:N/UI:N/S:U/C:N/I:N/A:H,GHSA-g9h5-vr8m-x2h4,
,lockfile,tensorflow-cpu,2.7.0,PyPI,GHSA-gcvh-66ff-4mwm,HIGH,"BIT-tensorflow-2022-21734,CVE-2022-21734,PYSEC-2022-113,PYSEC-2022-58","CWE-617,CWE-843",CVSS:4.0/AV:N/AC:L/AT:N/PR:L/UI:N/VC:N/VI:N/VA:H/SC:N/SI:N/SA:N,GHSA-gcvh-66ff-4mwm,
,lockfile,tensorflow-cpu,2.7.0,PyPI,GHSA-gf2j-f278-xh4v,HIGH,"BIT-tensorflow-2022-23557,CVE-2022-23557,PYSEC-2022-121,PYSEC-2022-66",CWE-369,CVSS:4.0/AV:N/AC:L/AT:N/PR:L/UI:N/VC:N/VI:N/VA:H/SC:N/SI:N/SA:N,GHSA-gf2j-f278-xh4v,
,lockfile,tensorflow-cpu,2.7.0,PyPI,GHSA-gf97-q72m-7579,HIGH,"BIT-tensorflow-2023-25674,CVE-2023-25674",CWE-476,CVSS:3.1/AV:N/AC:L/PR:N/UI:N/S:U/C:N/I:N/A:H,GHSA-gf97-q72m-7579,
,lockfile,tensorflow-cpu,2.7.0,PyPI,GHSA-gjh7-xx4r-x345,HIGH,"BIT-tensorflow-2023-33976,CVE-2023-33976",CWE-190,CVSS:4.0/AV:N/AC:L/AT:N/PR:N/UI:N/VC:N/VI:N/VA:H/SC:N/SI:N/SA:N,GHSA-gjh7-xx4r-x345,
,lockfile,tensorflow-cpu,2.7.0,PyPI,GHSA-gjqc-q9g6-q2j3,MODERATE,"BIT-tensorflow-2022-23583,CVE-2022-23583,PYSEC-2022-147,PYSEC-2022-92","CWE-617,CWE-843",CVSS:3.1/AV:N/AC:L/PR:L/UI:N/S:U/C:N/I:N/A:H,GHSA-gjqc-q9g6-q2j3,
,lockfile,tensorflow-cpu,2.7.0,PyPI,GHSA-gq2j-cr96-gvqx,MODERATE,"BIT-tensorflow-2022-41895,CVE-2022-41895",CWE-125,CVSS:3.1/AV:N/AC:H/PR:L/UI:R/S:U/C:N/I:N/A:H,GHSA-gq2j-cr96-gvqx,
,lockfile,tensorflow-cpu,2.7.0,PyPI,GHSA-gw97-ff7c-9v96,CRITICAL,"BIT-tensorflow-2023-25668,CVE-2023-25668","CWE-122,CWE-125",CVSS:3.1/AV:N/AC:L/PR:N/UI:N/S:U/C:H/I:H/A:H,GHSA-gw97-ff7c-9v96,
,lockfile,tensorflow-cpu,2.7.0,PyPI,GHSA-h246-cgh4-7475,MODERATE,"BIT-tensorflow-2022-41890,CVE-2022-41890",CWE-704,CVSS:3.1/AV:N/AC:H/PR:L/UI:R/S:U/C:N/I:N/A:H,GHSA-h246-cgh4-7475,
,lockfile,tensorflow-cpu,2.7.0,PyPI,GHSA-h2wq-prv9-2f56,MODERATE,"BIT-tensorflow-2022-29192,CVE-2022-29192",CWE-20,CVSS:3.1/AV:L/AC:L/PR:L/UI:N/S:U/C:N/I:N/A:H,GHSA-h2wq-prv9-2f56,
,lockfile,tensorflow-cpu,2.7.0,PyPI,GHSA-h48f-q7rw-hvr7,MODERATE,"BIT-tensorflow-2022-29195,CVE-2022-29195",CWE-20,CVSS:3.1/AV:L/AC:L/PR:L/UI:N/S:U/C:N/I:N/A:H,GHSA-h48f-q7rw-hvr7,
,lockfile,tensorflow-cpu,2.7.0,PyPI,GHSA-h5g4-ppwx-48q2,MODERATE,"BIT-tensorflow-2022-29194,CVE-2022-29194",CWE-20,CVSS:3.1/AV:L/AC:L/PR:L/UI:N/S:U/C:N/I:N/A:H,GHSA-h5g4-ppwx-48q2,
,lockfile,tensorflow-cpu,2.7.0,PyPI,GHSA-h5vq-gw2c-pq47,MODERATE,"BIT-tensorflow-2022-35952,CVE-2022-35952",CWE-617,CVSS:3.1/AV:N/AC:H/PR:N/UI:N/S:U/C:N/I:N/A:H,GHSA-h5vq-gw2c-pq47,
,lockfile,tensorflow-cpu,2.7.0,PyPI,GHSA-h6gw-r52c-724r,CRITICAL,,"CWE-476,CWE-824",CVSS:3.1/AV:L/AC:L/PR:N/UI:N/S:C/C:H/I:H/A:H,GHSA-h6gw-r52c-724r,
,lockfile,tensorflow-cpu,2.7.0,PyPI,GHSA-h7ff-cfc9-wmmh,MODERATE,"BIT-tensorflow-2022-35990,CVE-2022-35990",CWE-617,CVSS:3.1/AV:N/AC:H/PR:N/UI:N/S:U/C:N/I:N/A:H,GHSA-h7ff-cfc9-wmmh,
,lockfile,tensorflow-cpu,2.7.0,PyPI,GHSA-hq7g-wwwp-q46h,MODERATE,"BIT-tensorflow-2022-41898,CVE-2022-41898",CWE-20,CVSS:3.1/AV:N/AC:H/PR:L/UI:R/S:U/C:N/I:N/A:H,GHSA-hq7g-wwwp-q46h,
,lockfile,tensorflow-cpu,2.7.0,PyPI,GHSA-hrg5-737c-2p56,MODERATE,"BIT-tensorflow-2022-29197,CVE-2022-29197",CWE-20,CVSS:3.1/AV:L/AC:L/PR:L/UI:N/S:U/C:N/I:N/A:H,GHSA-hrg5-737c-2p56,
,lockfile,tensorflow-cpu,2.7.0,PyPI,GHSA-hx9q-2mx4-m4pg,MODERATE,"BIT-tensorflow-2022-29204,CVE-2022-29204","CWE-191,CWE-20",CVSS:3.1/AV:L/AC:L/PR:L/UI:N/S:U/C:N/I:N/A:H,GHSA-hx9q-2mx4-m4pg,
,lockfile,tensorflow-cpu,2.7.0,PyPI,GHSA-j3mj-fhpq-qqjj,HIGH,"BIT-tensorflow-2022-23571,CVE-2022-23571,PYSEC-2022-135,PYSEC-2022-80",CWE-617,CVSS:4.0/AV:N/AC:L/AT:N/PR:L/UI:N/VC:N/VI:N/VA:H/SC:N/SI:N/SA:N,GHSA-j3mj-fhpq-qqjj,
,lockfile,tensorflow-cpu,2.7.0,PyPI,GHSA-j43h-pgmg-5hjq,MODERATE,"BIT-tensorflow-2022-35989,CVE-2022-35989",CWE-617,CVSS:3.1/AV:N/AC:H/PR:N/UI:N/S:U/C:N/I:N/A:H,GHSA-j43h-pgmg-5hjq,
,lockfile,tensorflow-cpu,2.7.0,PyPI,GHSA-j5w9-hmfh-4cr6,HIGH,"BIT-tensorflow-2023-25671,CVE-2023-25671",CWE-787,CVSS:3.1/AV:N/AC:L/PR:N/UI:N/S:U/C:N/I:N/A:H,GHSA-j5w9-hmfh-4cr6,
,lockfile,tensorflow-cpu,2.7.0,PyPI,GHSA-jjm6-4vf7-cjh4,MODERATE,"BIT-tensorflow-2022-29203,CVE-2022-29203",CWE-190,CVSS:3.1/AV:L/AC:L/PR:L/UI:N/S:U/C:N/I:N/A:H,GHSA-jjm6-4vf7-cjh4,
,lockfile,tensorflow-cpu,2.7.0,PyPI,GHSA-jq6x-99hj-q636,MODERATE,"BIT-tensorflow-2022-41884,CVE-2022-41884",CWE-670,CVSS:3.1/AV:N/AC:H/PR:L/UI:R/S:U/C:N/I:N/A:H,GHSA-jq6x-99hj-q636,
,lockfile,tensorflow-cpu,2.7.0,PyPI,GHSA-jqm7-m5q7-3hm5,MODERATE,"BIT-tensorflow-2022-36001,CVE-2022-36001",CWE-617,CVSS:3.1/AV:N/AC:H/PR:N/UI:N/S:U/C:N/I:N/A:H,GHSA-jqm7-m5q7-3hm5,
,lockfile,tensorflow-cpu,2.7.0,PyPI,GHSA-jvhc-5hhr-w3v5,MODERATE,"BIT-tensorflow-2022-36012,CVE-2022-36012",CWE-617,CVSS:3.1/AV:N/AC:H/PR:N/UI:N/S:U/C:N/I:N/A:H,GHSA-jvhc-5hhr-w3v5,
,lockfile,tensorflow-cpu,2.7.0,PyPI,GHSA-m4hf-j54p-p353,HIGH,"BIT-tensorflow-2022-21731,CVE-2022-21731,PYSEC-2022-110,PYSEC-2022-55","CWE-754,CWE-843",CVSS:4.0/AV:N/AC:L/AT:N/PR:L/UI:N/VC:N/VI:N/VA:H/SC:N/SI:N/SA:N,GHSA-m4hf-j54p-p353,
,lockfile,tensorflow-cpu,2.7.0,PyPI,GHSA-m6cv-4fmf-66xf,MODERATE,"BIT-tensorflow-2022-36018,CVE-2022-36018",CWE-617,CVSS:3.1/AV:N/AC:H/PR:N/UI:N/S:U/C:N/I:N/A:H,GHSA-m6cv-4fmf-66xf,
,lockfile,tensorflow-cpu,2.7.0,PyPI,GHSA-m6vp-8q9j-whx4,MODERATE,"BIT-tensorflow-2022-35983,CVE-2022-35983",CWE-617,CVSS:3.1/AV:N/AC:H/PR:N/UI:N/S:U/C:N/I:N/A:H,GHSA-m6vp-8q9j-whx4,
,lockfile,tensorflow-cpu,2.7.0,PyPI,GHSA-mg66-qvc5-rm93,MODERATE,"BIT-tensorflow-2022-29198,CVE-2022-29198",CWE-20,CVSS:3.1/AV:L/AC:L/PR:L/UI:N/S:U/C:N/I:N/A:H,GHSA-mg66-qvc5-rm93,
,lockfile,tensorflow-cpu,2.7.0,PyPI,GHSA-mgmh-g2v6-mqw5,MODERATE,"BIT-tensorflow-2022-35941,CVE-2022-35941",CWE-617,CVSS:3.1/AV:N/AC:H/PR:N/UI:N/S:U/C:N/I:N/A:H,GHSA-mgmh-g2v6-mqw5,
,lockfile,tensorflow-cpu,2.7.0,PyPI,GHSA-mh3m-62v7-68xg,MODERATE,"BIT-tensorflow-2022-36002,CVE-2022-36002",CWE-617,CVSS:3.1/AV:N/AC:H/PR:N/UI:N/S:U/C:N/I:N/A:H,GHSA-mh3m-62v7-68xg,
,lockfile,tensorflow-cpu,2.7.0,PyPI,GHSA-mv77-9g28-cwg3,MODERATE,"BIT-tensorflow-2022-41908,CVE-2022-41908",CWE-20,CVSS:3.1/AV:N/AC:H/PR:L/UI:R/S:U/C:N/I:N/A:H,GHSA-mv77-9g28-cwg3,
,lockfile,tensorflow-cpu,2.7.0,PyPI,GHSA-mv8m-8x97-937q,MODERATE,"BIT-tensorflow-2022-36004,CVE-2022-36004",CWE-617,CVSS:3.1/AV:N/AC:H/PR:N/UI:N/S:U/C:N/I:N/A:H,GHSA-mv8m-8x97-937q,
,lockfile,tensorflow-cpu,2.7.0,PyPI,GHSA-mw6j-hh29-h379,MODERATE,,CWE-190,,GHSA-mw6j-hh29-h379,
,lockfile,tensorflow-cpu,2.7.0,PyPI,GHSA-p2xf-8hgm-hpw5,MODERATE,"BIT-tensorflow-2022-35984,CVE-2022-35984",CWE-617,CVSS:3.1/AV:N/AC:H/PR:N/UI:N/S:U/C:N/I:N/A:H,GHSA-p2xf-8hgm-hpw5,
,lockfile,tensorflow-cpu,2.7.0,PyPI,GHSA-p7hr-f446-x6qf,MODERATE,"BIT-tensorflow-2022-35997,CVE-2022-35997",CWE-617,CVSS:3.1/AV:N/AC:H/PR:N/UI:N/S:U/C:N/I:N/A:H,GHSA-p7hr-f446-x6qf,
,lockfile,tensorflow-cpu,2.7.0,PyPI,GHSA-p9rc-rmr5-529j,MODERATE,"BIT-tensorflow-2022-29199,CVE-2022-29199",CWE-20,CVSS:3.1/AV:L/AC:L/PR:L/UI:N/S:U/C:N/I:N/A:H,GHSA-p9rc-rmr5-529j,
,lockfile,tensorflow-cpu,2.7.0,PyPI,GHSA-pf36-r9c6-h97j,MODERATE,"BIT-tensorflow-2022-41911,CVE-2022-41911",CWE-704,CVSS:3.1/AV:N/AC:H/PR:L/UI:R/S:U/C:N/I:N/A:H,GHSA-pf36-r9c6-h97j,
,lockfile,tensorflow-cpu,2.7.0,PyPI,GHSA-pfjj-m3jj-9jc9,HIGH,"BIT-tensorflow-2022-21736,CVE-2022-21736,PYSEC-2022-115,PYSEC-2022-60",CWE-476,CVSS:4.0/AV:N/AC:L/AT:N/PR:L/UI:N/VC:L/VI:L/VA:H/SC:N/SI:N/SA:N,GHSA-pfjj-m3jj-9jc9,
,lockfile,tensorflow-cpu,2.7.0,PyPI,GHSA-pqhm-4wvf-2jg8,MODERATE,"BIT-tensorflow-2022-29201,CVE-2022-29201","CWE-20,CWE-476",CVSS:3.1/AV:L/AC:L/PR:L/UI:N/S:U/C:N/I:N/A:H,GHSA-pqhm-4wvf-2jg8,
,lockfile,tensorflow-cpu,2.7.0,PyPI,GHSA-pqrv-8r2f-7278,MODERATE,"BIT-tensorflow-2022-23590,CVE-2022-23590,PYSEC-2022-154,PYSEC-2022-99",CWE-754,CVSS:3.1/AV:N/AC:H/PR:N/UI:N/S:U/C:N/I:N/A:H,"PYSEC-2022-99,GHSA-pqrv-8r2f-7278",
,lockfile,tensorflow-cpu,2.7.0,PyPI,GHSA-pxrw-j2fv-hx3h,HIGH,"BIT-tensorflow-2022-35937,CVE-2022-35937",CWE-125,CVSS:3.1/AV:N/AC:H/PR:N/UI:N/S:U/C:L/I:L/A:H,GHSA-pxrw-j2fv-hx3h,
,lockfile,tensorflow-cpu,2.7.0,PyPI,GHSA-q2c3-jpmc-gfjx,MODERATE,"BIT-tensorflow-2022-35969,CVE-2022-35969",,CVSS:3.1/AV:N/AC:H/PR:N/UI:N/S:U/C:N/I:N/A:H,GHSA-q2c3-jpmc-gfjx,
,lockfile,tensorflow-cpu,2.7.0,PyPI,GHSA-q5jv-m6qw-5g37,MODERATE,"BIT-tensorflow-2022-35996,CVE-2022-35996",CWE-369,CVSS:3.1/AV:N/AC:H/PR:N/UI:N/S:U/C:N/I:N/A:H,GHSA-q5jv-m6qw-5g37,
,lockfile,tensorflow-cpu,2.7.0,PyPI,GHSA-q85f-69q7-55h2,HIGH,"BIT-tensorflow-2022-23573,CVE-2022-23573,PYSEC-2022-137,PYSEC-2022-82",CWE-908,CVSS:4.0/AV:N/AC:L/AT:N/PR:L/UI:N/VC:L/VI:L/VA:H/SC:N/SI:N/SA:N,GHSA-q85f-69q7-55h2,
,lockfile,tensorflow-cpu,2.7.0,PyPI,GHSA-qj5r-f9mv-rffh,HIGH,"BIT-tensorflow-2022-23569,CVE-2022-23569,PYSEC-2022-133,PYSEC-2022-78",CWE-617,CVSS:4.0/AV:N/AC:L/AT:N/PR:L/UI:N/VC:N/VI:N/VA:H/SC:N/SI:N/SA:N,GHSA-qj5r-f9mv-rffh,
,lockfile,tensorflow-cpu,2.7.0,PyPI,GHSA-qjqc-vqcf-5qvj,HIGH,"BIT-tensorflow-2023-25660,CVE-2023-25660",CWE-476,CVSS:3.1/AV:N/AC:L/PR:N/UI:N/S:U/C:N/I:N/A:H,GHSA-qjqc-vqcf-5qvj,
,lockfile,tensorflow-cpu,2.7.0,PyPI,GHSA-qx3f-p745-w4hr,HIGH,"BIT-tensorflow-2022-23562,CVE-2022-23562,PYSEC-2022-126,PYSEC-2022-71",CWE-190,CVSS:4.0/AV:N/AC:L/AT:N/PR:L/UI:N/VC:L/VI:L/VA:H/SC:N/SI:N/SA:N,GHSA-qx3f-p745-w4hr,
,lockfile,tensorflow-cpu,2.7.0,PyPI,GHSA-qxpx-j395-pw36,MODERATE,"BIT-tensorflow-2022-35965,CVE-2022-35965",CWE-476,CVSS:3.1/AV:N/AC:H/PR:N/UI:N/S:U/C:N/I:N/A:H,GHSA-qxpx-j395-pw36,
,lockfile,tensorflow-cpu,2.7.0,PyPI,GHSA-r26c-679w-mrjm,MODERATE,"BIT-tensorflow-2022-36005,CVE-2022-36005",CWE-617,CVSS:3.1/AV:N/AC:H/PR:N/UI:N/S:U/C:N/I:N/A:H,GHSA-r26c-679w-mrjm,
,lockfile,tensorflow-cpu,2.7.0,PyPI,GHSA-rc9w-5c64-9vqq,MODERATE,"BIT-tensorflow-2022-29206,CVE-2022-29206","CWE-20,CWE-476",CVSS:3.1/AV:L/AC:L/PR:L/UI:N/S:U/C:N/I:N/A:H,GHSA-rc9w-5c64-9vqq,
,lockfile,tensorflow-cpu,2.7.0,PyPI,GHSA-rcf8-g8jv-vg6p,HIGH,"BIT-tensorflow-2023-25669,CVE-2023-25669",CWE-697,CVSS:3.1/AV:N/AC:L/PR:N/UI:N/S:U/C:N/I:N/A:H,GHSA-rcf8-g8jv-vg6p,
,lockfile,tensorflow-cpu,2.7.0,PyPI,GHSA-rh87-q4vg-m45j,LOW,"BIT-tensorflow-2022-36015,CVE-2022-36015",CWE-190,,GHSA-rh87-q4vg-m45j,
,lockfile,tensorflow-cpu,2.7.0,PyPI,GHSA-rjx6-v474-2ch9,MODERATE,"BIT-tensorflow-2022-41909,CVE-2022-41909","CWE-20,CWE-476",CVSS:3.1/AV:N/AC:H/PR:L/UI:R/S:U/C:N/I:N/A:H,GHSA-rjx6-v474-2ch9,
,lockfile,tensorflow-cpu,2.7.0,PyPI,GHSA-rmg2-f698-wq35,MODERATE,"BIT-tensorflow-2022-41896,CVE-2022-41896","CWE-1284,CWE-20",CVSS:3.1/AV:N/AC:H/PR:L/UI:R/S:U/C:N/I:N/A:H,GHSA-rmg2-f698-wq35,
,lockfile,tensorflow-cpu,2.7.0,PyPI,GHSA-rrx2-r989-2c43,HIGH,"BIT-tensorflow-2022-23567,CVE-2022-23567,PYSEC-2022-131,PYSEC-2022-76",CWE-190,CVSS:4.0/AV:N/AC:L/AT:N/PR:L/UI:N/VC:N/VI:N/VA:H/SC:N/SI:N/SA:N,GHSA-rrx2-r989-2c43,
,lockfile,tensorflow-cpu,2.7.0,PyPI,GHSA-rww7-2gpw-fv6j,HIGH,"BIT-tensorflow-2022-23572,CVE-2022-23572,PYSEC-2022-136,PYSEC-2022-81","CWE-617,CWE-754",CVSS:4.0/AV:N/AC:L/AT:N/PR:L/UI:N/VC:N/VI:N/VA:H/SC:N/SI:N/SA:N,GHSA-rww7-2gpw-fv6j,
,lockfile,tensorflow-cpu,2.7.0,PyPI,GHSA-v3f7-j968-4h5f,MODERATE,"BIT-tensorflow-2022-21725,CVE-2022-21725,PYSEC-2022-104,PYSEC-2022-49",CWE-369,CVSS:4.0/AV:L/AC:L/AT:N/PR:L/UI:N/VC:N/VI:N/VA:H/SC:N/SI:N/SA:N,GHSA-v3f7-j968-4h5f,
,lockfile,tensorflow-cpu,2.7.0,PyPI,GHSA-v5xg-3q2c-c2r4,MODERATE,"BIT-tensorflow-2022-35960,CVE-2022-35960",CWE-617,CVSS:3.1/AV:N/AC:H/PR:N/UI:N/S:U/C:N/I:N/A:H,GHSA-v5xg-3q2c-c2r4,
,lockfile,tensorflow-cpu,2.7.0,PyPI,GHSA-v6h3-348g-6h5x,MODERATE,"BIT-tensorflow-2022-35967,CVE-2022-35967",CWE-20,CVSS:3.1/AV:N/AC:H/PR:N/UI:N/S:U/C:N/I:N/A:H,GHSA-v6h3-348g-6h5x,
,lockfile,tensorflow-cpu,2.7.0,PyPI,GHSA-v7vw-577f-vp8x,MODERATE,"BIT-tensorflow-2022-35979,CVE-2022-35979",CWE-20,CVSS:3.1/AV:N/AC:H/PR:N/UI:N/S:U/C:N/I:N/A:H,GHSA-v7vw-577f-vp8x,
,lockfile,tensorflow-cpu,2.7.0,PyPI,GHSA-vgvh-2pf4-jr2x,MODERATE,"BIT-tensorflow-2022-35974,CVE-2022-35974",CWE-20,CVSS:3.1/AV:N/AC:H/PR:N/UI:N/S:U/C:N/I:N/A:H,GHSA-vgvh-2pf4-jr2x,
,lockfile,tensorflow-cpu,2.7.0,PyPI,GHSA-vjg4-v33c-ggc4,HIGH,"BIT-tensorflow-2022-21730,CVE-2022-21730,PYSEC-2022-109,PYSEC-2022-54",CWE-125,CVSS:4.0/AV:N/AC:L/AT:N/PR:L/UI:N/VC:H/VI:N/VA:H/SC:N/SI:N/SA:N,GHSA-vjg4-v33c-ggc4,
,lockfile,tensorflow-cpu,2.7.0,PyPI,GHSA-vm7x-4qhj-rrcq,MODERATE,"BIT-tensorflow-2022-35991,CVE-2022-35991",CWE-617,CVSS:3.1/AV:N/AC:H/PR:N/UI:N/S:U/C:N/I:N/A:H,GHSA-vm7x-4qhj-rrcq,
,lockfile,tensorflow-cpu,2.7.0,PyPI,GHSA-vxv8-r8q2-63xw,MODERATE,"BIT-tensorflow-2022-35981,CVE-2022-35981",CWE-617,CVSS:3.1/AV:N/AC:H/PR:N/UI:N/S:U/C:N/I:N/A:H,GHSA-vxv8-r8q2-63xw,
,lockfile,tensorflow-cpu,2.7.0,PyPI,GHSA-w62h-8xjm-fv49,MODERATE,"BIT-tensorflow-2022-35987,CVE-2022-35987",CWE-617,CVSS:3.1/AV:N/AC:H/PR:N/UI:N/S:U/C:N/I:N/A:H,GHSA-w62h-8xjm-fv49,
,lockfile,tensorflow-cpu,2.7.0,PyPI,GHSA-wc4g-r73w-x8mm,HIGH,"BIT-tensorflow-2022-23563,CVE-2022-23563,PYSEC-2022-127,PYSEC-2022-72","CWE-367,CWE-668",CVSS:4.0/AV:L/AC:L/AT:N/PR:L/UI:N/VC:H/VI:H/VA:N/SC:N/SI:N/SA:N,GHSA-wc4g-r73w-x8mm,
,lockfile,tensorflow-cpu,2.7.0,PyPI,GHSA-wcv5-vrvr-3rx2,MODERATE,,CWE-190,CVSS:3.1/AV:L/AC:L/PR:L/UI:N/S:U/C:N/I:N/A:H,GHSA-wcv5-vrvr-3rx2,
,lockfile,tensorflow-cpu,2.7.0,PyPI,GHSA-wm93-f238-7v37,HIGH,"BIT-tensorflow-2022-23576,CVE-2022-23576,PYSEC-2022-140,PYSEC-2022-85",CWE-190,CVSS:4.0/AV:N/AC:L/AT:N/PR:L/UI:N/VC:N/VI:N/VA:H/SC:N/SI:N/SA:N,GHSA-wm93-f238-7v37,
,lockfile,tensorflow-cpu,2.7.0,PyPI,GHSA-wq6q-6m32-9rv9,MODERATE,"BIT-tensorflow-2022-35993,CVE-2022-35993",CWE-617,CVSS:3.1/AV:N/AC:H/PR:N/UI:N/S:U/C:N/I:N/A:H,GHSA-wq6q-6m32-9rv9,
,lockfile,tensorflow-cpu,2.7.0,PyPI,GHSA-wqmc-pm8c-2jhc,MODERATE,"BIT-tensorflow-2022-36017,CVE-2022-36017",CWE-20,CVSS:3.1/AV:N/AC:H/PR:N/UI:N/S:U/C:N/I:N/A:H,GHSA-wqmc-pm8c-2jhc,
,lockfile,tensorflow-cpu,2.7.0,PyPI,GHSA-wxjj-cgcx-r3vq,MODERATE,"BIT-tensorflow-2022-35959,CVE-2022-35959",CWE-617,CVSS:3.1/AV:N/AC:H/PR:N/UI:N/S:U/C:N/I:N/A:H,GHSA-wxjj-cgcx-r3vq,
,lockfile,tensorflow-cpu,2.7.0,PyPI,GHSA-x4qx-4fjv-hmw6,HIGH,"BIT-tensorflow-2022-21738,CVE-2022-21738,PYSEC-2022-117,PYSEC-2022-62",CWE-190,CVSS:4.0/AV:N/AC:L/AT:N/PR:L/UI:N/VC:N/VI:N/VA:H/SC:N/SI:N/SA:N,GHSA-x4qx-4fjv-hmw6,
,lockfile,tensorflow-cpu,2.7.0,PyPI,GHSA-x989-q2pq-4q5x,MODERATE,"BIT-tensorflow-2022-35940,CVE-2022-35940",CWE-190,CVSS:3.1/AV:N/AC:H/PR:N/UI:N/S:U/C:N/I:N/A:H,GHSA-x989-q2pq-4q5x,
,lockfile,tensorflow-cpu,2.7.0,PyPI,GHSA-xf83-q765-xm6m,LOW,,,,GHSA-xf83-q765-xm6m,
,lockfile,tensorflow-cpu,2.7.0,PyPI,GHSA-xrp2-fhq4-4q3w,MODERATE,"BIT-tensorflow-2022-29211,CVE-2022-29211",CWE-20,CVSS:3.1/AV:L/AC:L/PR:L/UI:N/S:U/C:N/I:N/A:H,GHSA-xrp2-fhq4-4q3w,
,lockfile,tensorflow-cpu,2.7.0,PyPI,GHSA-xvwp-h6jv-7472,HIGH,"BIT-tensorflow-2022-41900,CVE-2022-41900","CWE-125,CWE-787",CVSS:3.1/AV:N/AC:H/PR:L/UI:R/S:U/C:H/I:H/A:H,GHSA-xvwp-h6jv-7472,
,lockfile,tensorflow-cpu,2.7.0,PyPI,GHSA-xxcj-rhqg-m46g,MODERATE,"BIT-tensorflow-2022-41889,CVE-2022-41889",CWE-476,CVSS:3.1/AV:L/AC:L/PR:L/UI:N/S:U/C:N/I:N/A:H,GHSA-xxcj-rhqg-m46g,
,lockfile,tensorflow-cpu,2.7.0,PyPI,PYSEC-2022-101,,"BIT-tensorflow-2022-23592,CVE-2022-23592,GHSA-vq36-27g6-p492,PYSEC-2022-156",,,PYSEC-2022-101,
,lockfile,tensorflow-cpu,2.7.0,PyPI,PYSEC-2022-102,,"BIT-tensorflow-2022-23593,CVE-2022-23593,GHSA-gwcx-jrx4-92w2,PYSEC-2022-157",,,PYSEC-2022-102,
,lockfile,tensorflow-cpu,2.7.0,PyPI,PYSEC-2022-99,,"BIT-tensorflow-2022-23590,CVE-2022-23590,GHSA-pqrv-8r2f-7278,PYSEC-2022-154",,,"PYSEC-2022-99,GHSA-pqrv-8r2f-7278",
,lockfile,tensorflow-cpu,2.7.4,PyPI,GHSA-27rc-728f-x5w2,MODERATE,"BIT-tensorflow-2022-41899,CVE-2022-41899","CWE-20,CWE-617",CVSS:3.1/AV:N/AC:H/PR:L/UI:R/S:U/C:N/I:N/A:H,GHSA-27rc-728f-x5w2,
,lockfile,tensorflow-cpu,2.7.4,PyPI,GHSA-368v-7v32-52fx,MODERATE,"BIT-tensorflow-2022-41907,CVE-2022-41907",CWE-131,CVSS:3.1/AV:N/AC:H/PR:L/UI:R/S:U/C:N/I:N/A:H,GHSA-368v-7v32-52fx,
,lockfile,tensorflow-cpu,2.7.4,PyPI,GHSA-49rq-hwc3-x77w,HIGH,"BIT-tensorflow-2023-25670,CVE-2023-25670",CWE-476,CVSS:3.1/AV:N/AC:L/PR:N/UI:N/S:U/C:N/I:N/A:H,GHSA-49rq-hwc3-x77w,
,lockfile,tensorflow-cpu,2.7.4,PyPI,GHSA-54pp-c6pp-7fpx,MODERATE,"BIT-tensorflow-2022-41886,CVE-2022-41886",CWE-131,CVSS:3.1/AV:N/AC:H/PR:L/UI:R/S:U/C:N/I:N/A:H,GHSA-54pp-c6pp-7fpx,
,lockfile,tensorflow-cpu,2.7.4,PyPI,GHSA-558h-mq8x-7q9g,HIGH,"BIT-tensorflow-2023-25665,CVE-2023-25665",CWE-476,CVSS:3.1/AV:N/AC:L/PR:N/UI:N/S:U/C:N/I:N/A:H,GHSA-558h-mq8x-7q9g,
,lockfile,tensorflow-cpu,2.7.4,PyPI,GHSA-5w96-866f-6rm8,HIGH,"BIT-tensorflow-2023-27579,CVE-2023-27579",CWE-697,CVSS:3.1/AV:N/AC:L/PR:N/UI:N/S:U/C:N/I:N/A:H,GHSA-5w96-866f-6rm8,
,lockfile,tensorflow-cpu,2.7.4,PyPI,GHSA-647v-r7qq-24fh,HIGH,"BIT-tensorflow-2023-25673,CVE-2023-25673",CWE-697,CVSS:3.1/AV:N/AC:L/PR:N/UI:N/S:U/C:N/I:N/A:H,GHSA-647v-r7qq-24fh,
,lockfile,tensorflow-cpu,2.7.4,PyPI,GHSA-64jg-wjww-7c5w,HIGH,"BIT-tensorflow-2023-25663,CVE-2023-25663",CWE-476,CVSS:3.1/AV:N/AC:L/PR:N/UI:N/S:U/C:N/I:N/A:H,GHSA-64jg-wjww-7c5w,
,lockfile,tensorflow-cpu,2.7.4,PyPI,GHSA-66vq-54fq-6jvv,MODERATE,"BIT-tensorflow-2022-41891,CVE-2022-41891",CWE-20,CVSS:3.1/AV:N/AC:H/PR:L/UI:R/S:U/C:N/I:N/A:H,GHSA-66vq-54fq-6jvv,
,lockfile,tensorflow-cpu,2.7.4,PyPI,GHSA-67pf-62xr-q35m,MODERATE,"BIT-tensorflow-2022-41893,CVE-2022-41893",CWE-617,CVSS:3.1/AV:N/AC:H/PR:L/UI:R/S:U/C:N/I:N/A:H,GHSA-67pf-62xr-q35m,
,lockfile,tensorflow-cpu,2.7.4,PyPI,GHSA-68v3-g9cm-rmm6,HIGH,"BIT-tensorflow-2023-25658,CVE-2023-25658",CWE-125,CVSS:3.1/AV:N/AC:L/PR:N/UI:N/S:U/C:N/I:N/A:H,GHSA-68v3-g9cm-rmm6,
,lockfile,tensorflow-cpu,2.7.4,PyPI,GHSA-6hg6-5c2q-7rcr,HIGH,"BIT-tensorflow-2023-25664,CVE-2023-25664","CWE-120,CWE-122",CVSS:3.1/AV:N/AC:L/PR:N/UI:N/S:U/C:N/I:N/A:H,GHSA-6hg6-5c2q-7rcr,
,lockfile,tensorflow-cpu,2.7.4,PyPI,GHSA-6wfh-89q8-44jq,HIGH,"BIT-tensorflow-2023-25676,CVE-2023-25676",CWE-476,CVSS:3.1/AV:N/AC:L/PR:N/UI:N/S:U/C:N/I:N/A:H,GHSA-6wfh-89q8-44jq,
,lockfile,tensorflow-cpu,2.7.4,PyPI,GHSA-6x99-gv2v-q76v,MODERATE,"BIT-tensorflow-2022-41888,CVE-2022-41888",CWE-20,CVSS:3.1/AV:N/AC:H/PR:L/UI:R/S:U/C:N/I:N/A:H,GHSA-6x99-gv2v-q76v,
,lockfile,tensorflow-cpu,2.7.4,PyPI,GHSA-7jvm-xxmr-v5cw,HIGH,"BIT-tensorflow-2023-25662,CVE-2023-25662",CWE-190,CVSS:3.1/AV:N/AC:L/PR:N/UI:N/S:U/C:N/I:N/A:H,GHSA-7jvm-xxmr-v5cw,
,lockfile,tensorflow-cpu,2.7.4,PyPI,GHSA-7x4v-9gxg-9hwj,HIGH,"BIT-tensorflow-2023-25675,CVE-2023-25675",CWE-697,CVSS:3.1/AV:N/AC:L/PR:N/UI:N/S:U/C:N/I:N/A:H,GHSA-7x4v-9gxg-9hwj,
,lockfile,tensorflow-cpu,2.7.4,PyPI,GHSA-8fvv-46hw-vpg3,MODERATE,"BIT-tensorflow-2022-41887,CVE-2022-41887",CWE-131,CVSS:3.1/AV:N/AC:H/PR:L/UI:R/S:U/C:N/I:N/A:H,GHSA-8fvv-46hw-vpg3,
,lockfile,tensorflow-cpu,2.7.4,PyPI,GHSA-8w5g-3wcv-9g2j,MODERATE,"BIT-tensorflow-2022-41880,CVE-2022-41880",CWE-125,CVSS:3.1/AV:N/AC:L/PR:L/UI:R/S:U/C:L/I:L/A:H,GHSA-8w5g-3wcv-9g2j,
,lockfile,tensorflow-cpu,2.7.4,PyPI,GHSA-93vr-9q9m-pj8p,HIGH,"BIT-tensorflow-2023-25659,CVE-2023-25659",CWE-125,CVSS:3.1/AV:N/AC:L/PR:N/UI:N/S:U/C:N/I:N/A:H,GHSA-93vr-9q9m-pj8p,
,lockfile,tensorflow-cpu,2.7.4,PyPI,GHSA-94mm-g2mv-8p7r,HIGH,"BIT-tensorflow-2023-25672,CVE-2023-25672",CWE-476,CVSS:3.1/AV:N/AC:L/PR:N/UI:N/S:U/C:N/I:N/A:H,GHSA-94mm-g2mv-8p7r,
,lockfile,tensorflow-cpu,2.7.4,PyPI,GHSA-cg88-rpvp-cjv5,HIGH,"BIT-tensorflow-2022-41902,CVE-2022-41902","CWE-125,CWE-787",CVSS:3.1/AV:N/AC:H/PR:L/UI:R/S:U/C:H/I:H/A:H,GHSA-cg88-rpvp-cjv5,
,lockfile,tensorflow-cpu,2.7.4,PyPI,GHSA-cqvq-fvhr-v6hc,LOW,,,,GHSA-cqvq-fvhr-v6hc,
,lockfile,tensorflow-cpu,2.7.4,PyPI,GHSA-f2w8-jw48-fr7j,MODERATE,"BIT-tensorflow-2022-41897,CVE-2022-41897",CWE-125,CVSS:3.1/AV:N/AC:H/PR:L/UI:R/S:U/C:N/I:N/A:H,GHSA-f2w8-jw48-fr7j,
,lockfile,tensorflow-cpu,2.7.4,PyPI,GHSA-f49c-87jh-g47q,HIGH,"BIT-tensorflow-2023-25801,CVE-2023-25801",CWE-415,CVSS:3.1/AV:L/AC:L/PR:N/UI:N/S:U/C:L/I:H/A:H,GHSA-f49c-87jh-g47q,
,lockfile,tensorflow-cpu,2.7.4,PyPI,GHSA-f637-vh3r-vfh2,HIGH,"BIT-tensorflow-2023-25666,CVE-2023-25666",CWE-697,CVSS:3.1/AV:N/AC:L/PR:N/UI:N/S:U/C:N/I:N/A:H,GHSA-f637-vh3r-vfh2,
,lockfile,tensorflow-cpu,2.7.4,PyPI,GHSA-fqm2-gh8w-gr68,MODERATE,"BIT-tensorflow-2023-25667,CVE-2023-25667",CWE-190,CVSS:3.1/AV:N/AC:L/PR:N/UI:R/S:U/C:N/I:N/A:H,GHSA-fqm2-gh8w-gr68,
,lockfile,tensorflow-cpu,2.7.4,PyPI,GHSA-frqp-wp83-qggv,MODERATE,"BIT-tensorflow-2022-41910,CVE-2022-41910",CWE-125,CVSS:3.1/AV:N/AC:H/PR:L/UI:R/S:U/C:N/I:N/A:H,GHSA-frqp-wp83-qggv,
,lockfile,tensorflow-cpu,2.7.4,PyPI,GHSA-fxgc-95xx-grvq,MODERATE,"BIT-tensorflow-2023-25661,CVE-2023-25661",CWE-20,CVSS:3.1/AV:N/AC:L/PR:L/UI:N/S:U/C:N/I:N/A:H,GHSA-fxgc-95xx-grvq,
,lockfile,tensorflow-cpu,2.7.4,PyPI,GHSA-g9fm-r5mm-rf9f,MODERATE,"BIT-tensorflow-2022-41901,CVE-2022-41901","CWE-20,CWE-617",CVSS:3.1/AV:N/AC:H/PR:L/UI:R/S:U/C:N/I:N/A:H,GHSA-g9fm-r5mm-rf9f,
,lockfile,tensorflow-cpu,2.7.4,PyPI,GHSA-gf97-q72m-7579,HIGH,"BIT-tensorflow-2023-25674,CVE-2023-25674",CWE-476,CVSS:3.1/AV:N/AC:L/PR:N/UI:N/S:U/C:N/I:N/A:H,GHSA-gf97-q72m-7579,
,lockfile,tensorflow-cpu,2.7.4,PyPI,GHSA-gjh7-xx4r-x345,HIGH,"BIT-tensorflow-2023-33976,CVE-2023-33976",CWE-190,CVSS:4.0/AV:N/AC:L/AT:N/PR:N/UI:N/VC:N/VI:N/VA:H/SC:N/SI:N/SA:N,GHSA-gjh7-xx4r-x345,
,lockfile,tensorflow-cpu,2.7.4,PyPI,GHSA-gq2j-cr96-gvqx,MODERATE,"BIT-tensorflow-2022-41895,CVE-2022-41895",CWE-125,CVSS:3.1/AV:N/AC:H/PR:L/UI:R/S:U/C:N/I:N/A:H,GHSA-gq2j-cr96-gvqx,
,lockfile,tensorflow-cpu,2.7.4,PyPI,GHSA-gw97-ff7c-9v96,CRITICAL,"BIT-tensorflow-2023-25668,CVE-2023-25668","CWE-122,CWE-125",CVSS:3.1/AV:N/AC:L/PR:N/UI:N/S:U/C:H/I:H/A:H,GHSA-gw97-ff7c-9v96,
,lockfile,tensorflow-cpu,2.7.4,PyPI,GHSA-h246-cgh4-7475,MODERATE,"BIT-tensorflow-2022-41890,CVE-2022-41890",CWE-704,CVSS:3.1/AV:N/AC:H/PR:L/UI:R/S:U/C:N/I:N/A:H,GHSA-h246-cgh4-7475,
,lockfile,tensorflow-cpu,2.7.4,PyPI,GHSA-hq7g-wwwp-q46h,MODERATE,"BIT-tensorflow-2022-41898,CVE-2022-41898",CWE-20,CVSS:3.1/AV:N/AC:H/PR:L/UI:R/S:U/C:N/I:N/A:H,GHSA-hq7g-wwwp-q46h,
,lockfile,tensorflow-cpu,2.7.4,PyPI,GHSA-j5w9-hmfh-4cr6,HIGH,"BIT-tensorflow-2023-25671,CVE-2023-25671",CWE-787,CVSS:3.1/AV:N/AC:L/PR:N/UI:N/S:U/C:N/I:N/A:H,GHSA-j5w9-hmfh-4cr6,
,lockfile,tensorflow-cpu,2.7.4,PyPI,GHSA-jq6x-99hj-q636,MODERATE,"BIT-tensorflow-2022-41884,CVE-2022-41884",CWE-670,CVSS:3.1/AV:N/AC:H/PR:L/UI:R/S:U/C:N/I:N/A:H,GHSA-jq6x-99hj-q636,
,lockfile,tensorflow-cpu,2.7.4,PyPI,GHSA-mv77-9g28-cwg3,MODERATE,"BIT-tensorflow-2022-41908,CVE-2022-41908",CWE-20,CVSS:3.1/AV:N/AC:H/PR:L/UI:R/S:U/C:N/I:N/A:H,GHSA-mv77-9g28-cwg3,
,lockfile,tensorflow-cpu,2.7.4,PyPI,GHSA-pf36-r9c6-h97j,MODERATE,"BIT-tensorflow-2022-41911,CVE-2022-41911",CWE-704,CVSS:3.1/AV:N/AC:H/PR:L/UI:R/S:U/C:N/I:N/A:H,GHSA-pf36-r9c6-h97j,
,lockfile,tensorflow-cpu,2.7.4,PyPI,GHSA-qjqc-vqcf-5qvj,HIGH,"BIT-tensorflow-2023-25660,CVE-2023-25660",CWE-476,CVSS:3.1/AV:N/AC:L/PR:N/UI:N/S:U/C:N/I:N/A:H,GHSA-qjqc-vqcf-5qvj,
,lockfile,tensorflow-cpu,2.7.4,PyPI,GHSA-rcf8-g8jv-vg6p,HIGH,"BIT-tensorflow-2023-25669,CVE-2023-25669",CWE-697,CVSS:3.1/AV:N/AC:L/PR:N/UI:N/S:U/C:N/I:N/A:H,GHSA-rcf8-g8jv-vg6p,
,lockfile,tensorflow-cpu,2.7.4,PyPI,GHSA-rjx6-v474-2ch9,MODERATE,"BIT-tensorflow-2022-41909,CVE-2022-41909","CWE-20,CWE-476",CVSS:3.1/AV:N/AC:H/PR:L/UI:R/S:U/C:N/I:N/A:H,GHSA-rjx6-v474-2ch9,
,lockfile,tensorflow-cpu,2.7.4,PyPI,GHSA-rmg2-f698-wq35,MODERATE,"BIT-tensorflow-2022-41896,CVE-2022-41896","CWE-1284,CWE-20",CVSS:3.1/AV:N/AC:H/PR:L/UI:R/S:U/C:N/I:N/A:H,GHSA-rmg2-f698-wq35,
,lockfile,tensorflow-cpu,2.7.4,PyPI,GHSA-xf83-q765-xm6m,LOW,,,,GHSA-xf83-q765-xm6m,
,lockfile,tensorflow-cpu,2.7.4,PyPI,GHSA-xvwp-h6jv-7472,HIGH,"BIT-tensorflow-2022-41900,CVE-2022-41900","CWE-125,CWE-787",CVSS:3.1/AV:N/AC:H/PR:L/UI:R/S:U/C:H/I:H/A:H,GHSA-xvwp-h6jv-7472,
,lockfile,tensorflow-cpu,2.7.4,PyPI,GHSA-xxcj-rhqg-m46g,MODERATE,"BIT-tensorflow-2022-41889,CVE-2022-41889",CWE-476,CVSS:3.1/AV:L/AC:L/PR:L/UI:N/S:U/C:N/I:N/A:H,GHSA-xxcj-rhqg-m46g,
,lockfile,tensorflow-cpu,2.7.4,PyPI,PYSEC-2022-101,,"BIT-tensorflow-2022-23592,CVE-2022-23592,GHSA-vq36-27g6-p492,PYSEC-2022-156",,,PYSEC-2022-101,
,lockfile,tensorflow-cpu,2.7.4,PyPI,PYSEC-2022-102,,"BIT-tensorflow-2022-23593,CVE-2022-23593,GHSA-gwcx-jrx4-92w2,PYSEC-2022-157",,,PYSEC-2022-102,
,lockfile,tensorflow-cpu,2.8.0,PyPI,GHSA-2475-53vw-vp25,MODERATE,"BIT-tensorflow-2022-35968,CVE-2022-35968",CWE-617,CVSS:3.1/AV:N/AC:H/PR:N/UI:N/S:U/C:N/I:N/A:H,GHSA-2475-53vw-vp25,
,lockfile,tensorflow-cpu,2.8.0,PyPI,GHSA-27rc-728f-x5w2,MODERATE,"BIT-tensorflow-2022-41899,CVE-2022-41899","CWE-20,CWE-617",CVSS:3.1/AV:N/AC:H/PR:L/UI:R/S:U/C:N/I:N/A:H,GHSA-27rc-728f-x5w2,
,lockfile,tensorflow-cpu,2.8.0,PyPI,GHSA-2p9q-h29j-3f5v,MODERATE,"BIT-tensorflow-2022-29193,CVE-2022-29193",CWE-20,CVSS:3.1/AV:L/AC:L/PR:L/UI:N/S:U/C:N/I:N/A:H,GHSA-2p9q-h29j-3f5v,
,lockfile,tensorflow-cpu,2.8.0,PyPI,GHSA-2r2f-g8mw-9gvr,HIGH,"BIT-tensorflow-2022-29208,CVE-2022-29208",CWE-787,CVSS:3.1/AV:L/AC:L/PR:L/UI:N/S:U/C:N/I:H/A:H,GHSA-2r2f-g8mw-9gvr,
,lockfile,tensorflow-cpu,2.8.0,PyPI,GHSA-2vv3-56qg-g2cf,MODERATE,"BIT-tensorflow-2022-29200,CVE-2022-29200","CWE-1284,CWE-20",CVSS:3.1/AV:L/AC:L/PR:L/UI:N/S:U/C:N/I:N/A:H,GHSA-2vv3-56qg-g2cf,
,lockfile,tensorflow-cpu,2.8.0,PyPI,GHSA-368v-7v32-52fx,MODERATE,"BIT-tensorflow-2022-41907,CVE-2022-41907",CWE-131,CVSS:3.1/AV:N/AC:H/PR:L/UI:R/S:U/C:N/I:N/A:H,GHSA-368v-7v32-52fx,
,lockfile,tensorflow-cpu,2.8.0,PyPI,GHSA-37jf-mjv6-xfqw,MODERATE,"BIT-tensorflow-2022-35999,CVE-2022-35999",CWE-617,CVSS:3.1/AV:N/AC:H/PR:N/UI:N/S:U/C:N/I:N/A:H,GHSA-37jf-mjv6-xfqw,
,lockfile,tensorflow-cpu,2.8.0,PyPI,GHSA-397c-5g2j-qxpv,MODERATE,"BIT-tensorflow-2022-35982,CVE-2022-35982",CWE-20,CVSS:3.1/AV:N/AC:H/PR:N/UI:N/S:U/C:N/I:N/A:H,GHSA-397c-5g2j-qxpv,
,lockfile,tensorflow-cpu,2.8.0,PyPI,GHSA-49rq-hwc3-x77w,HIGH,"BIT-tensorflow-2023-25670,CVE-2023-25670",CWE-476,CVSS:3.1/AV:N/AC:L/PR:N/UI:N/S:U/C:N/I:N/A:H,GHSA-49rq-hwc3-x77w,
,lockfile,tensorflow-cpu,2.8.0,PyPI,GHSA-4pc4-m9mj-v2r9,MODERATE,"BIT-tensorflow-2022-35972,CVE-2022-35972",CWE-20,CVSS:3.1/AV:N/AC:H/PR:N/UI:N/S:U/C:N/I:N/A:H,GHSA-4pc4-m9mj-v2r9,
,lockfile,tensorflow-cpu,2.8.0,PyPI,GHSA-4w68-4x85-mjj9,MODERATE,"BIT-tensorflow-2022-35966,CVE-2022-35966",CWE-20,CVSS:3.1/AV:N/AC:H/PR:N/UI:N/S:U/C:N/I:N/A:H,GHSA-4w68-4x85-mjj9,
,lockfile,tensorflow-cpu,2.8.0,PyPI,GHSA-54ch-gjq5-4976,MODERATE,"BIT-tensorflow-2022-29205,CVE-2022-29205","CWE-476,CWE-908",CVSS:3.1/AV:L/AC:L/PR:L/UI:N/S:U/C:N/I:N/A:H,GHSA-54ch-gjq5-4976,
,lockfile,tensorflow-cpu,2.8.0,PyPI,GHSA-54pp-c6pp-7fpx,MODERATE,"BIT-tensorflow-2022-41886,CVE-2022-41886",CWE-131,CVSS:3.1/AV:N/AC:H/PR:L/UI:R/S:U/C:N/I:N/A:H,GHSA-54pp-c6pp-7fpx,
,lockfile,tensorflow-cpu,2.8.0,PyPI,GHSA-558h-mq8x-7q9g,HIGH,"BIT-tensorflow-2023-25665,CVE-2023-25665",CWE-476,CVSS:3.1/AV:N/AC:L/PR:N/UI:N/S:U/C:N/I:N/A:H,GHSA-558h-mq8x-7q9g,
,lockfile,tensorflow-cpu,2.8.0,PyPI,GHSA-5889-7v45-q28m,MODERATE,"BIT-tensorflow-2022-29213,CVE-2022-29213","CWE-20,CWE-617",CVSS:3.1/AV:L/AC:L/PR:L/UI:N/S:U/C:N/I:N/A:H,GHSA-5889-7v45-q28m,
,lockfile,tensorflow-cpu,2.8.0,PyPI,GHSA-5v77-j66x-4c4g,MODERATE,"BIT-tensorflow-2022-29196,CVE-2022-29196","CWE-1284,CWE-20",CVSS:3.1/AV:L/AC:L/PR:L/UI:N/S:U/C:N/I:N/A:H,GHSA-5v77-j66x-4c4g,
,lockfile,tensorflow-cpu,2.8.0,PyPI,GHSA-5w96-866f-6rm8,HIGH,"BIT-tensorflow-2023-27579,CVE-2023-27579",CWE-697,CVSS:3.1/AV:N/AC:L/PR:N/UI:N/S:U/C:N/I:N/A:H,GHSA-5w96-866f-6rm8,
,lockfile,tensorflow-cpu,2.8.0,PyPI,GHSA-5wpj-c6f7-24x8,MODERATE,"BIT-tensorflow-2022-29207,CVE-2022-29207","CWE-20,CWE-475",CVSS:3.1/AV:L/AC:L/PR:L/UI:N/S:U/C:N/I:N/A:H,GHSA-5wpj-c6f7-24x8,
,lockfile,tensorflow-cpu,2.8.0,PyPI,GHSA-647v-r7qq-24fh,HIGH,"BIT-tensorflow-2023-25673,CVE-2023-25673",CWE-697,CVSS:3.1/AV:N/AC:L/PR:N/UI:N/S:U/C:N/I:N/A:H,GHSA-647v-r7qq-24fh,
,lockfile,tensorflow-cpu,2.8.0,PyPI,GHSA-64jg-wjww-7c5w,HIGH,"BIT-tensorflow-2023-25663,CVE-2023-25663",CWE-476,CVSS:3.1/AV:N/AC:L/PR:N/UI:N/S:U/C:N/I:N/A:H,GHSA-64jg-wjww-7c5w,
,lockfile,tensorflow-cpu,2.8.0,PyPI,GHSA-66vq-54fq-6jvv,MODERATE,"BIT-tensorflow-2022-41891,CVE-2022-41891",CWE-20,CVSS:3.1/AV:N/AC:H/PR:L/UI:R/S:U/C:N/I:N/A:H,GHSA-66vq-54fq-6jvv,
,lockfile,tensorflow-cpu,2.8.0,PyPI,GHSA-67pf-62xr-q35m,MODERATE,"BIT-tensorflow-2022-41893,CVE-2022-41893",CWE-617,CVSS:3.1/AV:N/AC:H/PR:L/UI:R/S:U/C:N/I:N/A:H,GHSA-67pf-62xr-q35m,
,lockfile,tensorflow-cpu,2.8.0,PyPI,GHSA-689c-r7h2-fv9v,MODERATE,"BIT-tensorflow-2022-35973,CVE-2022-35973",CWE-20,CVSS:3.1/AV:N/AC:H/PR:N/UI:N/S:U/C:N/I:N/A:H,GHSA-689c-r7h2-fv9v,
,lockfile,tensorflow-cpu,2.8.0,PyPI,GHSA-68v3-g9cm-rmm6,HIGH,"BIT-tensorflow-2023-25658,CVE-2023-25658",CWE-125,CVSS:3.1/AV:N/AC:L/PR:N/UI:N/S:U/C:N/I:N/A:H,GHSA-68v3-g9cm-rmm6,
,lockfile,tensorflow-cpu,2.8.0,PyPI,GHSA-6hg6-5c2q-7rcr,HIGH,"BIT-tensorflow-2023-25664,CVE-2023-25664","CWE-120,CWE-122",CVSS:3.1/AV:N/AC:L/PR:N/UI:N/S:U/C:N/I:N/A:H,GHSA-6hg6-5c2q-7rcr,
,lockfile,tensorflow-cpu,2.8.0,PyPI,GHSA-6wfh-89q8-44jq,HIGH,"BIT-tensorflow-2023-25676,CVE-2023-25676",CWE-476,CVSS:3.1/AV:N/AC:L/PR:N/UI:N/S:U/C:N/I:N/A:H,GHSA-6wfh-89q8-44jq,
,lockfile,tensorflow-cpu,2.8.0,PyPI,GHSA-6x99-gv2v-q76v,MODERATE,"BIT-tensorflow-2022-41888,CVE-2022-41888",CWE-20,CVSS:3.1/AV:N/AC:H/PR:L/UI:R/S:U/C:N/I:N/A:H,GHSA-6x99-gv2v-q76v,
,lockfile,tensorflow-cpu,2.8.0,PyPI,GHSA-75c9-jrh4-79mc,HIGH,"BIT-tensorflow-2022-29216,CVE-2022-29216",CWE-94,CVSS:3.1/AV:L/AC:L/PR:L/UI:N/S:U/C:H/I:H/A:H,GHSA-75c9-jrh4-79mc,
,lockfile,tensorflow-cpu,2.8.0,PyPI,GHSA-762h-vpvw-3rcx,MODERATE,"BIT-tensorflow-2022-41885,CVE-2022-41885",CWE-131,CVSS:3.1/AV:N/AC:H/PR:L/UI:R/S:U/C:N/I:N/A:H,GHSA-762h-vpvw-3rcx,
,lockfile,tensorflow-cpu,2.8.0,PyPI,GHSA-79h2-q768-fpxr,MODERATE,"BIT-tensorflow-2022-36027,CVE-2022-36027",CWE-20,CVSS:3.1/AV:N/AC:H/PR:N/UI:N/S:U/C:N/I:N/A:H,GHSA-79h2-q768-fpxr,
,lockfile,tensorflow-cpu,2.8.0,PyPI,GHSA-7j3m-8g3c-9qqq,MODERATE,"BIT-tensorflow-2022-36014,CVE-2022-36014",CWE-476,CVSS:3.1/AV:N/AC:H/PR:N/UI:N/S:U/C:N/I:N/A:H,GHSA-7j3m-8g3c-9qqq,
,lockfile,tensorflow-cpu,2.8.0,PyPI,GHSA-7jvm-xxmr-v5cw,HIGH,"BIT-tensorflow-2023-25662,CVE-2023-25662",CWE-190,CVSS:3.1/AV:N/AC:L/PR:N/UI:N/S:U/C:N/I:N/A:H,GHSA-7jvm-xxmr-v5cw,
,lockfile,tensorflow-cpu,2.8.0,PyPI,GHSA-7x4v-9gxg-9hwj,HIGH,"BIT-tensorflow-2023-25675,CVE-2023-25675",CWE-697,CVSS:3.1/AV:N/AC:L/PR:N/UI:N/S:U/C:N/I:N/A:H,GHSA-7x4v-9gxg-9hwj,
,lockfile,tensorflow-cpu,2.8.0,PyPI,GHSA-828c-5j5q-vrjq,MODERATE,"BIT-tensorflow-2022-36013,CVE-2022-36013",CWE-476,CVSS:3.1/AV:N/AC:H/PR:N/UI:N/S:U/C:N/I:N/A:H,GHSA-828c-5j5q-vrjq,
,lockfile,tensorflow-cpu,2.8.0,PyPI,GHSA-84jm-4cf3-9jfm,MODERATE,"BIT-tensorflow-2022-35963,CVE-2022-35963",CWE-617,CVSS:3.1/AV:N/AC:H/PR:N/UI:N/S:U/C:N/I:N/A:H,GHSA-84jm-4cf3-9jfm,
,lockfile,tensorflow-cpu,2.8.0,PyPI,GHSA-8fvv-46hw-vpg3,MODERATE,"BIT-tensorflow-2022-41887,CVE-2022-41887",CWE-131,CVSS:3.1/AV:N/AC:H/PR:L/UI:R/S:U/C:N/I:N/A:H,GHSA-8fvv-46hw-vpg3,
,lockfile,tensorflow-cpu,2.8.0,PyPI,GHSA-8w5g-3wcv-9g2j,MODERATE,"BIT-tensorflow-2022-41880,CVE-2022-41880",CWE-125,CVSS:3.1/AV:N/AC:L/PR:L/UI:R/S:U/C:L/I:L/A:H,GHSA-8w5g-3wcv-9g2j,
,lockfile,tensorflow-cpu,2.8.0,PyPI,GHSA-8wwm-6264-x792,MODERATE,"BIT-tensorflow-2022-29212,CVE-2022-29212",CWE-20,CVSS:3.1/AV:L/AC:L/PR:L/UI:N/S:U/C:N/I:N/A:H,GHSA-8wwm-6264-x792,
,lockfile,tensorflow-cpu,2.8.0,PyPI,GHSA-93vr-9q9m-pj8p,HIGH,"BIT-tensorflow-2023-25659,CVE-2023-25659",CWE-125,CVSS:3.1/AV:N/AC:L/PR:N/UI:N/S:U/C:N/I:N/A:H,GHSA-93vr-9q9m-pj8p,
,lockfile,tensorflow-cpu,2.8.0,PyPI,GHSA-94mm-g2mv-8p7r,HIGH,"BIT-tensorflow-2023-25672,CVE-2023-25672",CWE-476,CVSS:3.1/AV:N/AC:L/PR:N/UI:N/S:U/C:N/I:N/A:H,GHSA-94mm-g2mv-8p7r,
,lockfile,tensorflow-cpu,2.8.0,PyPI,GHSA-97p7-w86h-vcf9,MODERATE,"BIT-tensorflow-2022-35935,CVE-2022-35935",CWE-617,CVSS:3.1/AV:N/AC:H/PR:N/UI:N/S:U/C:N/I:N/A:H,GHSA-97p7-w86h-vcf9,
,lockfile,tensorflow-cpu,2.8.0,PyPI,GHSA-9942-r22v-78cp,MODERATE,"BIT-tensorflow-2022-35985,CVE-2022-35985",CWE-617,CVSS:3.1/AV:N/AC:H/PR:N/UI:N/S:U/C:N/I:N/A:H,GHSA-9942-r22v-78cp,
,lockfile,tensorflow-cpu,2.8.0,PyPI,GHSA-9cr2-8pwr-fhfq,MODERATE,"BIT-tensorflow-2022-36026,CVE-2022-36026",CWE-617,CVSS:3.1/AV:N/AC:H/PR:N/UI:N/S:U/C:N/I:N/A:H,GHSA-9cr2-8pwr-fhfq,
,lockfile,tensorflow-cpu,2.8.0,PyPI,GHSA-9fpg-838v-wpv7,MODERATE,"BIT-tensorflow-2022-35971,CVE-2022-35971",CWE-617,CVSS:3.1/AV:N/AC:H/PR:N/UI:N/S:U/C:N/I:N/A:H,GHSA-9fpg-838v-wpv7,
,lockfile,tensorflow-cpu,2.8.0,PyPI,GHSA-9j4v-pp28-mxv7,MODERATE,"BIT-tensorflow-2022-36019,CVE-2022-36019",CWE-617,CVSS:3.1/AV:N/AC:H/PR:N/UI:N/S:U/C:N/I:N/A:H,GHSA-9j4v-pp28-mxv7,
,lockfile,tensorflow-cpu,2.8.0,PyPI,GHSA-9v8w-xmr4-wgxp,MODERATE,"BIT-tensorflow-2022-35992,CVE-2022-35992",CWE-617,CVSS:3.1/AV:N/AC:H/PR:N/UI:N/S:U/C:N/I:N/A:H,GHSA-9v8w-xmr4-wgxp,
,lockfile,tensorflow-cpu,2.8.0,PyPI,GHSA-9vqj-64pv-w55c,MODERATE,"BIT-tensorflow-2022-35988,CVE-2022-35988",CWE-617,CVSS:3.1/AV:N/AC:H/PR:N/UI:N/S:U/C:N/I:N/A:H,GHSA-9vqj-64pv-w55c,
,lockfile,tensorflow-cpu,2.8.0,PyPI,GHSA-cg88-rpvp-cjv5,HIGH,"BIT-tensorflow-2022-41902,CVE-2022-41902","CWE-125,CWE-787",CVSS:3.1/AV:N/AC:H/PR:L/UI:R/S:U/C:H/I:H/A:H,GHSA-cg88-rpvp-cjv5,
,lockfile,tensorflow-cpu,2.8.0,PyPI,GHSA-cqvq-fvhr-v6hc,LOW,,,,GHSA-cqvq-fvhr-v6hc,
,lockfile,tensorflow-cpu,2.8.0,PyPI,GHSA-cv2p-32v3-vhwq,MODERATE,"BIT-tensorflow-2022-36003,CVE-2022-36003",CWE-617,CVSS:3.1/AV:N/AC:H/PR:N/UI:N/S:U/C:N/I:N/A:H,GHSA-cv2p-32v3-vhwq,
,lockfile,tensorflow-cpu,2.8.0,PyPI,GHSA-cwpm-f78v-7m5c,MODERATE,"BIT-tensorflow-2022-29202,CVE-2022-29202","CWE-1284,CWE-20,CWE-400",CVSS:3.1/AV:L/AC:L/PR:L/UI:N/S:U/C:N/I:N/A:H,GHSA-cwpm-f78v-7m5c,
,lockfile,tensorflow-cpu,2.8.0,PyPI,GHSA-f2w8-jw48-fr7j,MODERATE,"BIT-tensorflow-2022-41897,CVE-2022-41897",CWE-125,CVSS:3.1/AV:N/AC:H/PR:L/UI:R/S:U/C:N/I:N/A:H,GHSA-f2w8-jw48-fr7j,
,lockfile,tensorflow-cpu,2.8.0,PyPI,GHSA-f49c-87jh-g47q,HIGH,"BIT-tensorflow-2023-25801,CVE-2023-25801",CWE-415,CVSS:3.1/AV:L/AC:L/PR:N/UI:N/S:U/C:L/I:H/A:H,GHSA-f49c-87jh-g47q,
,lockfile,tensorflow-cpu,2.8.0,PyPI,GHSA-f4rr-5m7v-wxcw,MODERATE,"BIT-tensorflow-2022-29209,CVE-2022-29209",CWE-843,CVSS:3.1/AV:L/AC:L/PR:L/UI:N/S:U/C:N/I:N/A:H,GHSA-f4rr-5m7v-wxcw,
,lockfile,tensorflow-cpu,2.8.0,PyPI,GHSA-f4w6-h4f5-wx45,MODERATE,"BIT-tensorflow-2022-35934,CVE-2022-35934",CWE-617,CVSS:3.1/AV:N/AC:H/PR:N/UI:N/S:U/C:N/I:N/A:H,GHSA-f4w6-h4f5-wx45,
,lockfile,tensorflow-cpu,2.8.0,PyPI,GHSA-f637-vh3r-vfh2,HIGH,"BIT-tensorflow-2023-25666,CVE-2023-25666",CWE-697,CVSS:3.1/AV:N/AC:L/PR:N/UI:N/S:U/C:N/I:N/A:H,GHSA-f637-vh3r-vfh2,
,lockfile,tensorflow-cpu,2.8.0,PyPI,GHSA-f7r5-q7cx-h668,MODERATE,"BIT-tensorflow-2022-35964,CVE-2022-35964",CWE-20,CVSS:3.1/AV:N/AC:H/PR:N/UI:N/S:U/C:N/I:N/A:H,GHSA-f7r5-q7cx-h668,
,lockfile,tensorflow-cpu,2.8.0,PyPI,GHSA-ffjm-4qwc-7cmf,HIGH,"BIT-tensorflow-2022-35939,CVE-2022-35939",CWE-787,CVSS:3.1/AV:N/AC:H/PR:N/UI:N/S:U/C:L/I:L/A:H,GHSA-ffjm-4qwc-7cmf,
,lockfile,tensorflow-cpu,2.8.0,PyPI,GHSA-fhfc-2q7x-929f,MODERATE,"BIT-tensorflow-2022-35994,CVE-2022-35994",CWE-617,CVSS:3.1/AV:N/AC:H/PR:N/UI:N/S:U/C:N/I:N/A:H,GHSA-fhfc-2q7x-929f,
,lockfile,tensorflow-cpu,2.8.0,PyPI,GHSA-fqm2-gh8w-gr68,MODERATE,"BIT-tensorflow-2023-25667,CVE-2023-25667",CWE-190,CVSS:3.1/AV:N/AC:L/PR:N/UI:R/S:U/C:N/I:N/A:H,GHSA-fqm2-gh8w-gr68,
,lockfile,tensorflow-cpu,2.8.0,PyPI,GHSA-fqxc-pvf8-2w9v,MODERATE,"BIT-tensorflow-2022-36000,CVE-2022-36000",CWE-476,CVSS:3.1/AV:N/AC:H/PR:N/UI:N/S:U/C:N/I:N/A:H,GHSA-fqxc-pvf8-2w9v,
,lockfile,tensorflow-cpu,2.8.0,PyPI,GHSA-frqp-wp83-qggv,MODERATE,"BIT-tensorflow-2022-41910,CVE-2022-41910",CWE-125,CVSS:3.1/AV:N/AC:H/PR:L/UI:R/S:U/C:N/I:N/A:H,GHSA-frqp-wp83-qggv,
,lockfile,tensorflow-cpu,2.8.0,PyPI,GHSA-fv25-wrff-wf86,MODERATE,"BIT-tensorflow-2022-29191,CVE-2022-29191",CWE-20,CVSS:3.1/AV:L/AC:L/PR:L/UI:N/S:U/C:N/I:N/A:H,GHSA-fv25-wrff-wf86,
,lockfile,tensorflow-cpu,2.8.0,PyPI,GHSA-fv43-93gv-vm8f,MODERATE,"BIT-tensorflow-2022-36011,CVE-2022-36011",CWE-476,CVSS:3.1/AV:N/AC:H/PR:N/UI:N/S:U/C:N/I:N/A:H,GHSA-fv43-93gv-vm8f,
,lockfile,tensorflow-cpu,2.8.0,PyPI,GHSA-fxgc-95xx-grvq,MODERATE,"BIT-tensorflow-2023-25661,CVE-2023-25661",CWE-20,CVSS:3.1/AV:N/AC:L/PR:L/UI:N/S:U/C:N/I:N/A:H,GHSA-fxgc-95xx-grvq,
,lockfile,tensorflow-cpu,2.8.0,PyPI,GHSA-g35r-369w-3fqp,MODERATE,"BIT-tensorflow-2022-35970,CVE-2022-35970",CWE-20,CVSS:3.1/AV:N/AC:H/PR:N/UI:N/S:U/C:N/I:N/A:H,GHSA-g35r-369w-3fqp,
,lockfile,tensorflow-cpu,2.8.0,PyPI,GHSA-g468-qj8g-vcjc,LOW,"BIT-tensorflow-2022-36016,CVE-2022-36016",CWE-617,,GHSA-g468-qj8g-vcjc,
,lockfile,tensorflow-cpu,2.8.0,PyPI,GHSA-g9fm-r5mm-rf9f,MODERATE,"BIT-tensorflow-2022-41901,CVE-2022-41901","CWE-20,CWE-617",CVSS:3.1/AV:N/AC:H/PR:L/UI:R/S:U/C:N/I:N/A:H,GHSA-g9fm-r5mm-rf9f,
,lockfile,tensorflow-cpu,2.8.0,PyPI,GHSA-g9h5-vr8m-x2h4,MODERATE,"BIT-tensorflow-2022-35995,CVE-2022-35995",CWE-617,CVSS:3.1/AV:N/AC:H/PR:N/UI:N/S:U/C:N/I:N/A:H,GHSA-g9h5-vr8m-x2h4,
,lockfile,tensorflow-cpu,2.8.0,PyPI,GHSA-gf97-q72m-7579,HIGH,"BIT-tensorflow-2023-25674,CVE-2023-25674",CWE-476,CVSS:3.1/AV:N/AC:L/PR:N/UI:N/S:U/C:N/I:N/A:H,GHSA-gf97-q72m-7579,
,lockfile,tensorflow-cpu,2.8.0,PyPI,GHSA-gjh7-xx4r-x345,HIGH,"BIT-tensorflow-2023-33976,CVE-2023-33976",CWE-190,CVSS:4.0/AV:N/AC:L/AT:N/PR:N/UI:N/VC:N/VI:N/VA:H/SC:N/SI:N/SA:N,GHSA-gjh7-xx4r-x345,
,lockfile,tensorflow-cpu,2.8.0,PyPI,GHSA-gq2j-cr96-gvqx,MODERATE,"BIT-tensorflow-2022-41895,CVE-2022-41895",CWE-125,CVSS:3.1/AV:N/AC:H/PR:L/UI:R/S:U/C:N/I:N/A:H,GHSA-gq2j-cr96-gvqx,
,lockfile,tensorflow-cpu,2.8.0,PyPI,GHSA-gw97-ff7c-9v96,CRITICAL,"BIT-tensorflow-2023-25668,CVE-2023-25668","CWE-122,CWE-125",CVSS:3.1/AV:N/AC:L/PR:N/UI:N/S:U/C:H/I:H/A:H,GHSA-gw97-ff7c-9v96,
,lockfile,tensorflow-cpu,2.8.0,PyPI,GHSA-h246-cgh4-7475,MODERATE,"BIT-tensorflow-2022-41890,CVE-2022-41890",CWE-704,CVSS:3.1/AV:N/AC:H/PR:L/UI:R/S:U/C:N/I:N/A:H,GHSA-h246-cgh4-7475,
,lockfile,tensorflow-cpu,2.8.0,PyPI,GHSA-h2wq-prv9-2f56,MODERATE,"BIT-tensorflow-2022-29192,CVE-2022-29192",CWE-20,CVSS:3.1/AV:L/AC:L/PR:L/UI:N/S:U/C:N/I:N/A:H,GHSA-h2wq-prv9-2f56,
,lockfile,tensorflow-cpu,2.8.0,PyPI,GHSA-h48f-q7rw-hvr7,MODERATE,"BIT-tensorflow-2022-29195,CVE-2022-29195",CWE-20,CVSS:3.1/AV:L/AC:L/PR:L/UI:N/S:U/C:N/I:N/A:H,GHSA-h48f-q7rw-hvr7,
,lockfile,tensorflow-cpu,2.8.0,PyPI,GHSA-h5g4-ppwx-48q2,MODERATE,"BIT-tensorflow-2022-29194,CVE-2022-29194",CWE-20,CVSS:3.1/AV:L/AC:L/PR:L/UI:N/S:U/C:N/I:N/A:H,GHSA-h5g4-ppwx-48q2,
,lockfile,tensorflow-cpu,2.8.0,PyPI,GHSA-h5vq-gw2c-pq47,MODERATE,"BIT-tensorflow-2022-35952,CVE-2022-35952",CWE-617,CVSS:3.1/AV:N/AC:H/PR:N/UI:N/S:U/C:N/I:N/A:H,GHSA-h5vq-gw2c-pq47,
,lockfile,tensorflow-cpu,2.8.0,PyPI,GHSA-h7ff-cfc9-wmmh,MODERATE,"BIT-tensorflow-2022-35990,CVE-2022-35990",CWE-617,CVSS:3.1/AV:N/AC:H/PR:N/UI:N/S:U/C:N/I:N/A:H,GHSA-h7ff-cfc9-wmmh,
,lockfile,tensorflow-cpu,2.8.0,PyPI,GHSA-hc2f-7r5r-r2hg,MODERATE,"BIT-tensorflow-2022-29210,CVE-2022-29210","CWE-120,CWE-787",CVSS:3.1/AV:L/AC:L/PR:L/UI:N/S:U/C:N/I:N/A:H,GHSA-hc2f-7r5r-r2hg,
,lockfile,tensorflow-cpu,2.8.0,PyPI,GHSA-hq7g-wwwp-q46h,MODERATE,"BIT-tensorflow-2022-41898,CVE-2022-41898",CWE-20,CVSS:3.1/AV:N/AC:H/PR:L/UI:R/S:U/C:N/I:N/A:H,GHSA-hq7g-wwwp-q46h,
,lockfile,tensorflow-cpu,2.8.0,PyPI,GHSA-hrg5-737c-2p56,MODERATE,"BIT-tensorflow-2022-29197,CVE-2022-29197",CWE-20,CVSS:3.1/AV:L/AC:L/PR:L/UI:N/S:U/C:N/I:N/A:H,GHSA-hrg5-737c-2p56,
,lockfile,tensorflow-cpu,2.8.0,PyPI,GHSA-hx9q-2mx4-m4pg,MODERATE,"BIT-tensorflow-2022-29204,CVE-2022-29204","CWE-191,CWE-20",CVSS:3.1/AV:L/AC:L/PR:L/UI:N/S:U/C:N/I:N/A:H,GHSA-hx9q-2mx4-m4pg,
,lockfile,tensorflow-cpu,2.8.0,PyPI,GHSA-j43h-pgmg-5hjq,MODERATE,"BIT-tensorflow-2022-35989,CVE-2022-35989",CWE-617,CVSS:3.1/AV:N/AC:H/PR:N/UI:N/S:U/C:N/I:N/A:H,GHSA-j43h-pgmg-5hjq,
,lockfile,tensorflow-cpu,2.8.0,PyPI,GHSA-j5w9-hmfh-4cr6,HIGH,"BIT-tensorflow-2023-25671,CVE-2023-25671",CWE-787,CVSS:3.1/AV:N/AC:L/PR:N/UI:N/S:U/C:N/I:N/A:H,GHSA-j5w9-hmfh-4cr6,
,lockfile,tensorflow-cpu,2.8.0,PyPI,GHSA-jjm6-4vf7-cjh4,MODERATE,"BIT-tensorflow-2022-29203,CVE-2022-29203",CWE-190,CVSS:3.1/AV:L/AC:L/PR:L/UI:N/S:U/C:N/I:N/A:H,GHSA-jjm6-4vf7-cjh4,
,lockfile,tensorflow-cpu,2.8.0,PyPI,GHSA-jq6x-99hj-q636,MODERATE,"BIT-tensorflow-2022-41884,CVE-2022-41884",CWE-670,CVSS:3.1/AV:N/AC:H/PR:L/UI:R/S:U/C:N/I:N/A:H,GHSA-jq6x-99hj-q636,
,lockfile,tensorflow-cpu,2.8.0,PyPI,GHSA-jqm7-m5q7-3hm5,MODERATE,"BIT-tensorflow-2022-36001,CVE-2022-36001",CWE-617,CVSS:3.1/AV:N/AC:H/PR:N/UI:N/S:U/C:N/I:N/A:H,GHSA-jqm7-m5q7-3hm5,
,lockfile,tensorflow-cpu,2.8.0,PyPI,GHSA-jvhc-5hhr-w3v5,MODERATE,"BIT-tensorflow-2022-36012,CVE-2022-36012",CWE-617,CVSS:3.1/AV:N/AC:H/PR:N/UI:N/S:U/C:N/I:N/A:H,GHSA-jvhc-5hhr-w3v5,
,lockfile,tensorflow-cpu,2.8.0,PyPI,GHSA-m6cv-4fmf-66xf,MODERATE,"BIT-tensorflow-2022-36018,CVE-2022-36018",CWE-617,CVSS:3.1/AV:N/AC:H/PR:N/UI:N/S:U/C:N/I:N/A:H,GHSA-m6cv-4fmf-66xf,
,lockfile,tensorflow-cpu,2.8.0,PyPI,GHSA-m6vp-8q9j-whx4,MODERATE,"BIT-tensorflow-2022-35983,CVE-2022-35983",CWE-617,CVSS:3.1/AV:N/AC:H/PR:N/UI:N/S:U/C:N/I:N/A:H,GHSA-m6vp-8q9j-whx4,
,lockfile,tensorflow-cpu,2.8.0,PyPI,GHSA-mg66-qvc5-rm93,MODERATE,"BIT-tensorflow-2022-29198,CVE-2022-29198",CWE-20,CVSS:3.1/AV:L/AC:L/PR:L/UI:N/S:U/C:N/I:N/A:H,GHSA-mg66-qvc5-rm93,
,lockfile,tensorflow-cpu,2.8.0,PyPI,GHSA-mgmh-g2v6-mqw5,MODERATE,"BIT-tensorflow-2022-35941,CVE-2022-35941",CWE-617,CVSS:3.1/AV:N/AC:H/PR:N/UI:N/S:U/C:N/I:N/A:H,GHSA-mgmh-g2v6-mqw5,
,lockfile,tensorflow-cpu,2.8.0,PyPI,GHSA-mh3m-62v7-68xg,MODERATE,"BIT-tensorflow-2022-36002,CVE-2022-36002",CWE-617,CVSS:3.1/AV:N/AC:H/PR:N/UI:N/S:U/C:N/I:N/A:H,GHSA-mh3m-62v7-68xg,
,lockfile,tensorflow-cpu,2.8.0,PyPI,GHSA-mv77-9g28-cwg3,MODERATE,"BIT-tensorflow-2022-41908,CVE-2022-41908",CWE-20,CVSS:3.1/AV:N/AC:H/PR:L/UI:R/S:U/C:N/I:N/A:H,GHSA-mv77-9g28-cwg3,
,lockfile,tensorflow-cpu,2.8.0,PyPI,GHSA-mv8m-8x97-937q,MODERATE,"BIT-tensorflow-2022-36004,CVE-2022-36004",CWE-617,CVSS:3.1/AV:N/AC:H/PR:N/UI:N/S:U/C:N/I:N/A:H,GHSA-mv8m-8x97-937q,
,lockfile,tensorflow-cpu,2.8.0,PyPI,GHSA-mw6j-hh29-h379,MODERATE,,CWE-190,,GHSA-mw6j-hh29-h379,
,lockfile,tensorflow-cpu,2.8.0,PyPI,GHSA-p2xf-8hgm-hpw5,MODERATE,"BIT-tensorflow-2022-35984,CVE-2022-35984",CWE-617,CVSS:3.1/AV:N/AC:H/PR:N/UI:N/S:U/C:N/I:N/A:H,GHSA-p2xf-8hgm-hpw5,
,lockfile,tensorflow-cpu,2.8.0,PyPI,GHSA-p7hr-f446-x6qf,MODERATE,"BIT-tensorflow-2022-35997,CVE-2022-35997",CWE-617,CVSS:3.1/AV:N/AC:H/PR:N/UI:N/S:U/C:N/I:N/A:H,GHSA-p7hr-f446-x6qf,
,lockfile,tensorflow-cpu,2.8.0,PyPI,GHSA-p9rc-rmr5-529j,MODERATE,"BIT-tensorflow-2022-29199,CVE-2022-29199",CWE-20,CVSS:3.1/AV:L/AC:L/PR:L/UI:N/S:U/C:N/I:N/A:H,GHSA-p9rc-rmr5-529j,
,lockfile,tensorflow-cpu,2.8.0,PyPI,GHSA-pf36-r9c6-h97j,MODERATE,"BIT-tensorflow-2022-41911,CVE-2022-41911",CWE-704,CVSS:3.1/AV:N/AC:H/PR:L/UI:R/S:U/C:N/I:N/A:H,GHSA-pf36-r9c6-h97j,
,lockfile,tensorflow-cpu,2.8.0,PyPI,GHSA-pqhm-4wvf-2jg8,MODERATE,"BIT-tensorflow-2022-29201,CVE-2022-29201","CWE-20,CWE-476",CVSS:3.1/AV:L/AC:L/PR:L/UI:N/S:U/C:N/I:N/A:H,GHSA-pqhm-4wvf-2jg8,
,lockfile,tensorflow-cpu,2.8.0,PyPI,GHSA-pxrw-j2fv-hx3h,HIGH,"BIT-tensorflow-2022-35937,CVE-2022-35937",CWE-125,CVSS:3.1/AV:N/AC:H/PR:N/UI:N/S:U/C:L/I:L/A:H,GHSA-pxrw-j2fv-hx3h,
,lockfile,tensorflow-cpu,2.8.0,PyPI,GHSA-q2c3-jpmc-gfjx,MODERATE,"BIT-tensorflow-2022-35969,CVE-2022-35969",,CVSS:3.1/AV:N/AC:H/PR:N/UI:N/S:U/C:N/I:N/A:H,GHSA-q2c3-jpmc-gfjx,
,lockfile,tensorflow-cpu,2.8.0,PyPI,GHSA-q5jv-m6qw-5g37,MODERATE,"BIT-tensorflow-2022-35996,CVE-2022-35996",CWE-369,CVSS:3.1/AV:N/AC:H/PR:N/UI:N/S:U/C:N/I:N/A:H,GHSA-q5jv-m6qw-5g37,
,lockfile,tensorflow-cpu,2.8.0,PyPI,GHSA-qjqc-vqcf-5qvj,HIGH,"BIT-tensorflow-2023-25660,CVE-2023-25660",CWE-476,CVSS:3.1/AV:N/AC:L/PR:N/UI:N/S:U/C:N/I:N/A:H,GHSA-qjqc-vqcf-5qvj,
,lockfile,tensorflow-cpu,2.8.0,PyPI,GHSA-qxpx-j395-pw36,MODERATE,"BIT-tensorflow-2022-35965,CVE-2022-35965",CWE-476,CVSS:3.1/AV:N/AC:H/PR:N/UI:N/S:U/C:N/I:N/A:H,GHSA-qxpx-j395-pw36,
,lockfile,tensorflow-cpu,2.8.0,PyPI,GHSA-r26c-679w-mrjm,MODERATE,"BIT-tensorflow-2022-36005,CVE-2022-36005",CWE-617,CVSS:3.1/AV:N/AC:H/PR:N/UI:N/S:U/C:N/I:N/A:H,GHSA-r26c-679w-mrjm,
,lockfile,tensorflow-cpu,2.8.0,PyPI,GHSA-rc9w-5c64-9vqq,MODERATE,"BIT-tensorflow-2022-29206,CVE-2022-29206","CWE-20,CWE-476",CVSS:3.1/AV:L/AC:L/PR:L/UI:N/S:U/C:N/I:N/A:H,GHSA-rc9w-5c64-9vqq,
,lockfile,tensorflow-cpu,2.8.0,PyPI,GHSA-rcf8-g8jv-vg6p,HIGH,"BIT-tensorflow-2023-25669,CVE-2023-25669",CWE-697,CVSS:3.1/AV:N/AC:L/PR:N/UI:N/S:U/C:N/I:N/A:H,GHSA-rcf8-g8jv-vg6p,
,lockfile,tensorflow-cpu,2.8.0,PyPI,GHSA-rh87-q4vg-m45j,LOW,"BIT-tensorflow-2022-36015,CVE-2022-36015",CWE-190,,GHSA-rh87-q4vg-m45j,
,lockfile,tensorflow-cpu,2.8.0,PyPI,GHSA-rjx6-v474-2ch9,MODERATE,"BIT-tensorflow-2022-41909,CVE-2022-41909","CWE-20,CWE-476",CVSS:3.1/AV:N/AC:H/PR:L/UI:R/S:U/C:N/I:N/A:H,GHSA-rjx6-v474-2ch9,
,lockfile,tensorflow-cpu,2.8.0,PyPI,GHSA-rmg2-f698-wq35,MODERATE,"BIT-tensorflow-2022-41896,CVE-2022-41896","CWE-1284,CWE-20",CVSS:3.1/AV:N/AC:H/PR:L/UI:R/S:U/C:N/I:N/A:H,GHSA-rmg2-f698-wq35,
,lockfile,tensorflow-cpu,2.8.0,PyPI,GHSA-v5xg-3q2c-c2r4,MODERATE,"BIT-tensorflow-2022-35960,CVE-2022-35960",CWE-617,CVSS:3.1/AV:N/AC:H/PR:N/UI:N/S:U/C:N/I:N/A:H,GHSA-v5xg-3q2c-c2r4,
,lockfile,tensorflow-cpu,2.8.0,PyPI,GHSA-v6h3-348g-6h5x,MODERATE,"BIT-tensorflow-2022-35967,CVE-2022-35967",CWE-20,CVSS:3.1/AV:N/AC:H/PR:N/UI:N/S:U/C:N/I:N/A:H,GHSA-v6h3-348g-6h5x,
,lockfile,tensorflow-cpu,2.8.0,PyPI,GHSA-v7vw-577f-vp8x,MODERATE,"BIT-tensorflow-2022-35979,CVE-2022-35979",CWE-20,CVSS:3.1/AV:N/AC:H/PR:N/UI:N/S:U/C:N/I:N/A:H,GHSA-v7vw-577f-vp8x,
,lockfile,tensorflow-cpu,2.8.0,PyPI,GHSA-vgvh-2pf4-jr2x,MODERATE,"BIT-tensorflow-2022-35974,CVE-2022-35974",CWE-20,CVSS:3.1/AV:N/AC:H/PR:N/UI:N/S:U/C:N/I:N/A:H,GHSA-vgvh-2pf4-jr2x,
,lockfile,tensorflow-cpu,2.8.0,PyPI,GHSA-vm7x-4qhj-rrcq,MODERATE,"BIT-tensorflow-2022-35991,CVE-2022-35991",CWE-617,CVSS:3.1/AV:N/AC:H/PR:N/UI:N/S:U/C:N/I:N/A:H,GHSA-vm7x-4qhj-rrcq,
,lockfile,tensorflow-cpu,2.8.0,PyPI,GHSA-vxv8-r8q2-63xw,MODERATE,"BIT-tensorflow-2022-35981,CVE-2022-35981",CWE-617,CVSS:3.1/AV:N/AC:H/PR:N/UI:N/S:U/C:N/I:N/A:H,GHSA-vxv8-r8q2-63xw,
,lockfile,tensorflow-cpu,2.8.0,PyPI,GHSA-w62h-8xjm-fv49,MODERATE,"BIT-tensorflow-2022-35987,CVE-2022-35987",CWE-617,CVSS:3.1/AV:N/AC:H/PR:N/UI:N/S:U/C:N/I:N/A:H,GHSA-w62h-8xjm-fv49,
,lockfile,tensorflow-cpu,2.8.0,PyPI,GHSA-wq6q-6m32-9rv9,MODERATE,"BIT-tensorflow-2022-35993,CVE-2022-35993",CWE-617,CVSS:3.1/AV:N/AC:H/PR:N/UI:N/S:U/C:N/I:N/A:H,GHSA-wq6q-6m32-9rv9,
,lockfile,tensorflow-cpu,2.8.0,PyPI,GHSA-wqmc-pm8c-2jhc,MODERATE,"BIT-tensorflow-2022-36017,CVE-2022-36017",CWE-20,CVSS:3.1/AV:N/AC:H/PR:N/UI:N/S:U/C:N/I:N/A:H,GHSA-wqmc-pm8c-2jhc,
,lockfile,tensorflow-cpu,2.8.0,PyPI,GHSA-wxjj-cgcx-r3vq,MODERATE,"BIT-tensorflow-2022-35959,CVE-2022-35959",CWE-617,CVSS:3.1/AV:N/AC:H/PR:N/UI:N/S:U/C:N/I:N/A:H,GHSA-wxjj-cgcx-r3vq,
,lockfile,tensorflow-cpu,2.8.0,PyPI,GHSA-x989-q2pq-4q5x,MODERATE,"BIT-tensorflow-2022-35940,CVE-2022-35940",CWE-190,CVSS:3.1/AV:N/AC:H/PR:N/UI:N/S:U/C:N/I:N/A:H,GHSA-x989-q2pq-4q5x,
,lockfile,tensorflow-cpu,2.8.0,PyPI,GHSA-xf83-q765-xm6m,LOW,,,,GHSA-xf83-q765-xm6m,
,lockfile,tensorflow-cpu,2.8.0,PyPI,GHSA-xrp2-fhq4-4q3w,MODERATE,"BIT-tensorflow-2022-29211,CVE-2022-29211",CWE-20,CVSS:3.1/AV:L/AC:L/PR:L/UI:N/S:U/C:N/I:N/A:H,GHSA-xrp2-fhq4-4q3w,
,lockfile,tensorflow-cpu,2.8.0,PyPI,GHSA-xvwp-h6jv-7472,HIGH,"BIT-tensorflow-2022-41900,CVE-2022-41900","CWE-125,CWE-787",CVSS:3.1/AV:N/AC:H/PR:L/UI:R/S:U/C:H/I:H/A:H,GHSA-xvwp-h6jv-7472,
,lockfile,tensorflow-cpu,2.8.0,PyPI,GHSA-xxcj-rhqg-m46g,MODERATE,"BIT-tensorflow-2022-41889,CVE-2022-41889",CWE-476,CVSS:3.1/AV:L/AC:L/PR:L/UI:N/S:U/C:N/I:N/A:H,GHSA-xxcj-rhqg-m46g,
,lockfile,tensorflow-cpu,2.8.4,PyPI,GHSA-49rq-hwc3-x77w,HIGH,"BIT-tensorflow-2023-25670,CVE-2023-25670",CWE-476,CVSS:3.1/AV:N/AC:L/PR:N/UI:N/S:U/C:N/I:N/A:H,GHSA-49rq-hwc3-x77w,
,lockfile,tensorflow-cpu,2.8.4,PyPI,GHSA-558h-mq8x-7q9g,HIGH,"BIT-tensorflow-2023-25665,CVE-2023-25665",CWE-476,CVSS:3.1/AV:N/AC:L/PR:N/UI:N/S:U/C:N/I:N/A:H,GHSA-558h-mq8x-7q9g,
,lockfile,tensorflow-cpu,2.8.4,PyPI,GHSA-5w96-866f-6rm8,HIGH,"BIT-tensorflow-2023-27579,CVE-2023-27579",CWE-697,CVSS:3.1/AV:N/AC:L/PR:N/UI:N/S:U/C:N/I:N/A:H,GHSA-5w96-866f-6rm8,
,lockfile,tensorflow-cpu,2.8.4,PyPI,GHSA-647v-r7qq-24fh,HIGH,"BIT-tensorflow-2023-25673,CVE-2023-25673",CWE-697,CVSS:3.1/AV:N/AC:L/PR:N/UI:N/S:U/C:N/I:N/A:H,GHSA-647v-r7qq-24fh,
,lockfile,tensorflow-cpu,2.8.4,PyPI,GHSA-64jg-wjww-7c5w,HIGH,"BIT-tensorflow-2023-25663,CVE-2023-25663",CWE-476,CVSS:3.1/AV:N/AC:L/PR:N/UI:N/S:U/C:N/I:N/A:H,GHSA-64jg-wjww-7c5w,
,lockfile,tensorflow-cpu,2.8.4,PyPI,GHSA-68v3-g9cm-rmm6,HIGH,"BIT-tensorflow-2023-25658,CVE-2023-25658",CWE-125,CVSS:3.1/AV:N/AC:L/PR:N/UI:N/S:U/C:N/I:N/A:H,GHSA-68v3-g9cm-rmm6,
,lockfile,tensorflow-cpu,2.8.4,PyPI,GHSA-6hg6-5c2q-7rcr,HIGH,"BIT-tensorflow-2023-25664,CVE-2023-25664","CWE-120,CWE-122",CVSS:3.1/AV:N/AC:L/PR:N/UI:N/S:U/C:N/I:N/A:H,GHSA-6hg6-5c2q-7rcr,
,lockfile,tensorflow-cpu,2.8.4,PyPI,GHSA-6wfh-89q8-44jq,HIGH,"BIT-tensorflow-2023-25676,CVE-2023-25676",CWE-476,CVSS:3.1/AV:N/AC:L/PR:N/UI:N/S:U/C:N/I:N/A:H,GHSA-6wfh-89q8-44jq,
,lockfile,tensorflow-cpu,2.8.4,PyPI,GHSA-7jvm-xxmr-v5cw,HIGH,"BIT-tensorflow-2023-25662,CVE-2023-25662",CWE-190,CVSS:3.1/AV:N/AC:L/PR:N/UI:N/S:U/C:N/I:N/A:H,GHSA-7jvm-xxmr-v5cw,
,lockfile,tensorflow-cpu,2.8.4,PyPI,GHSA-7x4v-9gxg-9hwj,HIGH,"BIT-tensorflow-2023-25675,CVE-2023-25675",CWE-697,CVSS:3.1/AV:N/AC:L/PR:N/UI:N/S:U/C:N/I:N/A:H,GHSA-7x4v-9gxg-9hwj,
,lockfile,tensorflow-cpu,2.8.4,PyPI,GHSA-8fvv-46hw-vpg3,MODERATE,"BIT-tensorflow-2022-41887,CVE-2022-41887",CWE-131,CVSS:3.1/AV:N/AC:H/PR:L/UI:R/S:U/C:N/I:N/A:H,GHSA-8fvv-46hw-vpg3,
,lockfile,tensorflow-cpu,2.8.4,PyPI,GHSA-93vr-9q9m-pj8p,HIGH,"BIT-tensorflow-2023-25659,CVE-2023-25659",CWE-125,CVSS:3.1/AV:N/AC:L/PR:N/UI:N/S:U/C:N/I:N/A:H,GHSA-93vr-9q9m-pj8p,
,lockfile,tensorflow-cpu,2.8.4,PyPI,GHSA-94mm-g2mv-8p7r,HIGH,"BIT-tensorflow-2023-25672,CVE-2023-25672",CWE-476,CVSS:3.1/AV:N/AC:L/PR:N/UI:N/S:U/C:N/I:N/A:H,GHSA-94mm-g2mv-8p7r,
,lockfile,tensorflow-cpu,2.8.4,PyPI,GHSA-f49c-87jh-g47q,HIGH,"BIT-tensorflow-2023-25801,CVE-2023-25801",CWE-415,CVSS:3.1/AV:L/AC:L/PR:N/UI:N/S:U/C:L/I:H/A:H,GHSA-f49c-87jh-g47q,
,lockfile,tensorflow-cpu,2.8.4,PyPI,GHSA-f637-vh3r-vfh2,HIGH,"BIT-tensorflow-2023-25666,CVE-2023-25666",CWE-697,CVSS:3.1/AV:N/AC:L/PR:N/UI:N/S:U/C:N/I:N/A:H,GHSA-f637-vh3r-vfh2,
,lockfile,tensorflow-cpu,2.8.4,PyPI,GHSA-fqm2-gh8w-gr68,MODERATE,"BIT-tensorflow-2023-25667,CVE-2023-25667",CWE-190,CVSS:3.1/AV:N/AC:L/PR:N/UI:R/S:U/C:N/I:N/A:H,GHSA-fqm2-gh8w-gr68,
,lockfile,tensorflow-cpu,2.8.4,PyPI,GHSA-fxgc-95xx-grvq,MODERATE,"BIT-tensorflow-2023-25661,CVE-2023-25661",CWE-20,CVSS:3.1/AV:N/AC:L/PR:L/UI:N/S:U/C:N/I:N/A:H,GHSA-fxgc-95xx-grvq,
,lockfile,tensorflow-cpu,2.8.4,PyPI,GHSA-gf97-q72m-7579,HIGH,"BIT-tensorflow-2023-25674,CVE-2023-25674",CWE-476,CVSS:3.1/AV:N/AC:L/PR:N/UI:N/S:U/C:N/I:N/A:H,GHSA-gf97-q72m-7579,
,lockfile,tensorflow-cpu,2.8.4,PyPI,GHSA-gjh7-xx4r-x345,HIGH,"BIT-tensorflow-2023-33976,CVE-2023-33976",CWE-190,CVSS:4.0/AV:N/AC:L/AT:N/PR:N/UI:N/VC:N/VI:N/VA:H/SC:N/SI:N/SA:N,GHSA-gjh7-xx4r-x345,
,lockfile,tensorflow-cpu,2.8.4,PyPI,GHSA-gw97-ff7c-9v96,CRITICAL,"BIT-tensorflow-2023-25668,CVE-2023-25668","CWE-122,CWE-125",CVSS:3.1/AV:N/AC:L/PR:N/UI:N/S:U/C:H/I:H/A:H,GHSA-gw97-ff7c-9v96,
,lockfile,tensorflow-cpu,2.8.4,PyPI,GHSA-j5w9-hmfh-4cr6,HIGH,"BIT-tensorflow-2023-25671,CVE-2023-25671",CWE-787,CVSS:3.1/AV:N/AC:L/PR:N/UI:N/S:U/C:N/I:N/A:H,GHSA-j5w9-hmfh-4cr6,
,lockfile,tensorflow-cpu,2.8.4,PyPI,GHSA-qjqc-vqcf-5qvj,HIGH,"BIT-tensorflow-2023-25660,CVE-2023-25660",CWE-476,CVSS:3.1/AV:N/AC:L/PR:N/UI:N/S:U/C:N/I:N/A:H,GHSA-qjqc-vqcf-5qvj,
,lockfile,tensorflow-cpu,2.8.4,PyPI,GHSA-rcf8-g8jv-vg6p,HIGH,"BIT-tensorflow-2023-25669,CVE-2023-25669",CWE-697,CVSS:3.1/AV:N/AC:L/PR:N/UI:N/S:U/C:N/I:N/A:H,GHSA-rcf8-g8jv-vg6p,
,lockfile,tensorflow-cpu,2.9.0,PyPI,GHSA-2475-53vw-vp25,MODERATE,"BIT-tensorflow-2022-35968,CVE-2022-35968",CWE-617,CVSS:3.1/AV:N/AC:H/PR:N/UI:N/S:U/C:N/I:N/A:H,GHSA-2475-53vw-vp25,
,lockfile,tensorflow-cpu,2.9.0,PyPI,GHSA-27rc-728f-x5w2,MODERATE,"BIT-tensorflow-2022-41899,CVE-2022-41899","CWE-20,CWE-617",CVSS:3.1/AV:N/AC:H/PR:L/UI:R/S:U/C:N/I:N/A:H,GHSA-27rc-728f-x5w2,
,lockfile,tensorflow-cpu,2.9.0,PyPI,GHSA-368v-7v32-52fx,MODERATE,"BIT-tensorflow-2022-41907,CVE-2022-41907",CWE-131,CVSS:3.1/AV:N/AC:H/PR:L/UI:R/S:U/C:N/I:N/A:H,GHSA-368v-7v32-52fx,
,lockfile,tensorflow-cpu,2.9.0,PyPI,GHSA-37jf-mjv6-xfqw,MODERATE,"BIT-tensorflow-2022-35999,CVE-2022-35999",CWE-617,CVSS:3.1/AV:N/AC:H/PR:N/UI:N/S:U/C:N/I:N/A:H,GHSA-37jf-mjv6-xfqw,
,lockfile,tensorflow-cpu,2.9.0,PyPI,GHSA-397c-5g2j-qxpv,MODERATE,"BIT-tensorflow-2022-35982,CVE-2022-35982",CWE-20,CVSS:3.1/AV:N/AC:H/PR:N/UI:N/S:U/C:N/I:N/A:H,GHSA-397c-5g2j-qxpv,
,lockfile,tensorflow-cpu,2.9.0,PyPI,GHSA-49rq-hwc3-x77w,HIGH,"BIT-tensorflow-2023-25670,CVE-2023-25670",CWE-476,CVSS:3.1/AV:N/AC:L/PR:N/UI:N/S:U/C:N/I:N/A:H,GHSA-49rq-hwc3-x77w,
,lockfile,tensorflow-cpu,2.9.0,PyPI,GHSA-4pc4-m9mj-v2r9,MODERATE,"BIT-tensorflow-2022-35972,CVE-2022-35972",CWE-20,CVSS:3.1/AV:N/AC:H/PR:N/UI:N/S:U/C:N/I:N/A:H,GHSA-4pc4-m9mj-v2r9,
,lockfile,tensorflow-cpu,2.9.0,PyPI,GHSA-4w68-4x85-mjj9,MODERATE,"BIT-tensorflow-2022-35966,CVE-2022-35966",CWE-20,CVSS:3.1/AV:N/AC:H/PR:N/UI:N/S:U/C:N/I:N/A:H,GHSA-4w68-4x85-mjj9,
,lockfile,tensorflow-cpu,2.9.0,PyPI,GHSA-54pp-c6pp-7fpx,MODERATE,"BIT-tensorflow-2022-41886,CVE-2022-41886",CWE-131,CVSS:3.1/AV:N/AC:H/PR:L/UI:R/S:U/C:N/I:N/A:H,GHSA-54pp-c6pp-7fpx,
,lockfile,tensorflow-cpu,2.9.0,PyPI,GHSA-558h-mq8x-7q9g,HIGH,"BIT-tensorflow-2023-25665,CVE-2023-25665",CWE-476,CVSS:3.1/AV:N/AC:L/PR:N/UI:N/S:U/C:N/I:N/A:H,GHSA-558h-mq8x-7q9g,
,lockfile,tensorflow-cpu,2.9.0,PyPI,GHSA-5w96-866f-6rm8,HIGH,"BIT-tensorflow-2023-27579,CVE-2023-27579",CWE-697,CVSS:3.1/AV:N/AC:L/PR:N/UI:N/S:U/C:N/I:N/A:H,GHSA-5w96-866f-6rm8,
,lockfile,tensorflow-cpu,2.9.0,PyPI,GHSA-647v-r7qq-24fh,HIGH,"BIT-tensorflow-2023-25673,CVE-2023-25673",CWE-697,CVSS:3.1/AV:N/AC:L/PR:N/UI:N/S:U/C:N/I:N/A:H,GHSA-647v-r7qq-24fh,
,lockfile,tensorflow-cpu,2.9.0,PyPI,GHSA-64jg-wjww-7c5w,HIGH,"BIT-tensorflow-2023-25663,CVE-2023-25663",CWE-476,CVSS:3.1/AV:N/AC:L/PR:N/UI:N/S:U/C:N/I:N/A:H,GHSA-64jg-wjww-7c5w,
,lockfile,tensorflow-cpu,2.9.0,PyPI,GHSA-66vq-54fq-6jvv,MODERATE,"BIT-tensorflow-2022-41891,CVE-2022-41891",CWE-20,CVSS:3.1/AV:N/AC:H/PR:L/UI:R/S:U/C:N/I:N/A:H,GHSA-66vq-54fq-6jvv,
,lockfile,tensorflow-cpu,2.9.0,PyPI,GHSA-67pf-62xr-q35m,MODERATE,"BIT-tensorflow-2022-41893,CVE-2022-41893",CWE-617,CVSS:3.1/AV:N/AC:H/PR:L/UI:R/S:U/C:N/I:N/A:H,GHSA-67pf-62xr-q35m,
,lockfile,tensorflow-cpu,2.9.0,PyPI,GHSA-689c-r7h2-fv9v,MODERATE,"BIT-tensorflow-2022-35973,CVE-2022-35973",CWE-20,CVSS:3.1/AV:N/AC:H/PR:N/UI:N/S:U/C:N/I:N/A:H,GHSA-689c-r7h2-fv9v,
,lockfile,tensorflow-cpu,2.9.0,PyPI,GHSA-68v3-g9cm-rmm6,HIGH,"BIT-tensorflow-2023-25658,CVE-2023-25658",CWE-125,CVSS:3.1/AV:N/AC:L/PR:N/UI:N/S:U/C:N/I:N/A:H,GHSA-68v3-g9cm-rmm6,
,lockfile,tensorflow-cpu,2.9.0,PyPI,GHSA-6hg6-5c2q-7rcr,HIGH,"BIT-tensorflow-2023-25664,CVE-2023-25664","CWE-120,CWE-122",CVSS:3.1/AV:N/AC:L/PR:N/UI:N/S:U/C:N/I:N/A:H,GHSA-6hg6-5c2q-7rcr,
,lockfile,tensorflow-cpu,2.9.0,PyPI,GHSA-6wfh-89q8-44jq,HIGH,"BIT-tensorflow-2023-25676,CVE-2023-25676",CWE-476,CVSS:3.1/AV:N/AC:L/PR:N/UI:N/S:U/C:N/I:N/A:H,GHSA-6wfh-89q8-44jq,
,lockfile,tensorflow-cpu,2.9.0,PyPI,GHSA-6x99-gv2v-q76v,MODERATE,"BIT-tensorflow-2022-41888,CVE-2022-41888",CWE-20,CVSS:3.1/AV:N/AC:H/PR:L/UI:R/S:U/C:N/I:N/A:H,GHSA-6x99-gv2v-q76v,
,lockfile,tensorflow-cpu,2.9.0,PyPI,GHSA-762h-vpvw-3rcx,MODERATE,"BIT-tensorflow-2022-41885,CVE-2022-41885",CWE-131,CVSS:3.1/AV:N/AC:H/PR:L/UI:R/S:U/C:N/I:N/A:H,GHSA-762h-vpvw-3rcx,
,lockfile,tensorflow-cpu,2.9.0,PyPI,GHSA-79h2-q768-fpxr,MODERATE,"BIT-tensorflow-2022-36027,CVE-2022-36027",CWE-20,CVSS:3.1/AV:N/AC:H/PR:N/UI:N/S:U/C:N/I:N/A:H,GHSA-79h2-q768-fpxr,
,lockfile,tensorflow-cpu,2.9.0,PyPI,GHSA-7j3m-8g3c-9qqq,MODERATE,"BIT-tensorflow-2022-36014,CVE-2022-36014",CWE-476,CVSS:3.1/AV:N/AC:H/PR:N/UI:N/S:U/C:N/I:N/A:H,GHSA-7j3m-8g3c-9qqq,
,lockfile,tensorflow-cpu,2.9.0,PyPI,GHSA-7jvm-xxmr-v5cw,HIGH,"BIT-tensorflow-2023-25662,CVE-2023-25662",CWE-190,CVSS:3.1/AV:N/AC:L/PR:N/UI:N/S:U/C:N/I:N/A:H,GHSA-7jvm-xxmr-v5cw,
,lockfile,tensorflow-cpu,2.9.0,PyPI,GHSA-7x4v-9gxg-9hwj,HIGH,"BIT-tensorflow-2023-25675,CVE-2023-25675",CWE-697,CVSS:3.1/AV:N/AC:L/PR:N/UI:N/S:U/C:N/I:N/A:H,GHSA-7x4v-9gxg-9hwj,
,lockfile,tensorflow-cpu,2.9.0,PyPI,GHSA-828c-5j5q-vrjq,MODERATE,"BIT-tensorflow-2022-36013,CVE-2022-36013",CWE-476,CVSS:3.1/AV:N/AC:H/PR:N/UI:N/S:U/C:N/I:N/A:H,GHSA-828c-5j5q-vrjq,
,lockfile,tensorflow-cpu,2.9.0,PyPI,GHSA-84jm-4cf3-9jfm,MODERATE,"BIT-tensorflow-2022-35963,CVE-2022-35963",CWE-617,CVSS:3.1/AV:N/AC:H/PR:N/UI:N/S:U/C:N/I:N/A:H,GHSA-84jm-4cf3-9jfm,
,lockfile,tensorflow-cpu,2.9.0,PyPI,GHSA-8fvv-46hw-vpg3,MODERATE,"BIT-tensorflow-2022-41887,CVE-2022-41887",CWE-131,CVSS:3.1/AV:N/AC:H/PR:L/UI:R/S:U/C:N/I:N/A:H,GHSA-8fvv-46hw-vpg3,
,lockfile,tensorflow-cpu,2.9.0,PyPI,GHSA-8w5g-3wcv-9g2j,MODERATE,"BIT-tensorflow-2022-41880,CVE-2022-41880",CWE-125,CVSS:3.1/AV:N/AC:L/PR:L/UI:R/S:U/C:L/I:L/A:H,GHSA-8w5g-3wcv-9g2j,
,lockfile,tensorflow-cpu,2.9.0,PyPI,GHSA-93vr-9q9m-pj8p,HIGH,"BIT-tensorflow-2023-25659,CVE-2023-25659",CWE-125,CVSS:3.1/AV:N/AC:L/PR:N/UI:N/S:U/C:N/I:N/A:H,GHSA-93vr-9q9m-pj8p,
,lockfile,tensorflow-cpu,2.9.0,PyPI,GHSA-94mm-g2mv-8p7r,HIGH,"BIT-tensorflow-2023-25672,CVE-2023-25672",CWE-476,CVSS:3.1/AV:N/AC:L/PR:N/UI:N/S:U/C:N/I:N/A:H,GHSA-94mm-g2mv-8p7r,
,lockfile,tensorflow-cpu,2.9.0,PyPI,GHSA-97p7-w86h-vcf9,MODERATE,"BIT-tensorflow-2022-35935,CVE-2022-35935",CWE-617,CVSS:3.1/AV:N/AC:H/PR:N/UI:N/S:U/C:N/I:N/A:H,GHSA-97p7-w86h-vcf9,
,lockfile,tensorflow-cpu,2.9.0,PyPI,GHSA-9942-r22v-78cp,MODERATE,"BIT-tensorflow-2022-35985,CVE-2022-35985",CWE-617,CVSS:3.1/AV:N/AC:H/PR:N/UI:N/S:U/C:N/I:N/A:H,GHSA-9942-r22v-78cp,
,lockfile,tensorflow-cpu,2.9.0,PyPI,GHSA-9cr2-8pwr-fhfq,MODERATE,"BIT-tensorflow-2022-36026,CVE-2022-36026",CWE-617,CVSS:3.1/AV:N/AC:H/PR:N/UI:N/S:U/C:N/I:N/A:H,GHSA-9cr2-8pwr-fhfq,
,lockfile,tensorflow-cpu,2.9.0,PyPI,GHSA-9fpg-838v-wpv7,MODERATE,"BIT-tensorflow-2022-35971,CVE-2022-35971",CWE-617,CVSS:3.1/AV:N/AC:H/PR:N/UI:N/S:U/C:N/I:N/A:H,GHSA-9fpg-838v-wpv7,
,lockfile,tensorflow-cpu,2.9.0,PyPI,GHSA-9j4v-pp28-mxv7,MODERATE,"BIT-tensorflow-2022-36019,CVE-2022-36019",CWE-617,CVSS:3.1/AV:N/AC:H/PR:N/UI:N/S:U/C:N/I:N/A:H,GHSA-9j4v-pp28-mxv7,
,lockfile,tensorflow-cpu,2.9.0,PyPI,GHSA-9v8w-xmr4-wgxp,MODERATE,"BIT-tensorflow-2022-35992,CVE-2022-35992",CWE-617,CVSS:3.1/AV:N/AC:H/PR:N/UI:N/S:U/C:N/I:N/A:H,GHSA-9v8w-xmr4-wgxp,
,lockfile,tensorflow-cpu,2.9.0,PyPI,GHSA-9vqj-64pv-w55c,MODERATE,"BIT-tensorflow-2022-35988,CVE-2022-35988",CWE-617,CVSS:3.1/AV:N/AC:H/PR:N/UI:N/S:U/C:N/I:N/A:H,GHSA-9vqj-64pv-w55c,
,lockfile,tensorflow-cpu,2.9.0,PyPI,GHSA-cg88-rpvp-cjv5,HIGH,"BIT-tensorflow-2022-41902,CVE-2022-41902","CWE-125,CWE-787",CVSS:3.1/AV:N/AC:H/PR:L/UI:R/S:U/C:H/I:H/A:H,GHSA-cg88-rpvp-cjv5,
,lockfile,tensorflow-cpu,2.9.0,PyPI,GHSA-cqvq-fvhr-v6hc,LOW,,,,GHSA-cqvq-fvhr-v6hc,
,lockfile,tensorflow-cpu,2.9.0,PyPI,GHSA-cv2p-32v3-vhwq,MODERATE,"BIT-tensorflow-2022-36003,CVE-2022-36003",CWE-617,CVSS:3.1/AV:N/AC:H/PR:N/UI:N/S:U/C:N/I:N/A:H,GHSA-cv2p-32v3-vhwq,
,lockfile,tensorflow-cpu,2.9.0,PyPI,GHSA-f2w8-jw48-fr7j,MODERATE,"BIT-tensorflow-2022-41897,CVE-2022-41897",CWE-125,CVSS:3.1/AV:N/AC:H/PR:L/UI:R/S:U/C:N/I:N/A:H,GHSA-f2w8-jw48-fr7j,
,lockfile,tensorflow-cpu,2.9.0,PyPI,GHSA-f49c-87jh-g47q,HIGH,"BIT-tensorflow-2023-25801,CVE-2023-25801",CWE-415,CVSS:3.1/AV:L/AC:L/PR:N/UI:N/S:U/C:L/I:H/A:H,GHSA-f49c-87jh-g47q,
,lockfile,tensorflow-cpu,2.9.0,PyPI,GHSA-f4w6-h4f5-wx45,MODERATE,"BIT-tensorflow-2022-35934,CVE-2022-35934",CWE-617,CVSS:3.1/AV:N/AC:H/PR:N/UI:N/S:U/C:N/I:N/A:H,GHSA-f4w6-h4f5-wx45,
,lockfile,tensorflow-cpu,2.9.0,PyPI,GHSA-f637-vh3r-vfh2,HIGH,"BIT-tensorflow-2023-25666,CVE-2023-25666",CWE-697,CVSS:3.1/AV:N/AC:L/PR:N/UI:N/S:U/C:N/I:N/A:H,GHSA-f637-vh3r-vfh2,
,lockfile,tensorflow-cpu,2.9.0,PyPI,GHSA-f7r5-q7cx-h668,MODERATE,"BIT-tensorflow-2022-35964,CVE-2022-35964",CWE-20,CVSS:3.1/AV:N/AC:H/PR:N/UI:N/S:U/C:N/I:N/A:H,GHSA-f7r5-q7cx-h668,
,lockfile,tensorflow-cpu,2.9.0,PyPI,GHSA-ffjm-4qwc-7cmf,HIGH,"BIT-tensorflow-2022-35939,CVE-2022-35939",CWE-787,CVSS:3.1/AV:N/AC:H/PR:N/UI:N/S:U/C:L/I:L/A:H,GHSA-ffjm-4qwc-7cmf,
,lockfile,tensorflow-cpu,2.9.0,PyPI,GHSA-fhfc-2q7x-929f,MODERATE,"BIT-tensorflow-2022-35994,CVE-2022-35994",CWE-617,CVSS:3.1/AV:N/AC:H/PR:N/UI:N/S:U/C:N/I:N/A:H,GHSA-fhfc-2q7x-929f,
,lockfile,tensorflow-cpu,2.9.0,PyPI,GHSA-fqm2-gh8w-gr68,MODERATE,"BIT-tensorflow-2023-25667,CVE-2023-25667",CWE-190,CVSS:3.1/AV:N/AC:L/PR:N/UI:R/S:U/C:N/I:N/A:H,GHSA-fqm2-gh8w-gr68,
,lockfile,tensorflow-cpu,2.9.0,PyPI,GHSA-fqxc-pvf8-2w9v,MODERATE,"BIT-tensorflow-2022-36000,CVE-2022-36000",CWE-476,CVSS:3.1/AV:N/AC:H/PR:N/UI:N/S:U/C:N/I:N/A:H,GHSA-fqxc-pvf8-2w9v,
,lockfile,tensorflow-cpu,2.9.0,PyPI,GHSA-frqp-wp83-qggv,MODERATE,"BIT-tensorflow-2022-41910,CVE-2022-41910",CWE-125,CVSS:3.1/AV:N/AC:H/PR:L/UI:R/S:U/C:N/I:N/A:H,GHSA-frqp-wp83-qggv,
,lockfile,tensorflow-cpu,2.9.0,PyPI,GHSA-fv43-93gv-vm8f,MODERATE,"BIT-tensorflow-2022-36011,CVE-2022-36011",CWE-476,CVSS:3.1/AV:N/AC:H/PR:N/UI:N/S:U/C:N/I:N/A:H,GHSA-fv43-93gv-vm8f,
,lockfile,tensorflow-cpu,2.9.0,PyPI,GHSA-fxgc-95xx-grvq,MODERATE,"BIT-tensorflow-2023-25661,CVE-2023-25661",CWE-20,CVSS:3.1/AV:N/AC:L/PR:L/UI:N/S:U/C:N/I:N/A:H,GHSA-fxgc-95xx-grvq,
,lockfile,tensorflow-cpu,2.9.0,PyPI,GHSA-g35r-369w-3fqp,MODERATE,"BIT-tensorflow-2022-35970,CVE-2022-35970",CWE-20,CVSS:3.1/AV:N/AC:H/PR:N/UI:N/S:U/C:N/I:N/A:H,GHSA-g35r-369w-3fqp,
,lockfile,tensorflow-cpu,2.9.0,PyPI,GHSA-g468-qj8g-vcjc,LOW,"BIT-tensorflow-2022-36016,CVE-2022-36016",CWE-617,,GHSA-g468-qj8g-vcjc,
,lockfile,tensorflow-cpu,2.9.0,PyPI,GHSA-g9fm-r5mm-rf9f,MODERATE,"BIT-tensorflow-2022-41901,CVE-2022-41901","CWE-20,CWE-617",CVSS:3.1/AV:N/AC:H/PR:L/UI:R/S:U/C:N/I:N/A:H,GHSA-g9fm-r5mm-rf9f,
,lockfile,tensorflow-cpu,2.9.0,PyPI,GHSA-g9h5-vr8m-x2h4,MODERATE,"BIT-tensorflow-2022-35995,CVE-2022-35995",CWE-617,CVSS:3.1/AV:N/AC:H/PR:N/UI:N/S:U/C:N/I:N/A:H,GHSA-g9h5-vr8m-x2h4,
,lockfile,tensorflow-cpu,2.9.0,PyPI,GHSA-gf97-q72m-7579,HIGH,"BIT-tensorflow-2023-25674,CVE-2023-25674",CWE-476,CVSS:3.1/AV:N/AC:L/PR:N/UI:N/S:U/C:N/I:N/A:H,GHSA-gf97-q72m-7579,
,lockfile,tensorflow-cpu,2.9.0,PyPI,GHSA-gjh7-xx4r-x345,HIGH,"BIT-tensorflow-2023-33976,CVE-2023-33976",CWE-190,CVSS:4.0/AV:N/AC:L/AT:N/PR:N/UI:N/VC:N/VI:N/VA:H/SC:N/SI:N/SA:N,GHSA-gjh7-xx4r-x345,
,lockfile,tensorflow-cpu,2.9.0,PyPI,GHSA-gq2j-cr96-gvqx,MODERATE,"BIT-tensorflow-2022-41895,CVE-2022-41895",CWE-125,CVSS:3.1/AV:N/AC:H/PR:L/UI:R/S:U/C:N/I:N/A:H,GHSA-gq2j-cr96-gvqx,
,lockfile,tensorflow-cpu,2.9.0,PyPI,GHSA-gw97-ff7c-9v96,CRITICAL,"BIT-tensorflow-2023-25668,CVE-2023-25668","CWE-122,CWE-125",CVSS:3.1/AV:N/AC:L/PR:N/UI:N/S:U/C:H/I:H/A:H,GHSA-gw97-ff7c-9v96,
,lockfile,tensorflow-cpu,2.9.0,PyPI,GHSA-h246-cgh4-7475,MODERATE,"BIT-tensorflow-2022-41890,CVE-2022-41890",CWE-704,CVSS:3.1/AV:N/AC:H/PR:L/UI:R/S:U/C:N/I:N/A:H,GHSA-h246-cgh4-7475,
,lockfile,tensorflow-cpu,2.9.0,PyPI,GHSA-h5vq-gw2c-pq47,MODERATE,"BIT-tensorflow-2022-35952,CVE-2022-35952",CWE-617,CVSS:3.1/AV:N/AC:H/PR:N/UI:N/S:U/C:N/I:N/A:H,GHSA-h5vq-gw2c-pq47,
,lockfile,tensorflow-cpu,2.9.0,PyPI,GHSA-h7ff-cfc9-wmmh,MODERATE,"BIT-tensorflow-2022-35990,CVE-2022-35990",CWE-617,CVSS:3.1/AV:N/AC:H/PR:N/UI:N/S:U/C:N/I:N/A:H,GHSA-h7ff-cfc9-wmmh,
,lockfile,tensorflow-cpu,2.9.0,PyPI,GHSA-hq7g-wwwp-q46h,MODERATE,"BIT-tensorflow-2022-41898,CVE-2022-41898",CWE-20,CVSS:3.1/AV:N/AC:H/PR:L/UI:R/S:U/C:N/I:N/A:H,GHSA-hq7g-wwwp-q46h,
,lockfile,tensorflow-cpu,2.9.0,PyPI,GHSA-j43h-pgmg-5hjq,MODERATE,"BIT-tensorflow-2022-35989,CVE-2022-35989",CWE-617,CVSS:3.1/AV:N/AC:H/PR:N/UI:N/S:U/C:N/I:N/A:H,GHSA-j43h-pgmg-5hjq,
,lockfile,tensorflow-cpu,2.9.0,PyPI,GHSA-j5w9-hmfh-4cr6,HIGH,"BIT-tensorflow-2023-25671,CVE-2023-25671",CWE-787,CVSS:3.1/AV:N/AC:L/PR:N/UI:N/S:U/C:N/I:N/A:H,GHSA-j5w9-hmfh-4cr6,
,lockfile,tensorflow-cpu,2.9.0,PyPI,GHSA-jq6x-99hj-q636,MODERATE,"BIT-tensorflow-2022-41884,CVE-2022-41884",CWE-670,CVSS:3.1/AV:N/AC:H/PR:L/UI:R/S:U/C:N/I:N/A:H,GHSA-jq6x-99hj-q636,
,lockfile,tensorflow-cpu,2.9.0,PyPI,GHSA-jqm7-m5q7-3hm5,MODERATE,"BIT-tensorflow-2022-36001,CVE-2022-36001",CWE-617,CVSS:3.1/AV:N/AC:H/PR:N/UI:N/S:U/C:N/I:N/A:H,GHSA-jqm7-m5q7-3hm5,
,lockfile,tensorflow-cpu,2.9.0,PyPI,GHSA-jvhc-5hhr-w3v5,MODERATE,"BIT-tensorflow-2022-36012,CVE-2022-36012",CWE-617,CVSS:3.1/AV:N/AC:H/PR:N/UI:N/S:U/C:N/I:N/A:H,GHSA-jvhc-5hhr-w3v5,
,lockfile,tensorflow-cpu,2.9.0,PyPI,GHSA-m6cv-4fmf-66xf,MODERATE,"BIT-tensorflow-2022-36018,CVE-2022-36018",CWE-617,CVSS:3.1/AV:N/AC:H/PR:N/UI:N/S:U/C:N/I:N/A:H,GHSA-m6cv-4fmf-66xf,
,lockfile,tensorflow-cpu,2.9.0,PyPI,GHSA-m6vp-8q9j-whx4,MODERATE,"BIT-tensorflow-2022-35983,CVE-2022-35983",CWE-617,CVSS:3.1/AV:N/AC:H/PR:N/UI:N/S:U/C:N/I:N/A:H,GHSA-m6vp-8q9j-whx4,
,lockfile,tensorflow-cpu,2.9.0,PyPI,GHSA-mgmh-g2v6-mqw5,MODERATE,"BIT-tensorflow-2022-35941,CVE-2022-35941",CWE-617,CVSS:3.1/AV:N/AC:H/PR:N/UI:N/S:U/C:N/I:N/A:H,GHSA-mgmh-g2v6-mqw5,
,lockfile,tensorflow-cpu,2.9.0,PyPI,GHSA-mh3m-62v7-68xg,MODERATE,"BIT-tensorflow-2022-36002,CVE-2022-36002",CWE-617,CVSS:3.1/AV:N/AC:H/PR:N/UI:N/S:U/C:N/I:N/A:H,GHSA-mh3m-62v7-68xg,
,lockfile,tensorflow-cpu,2.9.0,PyPI,GHSA-mv77-9g28-cwg3,MODERATE,"BIT-tensorflow-2022-41908,CVE-2022-41908",CWE-20,CVSS:3.1/AV:N/AC:H/PR:L/UI:R/S:U/C:N/I:N/A:H,GHSA-mv77-9g28-cwg3,
,lockfile,tensorflow-cpu,2.9.0,PyPI,GHSA-mv8m-8x97-937q,MODERATE,"BIT-tensorflow-2022-36004,CVE-2022-36004",CWE-617,CVSS:3.1/AV:N/AC:H/PR:N/UI:N/S:U/C:N/I:N/A:H,GHSA-mv8m-8x97-937q,
,lockfile,tensorflow-cpu,2.9.0,PyPI,GHSA-p2xf-8hgm-hpw5,MODERATE,"BIT-tensorflow-2022-35984,CVE-2022-35984",CWE-617,CVSS:3.1/AV:N/AC:H/PR:N/UI:N/S:U/C:N/I:N/A:H,GHSA-p2xf-8hgm-hpw5,
,lockfile,tensorflow-cpu,2.9.0,PyPI,GHSA-p7hr-f446-x6qf,MODERATE,"BIT-tensorflow-2022-35997,CVE-2022-35997",CWE-617,CVSS:3.1/AV:N/AC:H/PR:N/UI:N/S:U/C:N/I:N/A:H,GHSA-p7hr-f446-x6qf,
,lockfile,tensorflow-cpu,2.9.0,PyPI,GHSA-pf36-r9c6-h97j,MODERATE,"BIT-tensorflow-2022-41911,CVE-2022-41911",CWE-704,CVSS:3.1/AV:N/AC:H/PR:L/UI:R/S:U/C:N/I:N/A:H,GHSA-pf36-r9c6-h97j,
,lockfile,tensorflow-cpu,2.9.0,PyPI,GHSA-pxrw-j2fv-hx3h,HIGH,"BIT-tensorflow-2022-35937,CVE-2022-35937",CWE-125,CVSS:3.1/AV:N/AC:H/PR:N/UI:N/S:U/C:L/I:L/A:H,GHSA-pxrw-j2fv-hx3h,
,lockfile,tensorflow-cpu,2.9.0,PyPI,GHSA-q2c3-jpmc-gfjx,MODERATE,"BIT-tensorflow-2022-35969,CVE-2022-35969",,CVSS:3.1/AV:N/AC:H/PR:N/UI:N/S:U/C:N/I:N/A:H,GHSA-q2c3-jpmc-gfjx,
,lockfile,tensorflow-cpu,2.9.0,PyPI,GHSA-q5jv-m6qw-5g37,MODERATE,"BIT-tensorflow-2022-35996,CVE-2022-35996",CWE-369,CVSS:3.1/AV:N/AC:H/PR:N/UI:N/S:U/C:N/I:N/A:H,GHSA-q5jv-m6qw-5g37,
,lockfile,tensorflow-cpu,2.9.0,PyPI,GHSA-qjqc-vqcf-5qvj,HIGH,"BIT-tensorflow-2023-25660,CVE-2023-25660",CWE-476,CVSS:3.1/AV:N/AC:L/PR:N/UI:N/S:U/C:N/I:N/A:H,GHSA-qjqc-vqcf-5qvj,
,lockfile,tensorflow-cpu,2.9.0,PyPI,GHSA-qxpx-j395-pw36,MODERATE,"BIT-tensorflow-2022-35965,CVE-2022-35965",CWE-476,CVSS:3.1/AV:N/AC:H/PR:N/UI:N/S:U/C:N/I:N/A:H,GHSA-qxpx-j395-pw36,
,lockfile,tensorflow-cpu,2.9.0,PyPI,GHSA-r26c-679w-mrjm,MODERATE,"BIT-tensorflow-2022-36005,CVE-2022-36005",CWE-617,CVSS:3.1/AV:N/AC:H/PR:N/UI:N/S:U/C:N/I:N/A:H,GHSA-r26c-679w-mrjm,
,lockfile,tensorflow-cpu,2.9.0,PyPI,GHSA-rcf8-g8jv-vg6p,HIGH,"BIT-tensorflow-2023-25669,CVE-2023-25669",CWE-697,CVSS:3.1/AV:N/AC:L/PR:N/UI:N/S:U/C:N/I:N/A:H,GHSA-rcf8-g8jv-vg6p,
,lockfile,tensorflow-cpu,2.9.0,PyPI,GHSA-rh87-q4vg-m45j,LOW,"BIT-tensorflow-2022-36015,CVE-2022-36015",CWE-190,,GHSA-rh87-q4vg-m45j,
,lockfile,tensorflow-cpu,2.9.0,PyPI,GHSA-rjx6-v474-2ch9,MODERATE,"BIT-tensorflow-2022-41909,CVE-2022-41909","CWE-20,CWE-476",CVSS:3.1/AV:N/AC:H/PR:L/UI:R/S:U/C:N/I:N/A:H,GHSA-rjx6-v474-2ch9,
,lockfile,tensorflow-cpu,2.9.0,PyPI,GHSA-rmg2-f698-wq35,MODERATE,"BIT-tensorflow-2022-41896,CVE-2022-41896","CWE-1284,CWE-20",CVSS:3.1/AV:N/AC:H/PR:L/UI:R/S:U/C:N/I:N/A:H,GHSA-rmg2-f698-wq35,
,lockfile,tensorflow-cpu,2.9.0,PyPI,GHSA-v5xg-3q2c-c2r4,MODERATE,"BIT-tensorflow-2022-35960,CVE-2022-35960",CWE-617,CVSS:3.1/AV:N/AC:H/PR:N/UI:N/S:U/C:N/I:N/A:H,GHSA-v5xg-3q2c-c2r4,
,lockfile,tensorflow-cpu,2.9.0,PyPI,GHSA-v6h3-348g-6h5x,MODERATE,"BIT-tensorflow-2022-35967,CVE-2022-35967",CWE-20,CVSS:3.1/AV:N/AC:H/PR:N/UI:N/S:U/C:N/I:N/A:H,GHSA-v6h3-348g-6h5x,
,lockfile,tensorflow-cpu,2.9.0,PyPI,GHSA-v7vw-577f-vp8x,MODERATE,"BIT-tensorflow-2022-35979,CVE-2022-35979",CWE-20,CVSS:3.1/AV:N/AC:H/PR:N/UI:N/S:U/C:N/I:N/A:H,GHSA-v7vw-577f-vp8x,
,lockfile,tensorflow-cpu,2.9.0,PyPI,GHSA-vgvh-2pf4-jr2x,MODERATE,"BIT-tensorflow-2022-35974,CVE-2022-35974",CWE-20,CVSS:3.1/AV:N/AC:H/PR:N/UI:N/S:U/C:N/I:N/A:H,GHSA-vgvh-2pf4-jr2x,
,lockfile,tensorflow-cpu,2.9.0,PyPI,GHSA-vm7x-4qhj-rrcq,MODERATE,"BIT-tensorflow-2022-35991,CVE-2022-35991",CWE-617,CVSS:3.1/AV:N/AC:H/PR:N/UI:N/S:U/C:N/I:N/A:H,GHSA-vm7x-4qhj-rrcq,
,lockfile,tensorflow-cpu,2.9.0,PyPI,GHSA-vxv8-r8q2-63xw,MODERATE,"BIT-tensorflow-2022-35981,CVE-2022-35981",CWE-617,CVSS:3.1/AV:N/AC:H/PR:N/UI:N/S:U/C:N/I:N/A:H,GHSA-vxv8-r8q2-63xw,
,lockfile,tensorflow-cpu,2.9.0,PyPI,GHSA-w62h-8xjm-fv49,MODERATE,"BIT-tensorflow-2022-35987,CVE-2022-35987",CWE-617,CVSS:3.1/AV:N/AC:H/PR:N/UI:N/S:U/C:N/I:N/A:H,GHSA-w62h-8xjm-fv49,
,lockfile,tensorflow-cpu,2.9.0,PyPI,GHSA-wq6q-6m32-9rv9,MODERATE,"BIT-tensorflow-2022-35993,CVE-2022-35993",CWE-617,CVSS:3.1/AV:N/AC:H/PR:N/UI:N/S:U/C:N/I:N/A:H,GHSA-wq6q-6m32-9rv9,
,lockfile,tensorflow-cpu,2.9.0,PyPI,GHSA-wqmc-pm8c-2jhc,MODERATE,"BIT-tensorflow-2022-36017,CVE-2022-36017",CWE-20,CVSS:3.1/AV:N/AC:H/PR:N/UI:N/S:U/C:N/I:N/A:H,GHSA-wqmc-pm8c-2jhc,
,lockfile,tensorflow-cpu,2.9.0,PyPI,GHSA-wxjj-cgcx-r3vq,MODERATE,"BIT-tensorflow-2022-35959,CVE-2022-35959",CWE-617,CVSS:3.1/AV:N/AC:H/PR:N/UI:N/S:U/C:N/I:N/A:H,GHSA-wxjj-cgcx-r3vq,
,lockfile,tensorflow-cpu,2.9.0,PyPI,GHSA-x989-q2pq-4q5x,MODERATE,"BIT-tensorflow-2022-35940,CVE-2022-35940",CWE-190,CVSS:3.1/AV:N/AC:H/PR:N/UI:N/S:U/C:N/I:N/A:H,GHSA-x989-q2pq-4q5x,
,lockfile,tensorflow-cpu,2.9.0,PyPI,GHSA-xf83-q765-xm6m,LOW,,,,GHSA-xf83-q765-xm6m,
,lockfile,tensorflow-cpu,2.9.0,PyPI,GHSA-xvwp-h6jv-7472,HIGH,"BIT-tensorflow-2022-41900,CVE-2022-41900","CWE-125,CWE-787",CVSS:3.1/AV:N/AC:H/PR:L/UI:R/S:U/C:H/I:H/A:H,GHSA-xvwp-h6jv-7472,
,lockfile,tensorflow-cpu,2.9.0,PyPI,GHSA-xxcj-rhqg-m46g,MODERATE,"BIT-tensorflow-2022-41889,CVE-2022-41889",CWE-476,CVSS:3.1/AV:L/AC:L/PR:L/UI:N/S:U/C:N/I:N/A:H,GHSA-xxcj-rhqg-m46g,
,lockfile,tensorflow-cpu,2.9.1,PyPI,GHSA-27rc-728f-x5w2,MODERATE,"BIT-tensorflow-2022-41899,CVE-2022-41899","CWE-20,CWE-617",CVSS:3.1/AV:N/AC:H/PR:L/UI:R/S:U/C:N/I:N/A:H,GHSA-27rc-728f-x5w2,
,lockfile,tensorflow-cpu,2.9.1,PyPI,GHSA-368v-7v32-52fx,MODERATE,"BIT-tensorflow-2022-41907,CVE-2022-41907",CWE-131,CVSS:3.1/AV:N/AC:H/PR:L/UI:R/S:U/C:N/I:N/A:H,GHSA-368v-7v32-52fx,
,lockfile,tensorflow-cpu,2.9.1,PyPI,GHSA-49rq-hwc3-x77w,HIGH,"BIT-tensorflow-2023-25670,CVE-2023-25670",CWE-476,CVSS:3.1/AV:N/AC:L/PR:N/UI:N/S:U/C:N/I:N/A:H,GHSA-49rq-hwc3-x77w,
,lockfile,tensorflow-cpu,2.9.1,PyPI,GHSA-54pp-c6pp-7fpx,MODERATE,"BIT-tensorflow-2022-41886,CVE-2022-41886",CWE-131,CVSS:3.1/AV:N/AC:H/PR:L/UI:R/S:U/C:N/I:N/A:H,GHSA-54pp-c6pp-7fpx,
,lockfile,tensorflow-cpu,2.9.1,PyPI,GHSA-558h-mq8x-7q9g,HIGH,"BIT-tensorflow-2023-25665,CVE-2023-25665",CWE-476,CVSS:3.1/AV:N/AC:L/PR:N/UI:N/S:U/C:N/I:N/A:H,GHSA-558h-mq8x-7q9g,
,lockfile,tensorflow-cpu,2.9.1,PyPI,GHSA-5w96-866f-6rm8,HIGH,"BIT-tensorflow-2023-27579,CVE-2023-27579",CWE-697,CVSS:3.1/AV:N/AC:L/PR:N/UI:N/S:U/C:N/I:N/A:H,GHSA-5w96-866f-6rm8,
,lockfile,tensorflow-cpu,2.9.1,PyPI,GHSA-647v-r7qq-24fh,HIGH,"BIT-tensorflow-2023-25673,CVE-2023-25673",CWE-697,CVSS:3.1/AV:N/AC:L/PR:N/UI:N/S:U/C:N/I:N/A:H,GHSA-647v-r7qq-24fh,
,lockfile,tensorflow-cpu,2.9.1,PyPI,GHSA-64jg-wjww-7c5w,HIGH,"BIT-tensorflow-2023-25663,CVE-2023-25663",CWE-476,CVSS:3.1/AV:N/AC:L/PR:N/UI:N/S:U/C:N/I:N/A:H,GHSA-64jg-wjww-7c5w,
,lockfile,tensorflow-cpu,2.9.1,PyPI,GHSA-66vq-54fq-6jvv,MODERATE,"BIT-tensorflow-2022-41891,CVE-2022-41891",CWE-20,CVSS:3.1/AV:N/AC:H/PR:L/UI:R/S:U/C:N/I:N/A:H,GHSA-66vq-54fq-6jvv,
,lockfile,tensorflow-cpu,2.9.1,PyPI,GHSA-67pf-62xr-q35m,MODERATE,"BIT-tensorflow-2022-41893,CVE-2022-41893",CWE-617,CVSS:3.1/AV:N/AC:H/PR:L/UI:R/S:U/C:N/I:N/A:H,GHSA-67pf-62xr-q35m,
,lockfile,tensorflow-cpu,2.9.1,PyPI,GHSA-68v3-g9cm-rmm6,HIGH,"BIT-tensorflow-2023-25658,CVE-2023-25658",CWE-125,CVSS:3.1/AV:N/AC:L/PR:N/UI:N/S:U/C:N/I:N/A:H,GHSA-68v3-g9cm-rmm6,
,lockfile,tensorflow-cpu,2.9.1,PyPI,GHSA-6hg6-5c2q-7rcr,HIGH,"BIT-tensorflow-2023-25664,CVE-2023-25664","CWE-120,CWE-122",CVSS:3.1/AV:N/AC:L/PR:N/UI:N/S:U/C:N/I:N/A:H,GHSA-6hg6-5c2q-7rcr,
,lockfile,tensorflow-cpu,2.9.1,PyPI,GHSA-6wfh-89q8-44jq,HIGH,"BIT-tensorflow-2023-25676,CVE-2023-25676",CWE-476,CVSS:3.1/AV:N/AC:L/PR:N/UI:N/S:U/C:N/I:N/A:H,GHSA-6wfh-89q8-44jq,
,lockfile,tensorflow-cpu,2.9.1,PyPI,GHSA-6x99-gv2v-q76v,MODERATE,"BIT-tensorflow-2022-41888,CVE-2022-41888",CWE-20,CVSS:3.1/AV:N/AC:H/PR:L/UI:R/S:U/C:N/I:N/A:H,GHSA-6x99-gv2v-q76v,
,lockfile,tensorflow-cpu,2.9.1,PyPI,GHSA-7jvm-xxmr-v5cw,HIGH,"BIT-tensorflow-2023-25662,CVE-2023-25662",CWE-190,CVSS:3.1/AV:N/AC:L/PR:N/UI:N/S:U/C:N/I:N/A:H,GHSA-7jvm-xxmr-v5cw,
,lockfile,tensorflow-cpu,2.9.1,PyPI,GHSA-7x4v-9gxg-9hwj,HIGH,"BIT-tensorflow-2023-25675,CVE-2023-25675",CWE-697,CVSS:3.1/AV:N/AC:L/PR:N/UI:N/S:U/C:N/I:N/A:H,GHSA-7x4v-9gxg-9hwj,
,lockfile,tensorflow-cpu,2.9.1,PyPI,GHSA-8fvv-46hw-vpg3,MODERATE,"BIT-tensorflow-2022-41887,CVE-2022-41887",CWE-131,CVSS:3.1/AV:N/AC:H/PR:L/UI:R/S:U/C:N/I:N/A:H,GHSA-8fvv-46hw-vpg3,
,lockfile,tensorflow-cpu,2.9.1,PyPI,GHSA-8w5g-3wcv-9g2j,MODERATE,"BIT-tensorflow-2022-41880,CVE-2022-41880",CWE-125,CVSS:3.1/AV:N/AC:L/PR:L/UI:R/S:U/C:L/I:L/A:H,GHSA-8w5g-3wcv-9g2j,
,lockfile,tensorflow-cpu,2.9.1,PyPI,GHSA-93vr-9q9m-pj8p,HIGH,"BIT-tensorflow-2023-25659,CVE-2023-25659",CWE-125,CVSS:3.1/AV:N/AC:L/PR:N/UI:N/S:U/C:N/I:N/A:H,GHSA-93vr-9q9m-pj8p,
,lockfile,tensorflow-cpu,2.9.1,PyPI,GHSA-94mm-g2mv-8p7r,HIGH,"BIT-tensorflow-2023-25672,CVE-2023-25672",CWE-476,CVSS:3.1/AV:N/AC:L/PR:N/UI:N/S:U/C:N/I:N/A:H,GHSA-94mm-g2mv-8p7r,
,lockfile,tensorflow-cpu,2.9.1,PyPI,GHSA-cg88-rpvp-cjv5,HIGH,"BIT-tensorflow-2022-41902,CVE-2022-41902","CWE-125,CWE-787",CVSS:3.1/AV:N/AC:H/PR:L/UI:R/S:U/C:H/I:H/A:H,GHSA-cg88-rpvp-cjv5,
,lockfile,tensorflow-cpu,2.9.1,PyPI,GHSA-cqvq-fvhr-v6hc,LOW,,,,GHSA-cqvq-fvhr-v6hc,
,lockfile,tensorflow-cpu,2.9.1,PyPI,GHSA-f2w8-jw48-fr7j,MODERATE,"BIT-tensorflow-2022-41897,CVE-2022-41897",CWE-125,CVSS:3.1/AV:N/AC:H/PR:L/UI:R/S:U/C:N/I:N/A:H,GHSA-f2w8-jw48-fr7j,
,lockfile,tensorflow-cpu,2.9.1,PyPI,GHSA-f49c-87jh-g47q,HIGH,"BIT-tensorflow-2023-25801,CVE-2023-25801",CWE-415,CVSS:3.1/AV:L/AC:L/PR:N/UI:N/S:U/C:L/I:H/A:H,GHSA-f49c-87jh-g47q,
,lockfile,tensorflow-cpu,2.9.1,PyPI,GHSA-f637-vh3r-vfh2,HIGH,"BIT-tensorflow-2023-25666,CVE-2023-25666",CWE-697,CVSS:3.1/AV:N/AC:L/PR:N/UI:N/S:U/C:N/I:N/A:H,GHSA-f637-vh3r-vfh2,
,lockfile,tensorflow-cpu,2.9.1,PyPI,GHSA-fqm2-gh8w-gr68,MODERATE,"BIT-tensorflow-2023-25667,CVE-2023-25667",CWE-190,CVSS:3.1/AV:N/AC:L/PR:N/UI:R/S:U/C:N/I:N/A:H,GHSA-fqm2-gh8w-gr68,
,lockfile,tensorflow-cpu,2.9.1,PyPI,GHSA-frqp-wp83-qggv,MODERATE,"BIT-tensorflow-2022-41910,CVE-2022-41910",CWE-125,CVSS:3.1/AV:N/AC:H/PR:L/UI:R/S:U/C:N/I:N/A:H,GHSA-frqp-wp83-qggv,
,lockfile,tensorflow-cpu,2.9.1,PyPI,GHSA-fxgc-95xx-grvq,MODERATE,"BIT-tensorflow-2023-25661,CVE-2023-25661",CWE-20,CVSS:3.1/AV:N/AC:L/PR:L/UI:N/S:U/C:N/I:N/A:H,GHSA-fxgc-95xx-grvq,
,lockfile,tensorflow-cpu,2.9.1,PyPI,GHSA-g9fm-r5mm-rf9f,MODERATE,"BIT-tensorflow-2022-41901,CVE-2022-41901","CWE-20,CWE-617",CVSS:3.1/AV:N/AC:H/PR:L/UI:R/S:U/C:N/I:N/A:H,GHSA-g9fm-r5mm-rf9f,
,lockfile,tensorflow-cpu,2.9.1,PyPI,GHSA-gf97-q72m-7579,HIGH,"BIT-tensorflow-2023-25674,CVE-2023-25674",CWE-476,CVSS:3.1/AV:N/AC:L/PR:N/UI:N/S:U/C:N/I:N/A:H,GHSA-gf97-q72m-7579,
,lockfile,tensorflow-cpu,2.9.1,PyPI,GHSA-gjh7-xx4r-x345,HIGH,"BIT-tensorflow-2023-33976,CVE-2023-33976",CWE-190,CVSS:4.0/AV:N/AC:L/AT:N/PR:N/UI:N/VC:N/VI:N/VA:H/SC:N/SI:N/SA:N,GHSA-gjh7-xx4r-x345,
,lockfile,tensorflow-cpu,2.9.1,PyPI,GHSA-gq2j-cr96-gvqx,MODERATE,"BIT-tensorflow-2022-41895,CVE-2022-41895",CWE-125,CVSS:3.1/AV:N/AC:H/PR:L/UI:R/S:U/C:N/I:N/A:H,GHSA-gq2j-cr96-gvqx,
,lockfile,tensorflow-cpu,2.9.1,PyPI,GHSA-gw97-ff7c-9v96,CRITICAL,"BIT-tensorflow-2023-25668,CVE-2023-25668","CWE-122,CWE-125",CVSS:3.1/AV:N/AC:L/PR:N/UI:N/S:U/C:H/I:H/A:H,GHSA-gw97-ff7c-9v96,
,lockfile,tensorflow-cpu,2.9.1,PyPI,GHSA-h246-cgh4-7475,MODERATE,"BIT-tensorflow-2022-41890,CVE-2022-41890",CWE-704,CVSS:3.1/AV:N/AC:H/PR:L/UI:R/S:U/C:N/I:N/A:H,GHSA-h246-cgh4-7475,
,lockfile,tensorflow-cpu,2.9.1,PyPI,GHSA-hq7g-wwwp-q46h,MODERATE,"BIT-tensorflow-2022-41898,CVE-2022-41898",CWE-20,CVSS:3.1/AV:N/AC:H/PR:L/UI:R/S:U/C:N/I:N/A:H,GHSA-hq7g-wwwp-q46h,
,lockfile,tensorflow-cpu,2.9.1,PyPI,GHSA-j5w9-hmfh-4cr6,HIGH,"BIT-tensorflow-2023-25671,CVE-2023-25671",CWE-787,CVSS:3.1/AV:N/AC:L/PR:N/UI:N/S:U/C:N/I:N/A:H,GHSA-j5w9-hmfh-4cr6,
,lockfile,tensorflow-cpu,2.9.1,PyPI,GHSA-jq6x-99hj-q636,MODERATE,"BIT-tensorflow-2022-41884,CVE-2022-41884",CWE-670,CVSS:3.1/AV:N/AC:H/PR:L/UI:R/S:U/C:N/I:N/A:H,GHSA-jq6x-99hj-q636,
,lockfile,tensorflow-cpu,2.9.1,PyPI,GHSA-mgmh-g2v6-mqw5,MODERATE,"BIT-tensorflow-2022-35941,CVE-2022-35941",CWE-617,CVSS:3.1/AV:N/AC:H/PR:N/UI:N/S:U/C:N/I:N/A:H,GHSA-mgmh-g2v6-mqw5,
,lockfile,tensorflow-cpu,2.9.1,PyPI,GHSA-mv77-9g28-cwg3,MODERATE,"BIT-tensorflow-2022-41908,CVE-2022-41908",CWE-20,CVSS:3.1/AV:N/AC:H/PR:L/UI:R/S:U/C:N/I:N/A:H,GHSA-mv77-9g28-cwg3,
,lockfile,tensorflow-cpu,2.9.1,PyPI,GHSA-pf36-r9c6-h97j,MODERATE,"BIT-tensorflow-2022-41911,CVE-2022-41911",CWE-704,CVSS:3.1/AV:N/AC:H/PR:L/UI:R/S:U/C:N/I:N/A:H,GHSA-pf36-r9c6-h97j,
,lockfile,tensorflow-cpu,2.9.1,PyPI,GHSA-qjqc-vqcf-5qvj,HIGH,"BIT-tensorflow-2023-25660,CVE-2023-25660",CWE-476,CVSS:3.1/AV:N/AC:L/PR:N/UI:N/S:U/C:N/I:N/A:H,GHSA-qjqc-vqcf-5qvj,
,lockfile,tensorflow-cpu,2.9.1,PyPI,GHSA-rcf8-g8jv-vg6p,HIGH,"BIT-tensorflow-2023-25669,CVE-2023-25669",CWE-697,CVSS:3.1/AV:N/AC:L/PR:N/UI:N/S:U/C:N/I:N/A:H,GHSA-rcf8-g8jv-vg6p,
,lockfile,tensorflow-cpu,2.9.1,PyPI,GHSA-rjx6-v474-2ch9,MODERATE,"BIT-tensorflow-2022-41909,CVE-2022-41909","CWE-20,CWE-476",CVSS:3.1/AV:N/AC:H/PR:L/UI:R/S:U/C:N/I:N/A:H,GHSA-rjx6-v474-2ch9,
,lockfile,tensorflow-cpu,2.9.1,PyPI,GHSA-rmg2-f698-wq35,MODERATE,"BIT-tensorflow-2022-41896,CVE-2022-41896","CWE-1284,CWE-20",CVSS:3.1/AV:N/AC:H/PR:L/UI:R/S:U/C:N/I:N/A:H,GHSA-rmg2-f698-wq35,
,lockfile,tensorflow-cpu,2.9.1,PyPI,GHSA-xf83-q765-xm6m,LOW,,,,GHSA-xf83-q765-xm6m,
,lockfile,tensorflow-cpu,2.9.1,PyPI,GHSA-xvwp-h6jv-7472,HIGH,"BIT-tensorflow-2022-41900,CVE-2022-41900","CWE-125,CWE-787",CVSS:3.1/AV:N/AC:H/PR:L/UI:R/S:U/C:H/I:H/A:H,GHSA-xvwp-h6jv-7472,
,lockfile,tensorflow-cpu,2.9.1,PyPI,GHSA-xxcj-rhqg-m46g,MODERATE,"BIT-tensorflow-2022-41889,CVE-2022-41889",CWE-476,CVSS:3.1/AV:L/AC:L/PR:L/UI:N/S:U/C:N/I:N/A:H,GHSA-xxcj-rhqg-m46g,
,lockfile,tensorflow-cpu,2.9.2,PyPI,GHSA-27rc-728f-x5w2,MODERATE,"BIT-tensorflow-2022-41899,CVE-2022-41899","CWE-20,CWE-617",CVSS:3.1/AV:N/AC:H/PR:L/UI:R/S:U/C:N/I:N/A:H,GHSA-27rc-728f-x5w2,
,lockfile,tensorflow-cpu,2.9.2,PyPI,GHSA-368v-7v32-52fx,MODERATE,"BIT-tensorflow-2022-41907,CVE-2022-41907",CWE-131,CVSS:3.1/AV:N/AC:H/PR:L/UI:R/S:U/C:N/I:N/A:H,GHSA-368v-7v32-52fx,
,lockfile,tensorflow-cpu,2.9.2,PyPI,GHSA-49rq-hwc3-x77w,HIGH,"BIT-tensorflow-2023-25670,CVE-2023-25670",CWE-476,CVSS:3.1/AV:N/AC:L/PR:N/UI:N/S:U/C:N/I:N/A:H,GHSA-49rq-hwc3-x77w,
,lockfile,tensorflow-cpu,2.9.2,PyPI,GHSA-54pp-c6pp-7fpx,MODERATE,"BIT-tensorflow-2022-41886,CVE-2022-41886",CWE-131,CVSS:3.1/AV:N/AC:H/PR:L/UI:R/S:U/C:N/I:N/A:H,GHSA-54pp-c6pp-7fpx,
,lockfile,tensorflow-cpu,2.9.2,PyPI,GHSA-558h-mq8x-7q9g,HIGH,"BIT-tensorflow-2023-25665,CVE-2023-25665",CWE-476,CVSS:3.1/AV:N/AC:L/PR:N/UI:N/S:U/C:N/I:N/A:H,GHSA-558h-mq8x-7q9g,
,lockfile,tensorflow-cpu,2.9.2,PyPI,GHSA-5w96-866f-6rm8,HIGH,"BIT-tensorflow-2023-27579,CVE-2023-27579",CWE-697,CVSS:3.1/AV:N/AC:L/PR:N/UI:N/S:U/C:N/I:N/A:H,GHSA-5w96-866f-6rm8,
,lockfile,tensorflow-cpu,2.9.2,PyPI,GHSA-647v-r7qq-24fh,HIGH,"BIT-tensorflow-2023-25673,CVE-2023-25673",CWE-697,CVSS:3.1/AV:N/AC:L/PR:N/UI:N/S:U/C:N/I:N/A:H,GHSA-647v-r7qq-24fh,
,lockfile,tensorflow-cpu,2.9.2,PyPI,GHSA-64jg-wjww-7c5w,HIGH,"BIT-tensorflow-2023-25663,CVE-2023-25663",CWE-476,CVSS:3.1/AV:N/AC:L/PR:N/UI:N/S:U/C:N/I:N/A:H,GHSA-64jg-wjww-7c5w,
,lockfile,tensorflow-cpu,2.9.2,PyPI,GHSA-66vq-54fq-6jvv,MODERATE,"BIT-tensorflow-2022-41891,CVE-2022-41891",CWE-20,CVSS:3.1/AV:N/AC:H/PR:L/UI:R/S:U/C:N/I:N/A:H,GHSA-66vq-54fq-6jvv,
,lockfile,tensorflow-cpu,2.9.2,PyPI,GHSA-67pf-62xr-q35m,MODERATE,"BIT-tensorflow-2022-41893,CVE-2022-41893",CWE-617,CVSS:3.1/AV:N/AC:H/PR:L/UI:R/S:U/C:N/I:N/A:H,GHSA-67pf-62xr-q35m,
,lockfile,tensorflow-cpu,2.9.2,PyPI,GHSA-68v3-g9cm-rmm6,HIGH,"BIT-tensorflow-2023-25658,CVE-2023-25658",CWE-125,CVSS:3.1/AV:N/AC:L/PR:N/UI:N/S:U/C:N/I:N/A:H,GHSA-68v3-g9cm-rmm6,
,lockfile,tensorflow-cpu,2.9.2,PyPI,GHSA-6hg6-5c2q-7rcr,HIGH,"BIT-tensorflow-2023-25664,CVE-2023-25664","CWE-120,CWE-122",CVSS:3.1/AV:N/AC:L/PR:N/UI:N/S:U/C:N/I:N/A:H,GHSA-6hg6-5c2q-7rcr,
,lockfile,tensorflow-cpu,2.9.2,PyPI,GHSA-6wfh-89q8-44jq,HIGH,"BIT-tensorflow-2023-25676,CVE-2023-25676",CWE-476,CVSS:3.1/AV:N/AC:L/PR:N/UI:N/S:U/C:N/I:N/A:H,GHSA-6wfh-89q8-44jq,
,lockfile,tensorflow-cpu,2.9.2,PyPI,GHSA-6x99-gv2v-q76v,MODERATE,"BIT-tensorflow-2022-41888,CVE-2022-41888",CWE-20,CVSS:3.1/AV:N/AC:H/PR:L/UI:R/S:U/C:N/I:N/A:H,GHSA-6x99-gv2v-q76v,
,lockfile,tensorflow-cpu,2.9.2,PyPI,GHSA-7jvm-xxmr-v5cw,HIGH,"BIT-tensorflow-2023-25662,CVE-2023-25662",CWE-190,CVSS:3.1/AV:N/AC:L/PR:N/UI:N/S:U/C:N/I:N/A:H,GHSA-7jvm-xxmr-v5cw,
,lockfile,tensorflow-cpu,2.9.2,PyPI,GHSA-7x4v-9gxg-9hwj,HIGH,"BIT-tensorflow-2023-25675,CVE-2023-25675",CWE-697,CVSS:3.1/AV:N/AC:L/PR:N/UI:N/S:U/C:N/I:N/A:H,GHSA-7x4v-9gxg-9hwj,
,lockfile,tensorflow-cpu,2.9.2,PyPI,GHSA-8fvv-46hw-vpg3,MODERATE,"BIT-tensorflow-2022-41887,CVE-2022-41887",CWE-131,CVSS:3.1/AV:N/AC:H/PR:L/UI:R/S:U/C:N/I:N/A:H,GHSA-8fvv-46hw-vpg3,
,lockfile,tensorflow-cpu,2.9.2,PyPI,GHSA-8w5g-3wcv-9g2j,MODERATE,"BIT-tensorflow-2022-41880,CVE-2022-41880",CWE-125,CVSS:3.1/AV:N/AC:L/PR:L/UI:R/S:U/C:L/I:L/A:H,GHSA-8w5g-3wcv-9g2j,
,lockfile,tensorflow-cpu,2.9.2,PyPI,GHSA-93vr-9q9m-pj8p,HIGH,"BIT-tensorflow-2023-25659,CVE-2023-25659",CWE-125,CVSS:3.1/AV:N/AC:L/PR:N/UI:N/S:U/C:N/I:N/A:H,GHSA-93vr-9q9m-pj8p,
,lockfile,tensorflow-cpu,2.9.2,PyPI,GHSA-94mm-g2mv-8p7r,HIGH,"BIT-tensorflow-2023-25672,CVE-2023-25672",CWE-476,CVSS:3.1/AV:N/AC:L/PR:N/UI:N/S:U/C:N/I:N/A:H,GHSA-94mm-g2mv-8p7r,
,lockfile,tensorflow-cpu,2.9.2,PyPI,GHSA-cg88-rpvp-cjv5,HIGH,"BIT-tensorflow-2022-41902,CVE-2022-41902","CWE-125,CWE-787",CVSS:3.1/AV:N/AC:H/PR:L/UI:R/S:U/C:H/I:H/A:H,GHSA-cg88-rpvp-cjv5,
,lockfile,tensorflow-cpu,2.9.2,PyPI,GHSA-cqvq-fvhr-v6hc,LOW,,,,GHSA-cqvq-fvhr-v6hc,
,lockfile,tensorflow-cpu,2.9.2,PyPI,GHSA-f2w8-jw48-fr7j,MODERATE,"BIT-tensorflow-2022-41897,CVE-2022-41897",CWE-125,CVSS:3.1/AV:N/AC:H/PR:L/UI:R/S:U/C:N/I:N/A:H,GHSA-f2w8-jw48-fr7j,
,lockfile,tensorflow-cpu,2.9.2,PyPI,GHSA-f49c-87jh-g47q,HIGH,"BIT-tensorflow-2023-25801,CVE-2023-25801",CWE-415,CVSS:3.1/AV:L/AC:L/PR:N/UI:N/S:U/C:L/I:H/A:H,GHSA-f49c-87jh-g47q,
,lockfile,tensorflow-cpu,2.9.2,PyPI,GHSA-f637-vh3r-vfh2,HIGH,"BIT-tensorflow-2023-25666,CVE-2023-25666",CWE-697,CVSS:3.1/AV:N/AC:L/PR:N/UI:N/S:U/C:N/I:N/A:H,GHSA-f637-vh3r-vfh2,
,lockfile,tensorflow-cpu,2.9.2,PyPI,GHSA-fqm2-gh8w-gr68,MODERATE,"BIT-tensorflow-2023-25667,CVE-2023-25667",CWE-190,CVSS:3.1/AV:N/AC:L/PR:N/UI:R/S:U/C:N/I:N/A:H,GHSA-fqm2-gh8w-gr68,
,lockfile,tensorflow-cpu,2.9.2,PyPI,GHSA-frqp-wp83-qggv,MODERATE,"BIT-tensorflow-2022-41910,CVE-2022-41910",CWE-125,CVSS:3.1/AV:N/AC:H/PR:L/UI:R/S:U/C:N/I:N/A:H,GHSA-frqp-wp83-qggv,
,lockfile,tensorflow-cpu,2.9.2,PyPI,GHSA-fxgc-95xx-grvq,MODERATE,"BIT-tensorflow-2023-25661,CVE-2023-25661",CWE-20,CVSS:3.1/AV:N/AC:L/PR:L/UI:N/S:U/C:N/I:N/A:H,GHSA-fxgc-95xx-grvq,
,lockfile,tensorflow-cpu,2.9.2,PyPI,GHSA-g9fm-r5mm-rf9f,MODERATE,"BIT-tensorflow-2022-41901,CVE-2022-41901","CWE-20,CWE-617",CVSS:3.1/AV:N/AC:H/PR:L/UI:R/S:U/C:N/I:N/A:H,GHSA-g9fm-r5mm-rf9f,
,lockfile,tensorflow-cpu,2.9.2,PyPI,GHSA-gf97-q72m-7579,HIGH,"BIT-tensorflow-2023-25674,CVE-2023-25674",CWE-476,CVSS:3.1/AV:N/AC:L/PR:N/UI:N/S:U/C:N/I:N/A:H,GHSA-gf97-q72m-7579,
,lockfile,tensorflow-cpu,2.9.2,PyPI,GHSA-gjh7-xx4r-x345,HIGH,"BIT-tensorflow-2023-33976,CVE-2023-33976",CWE-190,CVSS:4.0/AV:N/AC:L/AT:N/PR:N/UI:N/VC:N/VI:N/VA:H/SC:N/SI:N/SA:N,GHSA-gjh7-xx4r-x345,
,lockfile,tensorflow-cpu,2.9.2,PyPI,GHSA-gq2j-cr96-gvqx,MODERATE,"BIT-tensorflow-2022-41895,CVE-2022-41895",CWE-125,CVSS:3.1/AV:N/AC:H/PR:L/UI:R/S:U/C:N/I:N/A:H,GHSA-gq2j-cr96-gvqx,
,lockfile,tensorflow-cpu,2.9.2,PyPI,GHSA-gw97-ff7c-9v96,CRITICAL,"BIT-tensorflow-2023-25668,CVE-2023-25668","CWE-122,CWE-125",CVSS:3.1/AV:N/AC:L/PR:N/UI:N/S:U/C:H/I:H/A:H,GHSA-gw97-ff7c-9v96,
,lockfile,tensorflow-cpu,2.9.2,PyPI,GHSA-h246-cgh4-7475,MODERATE,"BIT-tensorflow-2022-41890,CVE-2022-41890",CWE-704,CVSS:3.1/AV:N/AC:H/PR:L/UI:R/S:U/C:N/I:N/A:H,GHSA-h246-cgh4-7475,
,lockfile,tensorflow-cpu,2.9.2,PyPI,GHSA-hq7g-wwwp-q46h,MODERATE,"BIT-tensorflow-2022-41898,CVE-2022-41898",CWE-20,CVSS:3.1/AV:N/AC:H/PR:L/UI:R/S:U/C:N/I:N/A:H,GHSA-hq7g-wwwp-q46h,
,lockfile,tensorflow-cpu,2.9.2,PyPI,GHSA-j5w9-hmfh-4cr6,HIGH,"BIT-tensorflow-2023-25671,CVE-2023-25671",CWE-787,CVSS:3.1/AV:N/AC:L/PR:N/UI:N/S:U/C:N/I:N/A:H,GHSA-j5w9-hmfh-4cr6,
,lockfile,tensorflow-cpu,2.9.2,PyPI,GHSA-jq6x-99hj-q636,MODERATE,"BIT-tensorflow-2022-41884,CVE-2022-41884",CWE-670,CVSS:3.1/AV:N/AC:H/PR:L/UI:R/S:U/C:N/I:N/A:H,GHSA-jq6x-99hj-q636,
,lockfile,tensorflow-cpu,2.9.2,PyPI,GHSA-mv77-9g28-cwg3,MODERATE,"BIT-tensorflow-2022-41908,CVE-2022-41908",CWE-20,CVSS:3.1/AV:N/AC:H/PR:L/UI:R/S:U/C:N/I:N/A:H,GHSA-mv77-9g28-cwg3,
,lockfile,tensorflow-cpu,2.9.2,PyPI,GHSA-pf36-r9c6-h97j,MODERATE,"BIT-tensorflow-2022-41911,CVE-2022-41911",CWE-704,CVSS:3.1/AV:N/AC:H/PR:L/UI:R/S:U/C:N/I:N/A:H,GHSA-pf36-r9c6-h97j,
,lockfile,tensorflow-cpu,2.9.2,PyPI,GHSA-qjqc-vqcf-5qvj,HIGH,"BIT-tensorflow-2023-25660,CVE-2023-25660",CWE-476,CVSS:3.1/AV:N/AC:L/PR:N/UI:N/S:U/C:N/I:N/A:H,GHSA-qjqc-vqcf-5qvj,
,lockfile,tensorflow-cpu,2.9.2,PyPI,GHSA-rcf8-g8jv-vg6p,HIGH,"BIT-tensorflow-2023-25669,CVE-2023-25669",CWE-697,CVSS:3.1/AV:N/AC:L/PR:N/UI:N/S:U/C:N/I:N/A:H,GHSA-rcf8-g8jv-vg6p,
,lockfile,tensorflow-cpu,2.9.2,PyPI,GHSA-rjx6-v474-2ch9,MODERATE,"BIT-tensorflow-2022-41909,CVE-2022-41909","CWE-20,CWE-476",CVSS:3.1/AV:N/AC:H/PR:L/UI:R/S:U/C:N/I:N/A:H,GHSA-rjx6-v474-2ch9,
,lockfile,tensorflow-cpu,2.9.2,PyPI,GHSA-rmg2-f698-wq35,MODERATE,"BIT-tensorflow-2022-41896,CVE-2022-41896","CWE-1284,CWE-20",CVSS:3.1/AV:N/AC:H/PR:L/UI:R/S:U/C:N/I:N/A:H,GHSA-rmg2-f698-wq35,
,lockfile,tensorflow-cpu,2.9.2,PyPI,GHSA-xf83-q765-xm6m,LOW,,,,GHSA-xf83-q765-xm6m,
,lockfile,tensorflow-cpu,2.9.2,PyPI,GHSA-xvwp-h6jv-7472,HIGH,"BIT-tensorflow-2022-41900,CVE-2022-41900","CWE-125,CWE-787",CVSS:3.1/AV:N/AC:H/PR:L/UI:R/S:U/C:H/I:H/A:H,GHSA-xvwp-h6jv-7472,
,lockfile,tensorflow-cpu,2.9.2,PyPI,GHSA-xxcj-rhqg-m46g,MODERATE,"BIT-tensorflow-2022-41889,CVE-2022-41889",CWE-476,CVSS:3.1/AV:L/AC:L/PR:L/UI:N/S:U/C:N/I:N/A:H,GHSA-xxcj-rhqg-m46g,
,lockfile,torchgeo,0.3.1,PyPI,GHSA-g5vp-j278-8pjh,HIGH,"CVE-2024-49048,PYSEC-2024-204",CWE-94,CVSS:3.1/AV:N/AC:H/PR:N/UI:N/S:U/C:H/I:H/A:H,"PYSEC-2024-204,GHSA-g5vp-j278-8pjh",
,lockfile,torchgeo,0.3.1,PyPI,PYSEC-2024-204,,"CVE-2024-49048,GHSA-g5vp-j278-8pjh",,CVSS:3.1/AV:N/AC:H/PR:N/UI:N/S:U/C:H/I:H/A:H,"PYSEC-2024-204,GHSA-g5vp-j278-8pjh",
,lockfile,torchgeo,0.4.1,PyPI,GHSA-g5vp-j278-8pjh,HIGH,"CVE-2024-49048,PYSEC-2024-204",CWE-94,CVSS:3.1/AV:N/AC:H/PR:N/UI:N/S:U/C:H/I:H/A:H,"PYSEC-2024-204,GHSA-g5vp-j278-8pjh",
,lockfile,torchgeo,0.4.1,PyPI,PYSEC-2024-204,,"CVE-2024-49048,GHSA-g5vp-j278-8pjh",,CVSS:3.1/AV:N/AC:H/PR:N/UI:N/S:U/C:H/I:H/A:H,"PYSEC-2024-204,GHSA-g5vp-j278-8pjh",
